Workbook

Sheet Human Details
A1: id | B1: category | C1: difficulty | D1: user_input | E1: response | F1: reference | G1: retrieved_contexts | H1: retrieved_urls | I1: retrieved_content_types | J1: faithfulness | K1: context_recall | L1: context_precision | M1: semantic_similarity | N1: context_entity_recall | O1: answer_relevancy | P1: bert_f1 | Q1: bert_precision | R1: bert_recall | S1: RR_at5 | T1: hit_at5 | U1: latency | V1: prompt_tokens | W1: completion_tokens | X1: total_tokens | Y1: reranking_tokens | Z1: context_count | AA1: response_time_seconds
A2: 1 | B2: Allgemein | C2: medium | D2: Inwiefern würde ich als Student von einem Studium an der WiSo-Fakultät profitieren? | E2: Ein Studium an der WiSo-Fakultät der Universität zu Köln bietet viele Vorteile: 1. **Umfassende Fächervielfalt**: Die WiSo-Fakultät bietet ein breites Spektrum von Fächern, sodass Sie Ihren Interessen und Fähigkeiten entsprechend wählen können. 2. **Exzellente Qualität in Lehre und Forschung**: Die WiSo-Fakultät belegt kontinuierlich Spitzenplätze in Rankings wie dem "Handelsblatt" und der "Wirtschaftswoche". 3. **Ausgezeichnete Berufs- und Weiterbildungsaussichten**: Ein erfolgreich absolviertes Bachelorstudium bietet eine gute Grundlage für Ihre berufliche Karriere oder den Zugang zum konsekutiven Master. 4. **Hervorragende Services und Betreuung**: Das WiSo-Studienberatungszentrum unterstützt Sie bei der Planung Ihres Studienverlaufs, während das WiSo-Career-Service Ihnen bei der Vorbereitung auf Ihren Berufseinstieg hilft. 5. **Engagiertes Studentenleben**: Die Universität bietet eine dynamische Atmosphäre und viele Möglichkeiten für studentisches Engagement. Die WiSo-Fakultät ist eine der renommiertesten Einrichtungen für Wirtschafts- und Sozialwissenschaften in Europa, mit einer Vielzahl von Abteilungen und akademischen Mitarbeitern. Sie bietet ein breites Spektrum an Fächern und Möglichkeiten für Auslandsaufenthalte im Rahmen verschiedener Studien- und Austauschprogramme. Die Fakultät unterhält exzellente Partnerschaften mit führenden Hochschulen auf der ganzen Welt, was es Ihnen ermöglicht, Ihre Studien- und Karriereziele zu erreichen. | F2: Als Student profitierst du von einem theorie- und methodenorientierten Studienansatz, in dem Forschung und Lehre eng mit der Praxis verzahnt sind, sowie von der ausgeprägten Praxisnähe durch die langjährige Zusammenarbeit der WiSo-Fakultät mit Unternehmen und Lehrbeauftragten aus verschiedenen Berufsfeldern. | G2: ['# Erstsemesterinformationen\n\n##### Herzlich willkommen an der WiSo-Fakultät der Universität zu Köln!\n\nWir freuen uns sehr, dass Sie sich für ein Studium bei uns an der Wirtschafts- und Sozialwissenschaftlichen (kurz: WiSo) Fakultät entschieden haben. Sie erwartet ein spannendes Studium an einer der renommiertesten Fakultäten für Wirtschafts- und Sozialwissenschaften in einer attraktiven Stadt mit sehr guten Karriere- und Berufsperspektiven.\n\n## Infos zum WiSo-Studienstart\n\n## WiSo Welcome und Vorkurse Bachelor\n\n## WiSo Master Welcome Week\n\nHI\n\nzum Seitenanfang', 'inen der bedeutendsten Wirtschaftsstandorte in Deutschland dar.\n\n## Sie interessieren sich für ein Studium an der WiSo-Fakultät?\n\nPaco, deine künstliche Intelligenz zum Studium an der WiSo-Fakultät der Universität zu Köln, beantwortet dir jederzeit alle faktenbasierten Fragen zu deinem Wunschstudiengang! - Du suchst schnelle Infos zu, Zulassungsverfahren oder allgemeinen Fragen zur Universität zu Köln?\n\nDann ist Paco genau das Richtige für dich!*\n\nUnsere WiSo-Fakultät bietet:\n\nEinzigartige Fächervielfalt\nJe nach Interesse und Fähigkeiten können Sie aus dem umfangreichen Spektrum einer der renommiertesten Wirtschafts- und Sozialwissenschaftlichen Fakultäten Deutschlands wählen.\n\nExzellente Qualität in Lehre und Forschung\nDie WiSo-Fakultät belegt kontinuierlich die vordersten Plätze in zahlreichen namhaften Rankings, z.B. im „Handelsblatt“ und in der „Wirtschaftswoche“.\n\nAusgezeichnete Berufs- und Weiterbildungsaussichten\nNutzen Sie Ihren erfolgreich absolvierten Bachelorabschluss als vielversprechenden Ausgangspunkt für Ihre berufliche Karriere oder bewerben Sie sich für den konsekutiven Master.\n\nHervorragende Services und Betreuung\nDas WiSo-Studienberatungszentrum berät Sie gerne persönlich über den Studienverlauf, der WiSo-Career-Service unterstützt Sie bei der Vorbereitung Ihres Berufseinstiegs.\n\nEngagiertes Studentenleben\nDas dynamische Campusleben und eine Vielzahl studentischer Initiativen (z.B. der internationale OFW-Kongress) ermöglichen es Ihnen, Einsatz und Engagemen', 'n und energiewirtschaftlichen Themen, die mich geprägt haben. Der Ruf und das Netzwerk der WiSo haben mir den Einstieg in den Beruf erleichtert. Die fundamentalen Fähigkeiten, die ich für meinen Beruf brauche und die mir von anspruchsvollen Lehrkräften an einer renommierten Hochschule vermittelt wurden, helfen mir bis heute. – Dr. Dirk Schmelzer, Chief Financial Officer der Scout 24 SE\n\n-\n\nIch bin stolz darauf, ein Alumnus der Wirtschafts- und Sozialwissenschaftlichen Fakultät der Universität zu Köln zu sein, an der ich ein Studium der Betriebswirtschaftslehre absolviert habe. Das Wissen, die Fähigkeiten und die Erfahrungen, die ich während meiner Zeit an der WiSo gesammelt habe, sind für meinen beruflichen Werdegang von unschätzbarem Wert gewesen. Ich empfehle ein Studium an der WiSo-Fakultät jedem, der eine umfassende Ausbildung und eine solide Grundlage für eine erfolgreiche Karriere in der Geschäftswelt sucht. – Henning Gieseke, Chief Financial Officer der Ströer Management AG\n\nHI\n\nzum Seitenanfang', 'en. Eine Orientierung zu weiteren Kosten Sie u.a. hier.\n\n## 5. Was zeichnet das Studium an der Wiso Fakultät aus?\n\nEin Studium an der WiSo-Fakultät der Universität zu Köln stellt eine hervorragende Ausgangsbasis für Ihre weiteren professionellen und persönlichen Pläne dar. Mit ca. 9.000 Studierenden und einer Vielzahl an Professuren und wissenschaftlichen Mitarbeitern ist die Fakultät eine der wissenschaftlich renommiertesten Fakultäten für Wirtschafts- und Sozialwissenschaften in Europa.\n\nEntscheidende Rankings bewerten die Qualität von Forschung und Lehre an Hochschulen und der Fakultätsentwicklung anhand verschiedener Kriterien. Die WiSo-Fakultät freut sich, ihre Position in vielen renommierten Rankings behaupten und in einigen Fällen ausbauen zu können.\n\nDie Verbindung von Forschung und Lehre, Theorie und Praxis, Wirtschafts- und Sozialwissenschaften begründet unser Leitbild: „Today\'s ideas. Tomorrow\'s impact". Innerhalb Ihres Studiums erarbeiten Sie mit Hilfe moderner Analysemethoden und Modelle neue Lösungsansätze für relevante wirtschafts- und sozialwissenschaftliche Zukunftsfragen.\n\nKöln ist nicht nur als Studienort eine attraktive Stadt. Sie ist weit über den Karneval hinaus für ihre vielfältige Kulturszene bekannt und stellt zusammen mit dem Umland einen der bedeutendsten Wirtschaftsstandorte in Deutschland dar.\n\n## Wenn Sie schon mal studiert haben\n\n## 1. Kann ich an der WiSo-Fakultät ein Studium aufnehmen, wenn ich einen gleichwertigen Studiengang bzw. eine dort v', 'herausragenden Netzwerks von Universitäten und kooperiert mit führenden Organisationen. Hierdurch haben wir eine hervorragende Reputation in Lehre, Forschung, und Praxistransfer der sich in unseren hervorragenden Rankings widerspiegelt.” Prof. Ulrich W. Thonemann, PhD Dekan der Wirtschafts- und Sozialwissenschaftlichen Fakultät © Lisa BellerZAHLEN UND FAKTEN DER WISO-FAKULTÄT Mit einem Studium an der WiSo-Fakultät der Universität zu Köln schaffen Sie sich eine hervorragende Basis für Ihren weiteren beruflichen und persönlichen Werdegang. Mit knapp 8.000 Studierenden und einer Vielzahl von Abteilungen und akademischen Mitarbeiter:innen ist die WiSo-Fakultät eine der größten und renommiertesten Einrichtungen für Management, Wirtschaft und Sozialwissenschaften in Europa. 8.735 nationale und internationale Studierende 168 Partneruniversitäten weltweit1 97 Professor:innen Über 100 Jahre an Erfahrung in exzellenter Lehre und Forschung Stand: Mai 2023 1 Die WiSo-Fakultät unterhält exzellente Partnerschaften mit 160 führenden Hochschulen auf der ganzen Welt auf verschiedenen Studienebenen und ermöglicht ihren Studierenden Auslandsaufenthalte im Rahmen verschiedener Studien- und Austauschprogramme. Die Studierenden können je nach gewähltem Studiengang aus einem attraktiven Angebot an Partnerhochschulen wählen.Im Rahmen Ihres Studiums erlernen Sie alles, was Sie für den nächsten Schritt in Ihrer Karriere benötigen. Als eine der größten Bildungseinrichtungen Deutschlands zählt die Fakul'] | H2: ['https://wiso.uni-koeln.de/de/studium/studienorganisation/erstsemester', 'https://wiso.uni-koeln.de/de/studium', 'https://wiso.uni-koeln.de/de/praxis/wisoalumni/tomorrows-impact', 'https://wiso.uni-koeln.de/de/studium/studienorganisation/faq/allgemeine-fragen', 'file://D:/Uni-Köln/Masterarbeit/Software/uzk-masterarbeit/data/pdf_cache/__wiso.uni-koeln.de_sites_fakultaet_dokumente_studium_bachelor_Broschuere-Bachelor_VWL-WiSo_Fakultaet-Uni-Koeln.pdf'] | I2: ['html', 'html', 'html', 'html', 'pdf'] | J2: 1 | K2: 1 | L2: 0.68 | M2: 0.67894446 | N2: 0.45454545 | O2: 1 | P2: 0.10237458 | Q2: -0.040825743 | R2: 0.24944803 | S2: 0 | T2: 0 | U2: 50.469219 | V2: 3217 | W2: 441 | X2: 3658 | Y2: 0 | Z2: 5 | AA2: 50.469219
A3: 8 | B3: Allgemein | C3: hard | D3: Welchen Vorteil bietet das Projekt E-PLUS? | E3: Das Projekt E-PLUS bietet verschiedene Vorteile, darunter: * Eine optimierte Lernumgebung für Studierende durch die Verwendung von e-Homework-Aufgaben * Eine erhöhte Motivation der Studierenden durch das Bonuspunktesystem * Eine verbesserte Fähigkeit der Dozenten, Aufgaben zu erstellen und zu bewerten * Eine Erweiterung des Projekts auf weitere Bachelor-Kurse und möglicherweise auch auf andere Studiengänge Das Projekt E-PLUS zielt darauf ab, die Anwendungsbereiche von Mathematik und Statistik in den Wirtschaftswissenschaften zu verbessern. | F3: Das Projekt E-PLUS bietet den Vorteil, dass durch die von den Studierenden selbst eingebrachten, individuellen Aufgaben ein breit gefächerter Aufgabenpool entsteht, aus dem viele verschieden aufgebaute E-Probe-Klausuren zum intensiven Üben generiert werden können. Die Studierenden erhalten zu ihren Bearbeitungen direktes Feedback, können ihren Lernstand dadurch gezielt reflektieren und anpassen und Lehrende erkennen typische Schwachstellen, die sie in der Präsenzveranstaltung noch einmal aufgreifen. Gleichzeitig werden die eigentlichen Klausuren als individualisierte E-Prüfungen angeboten, die zeitlich sehr flexibel abgelegt werden können, sodass sich die Klausurtermine entzerren und der Prüfungsbetrieb organisatorisch wie administrativ entlastet wird. | G3: ['t further action is necessary.\n\nThe e-homework assignment tool also uses, if available, a bonus point system, which could have a positive effect on the mark for the final examination if the assignments are completed successfully. This increases student motivation and leads to lower fail and drop-out rates.\n\nThe e-homework assignment tool will be used by and by\xa0from winter semester 2017/18 on the following bachelor courses: "Basic Module Mathematics", "Basic Module Microeconomics", "Basic Module Statistics","Advanced Module Statistics" and "Basic Module Fundamentals of Economics". In the long term, the plan is to expand the project both within the Faculty and University-wide to take in other courses in which quantitative mathematical or statistical methods are applied.\n\n## AufbaU: Tasks in Business Administration classes\n\nThe aim of the project - led by Prof. Dr. Matthias Pilz, holder of the Chair for Business and Economic Education and Training - is to optimise application-oriented learning tasks on the mass bachelor degree programme in Business Administration and to expand lecturers’ task-construction skills.\nIn contrast to pure exercises, these learning tasks not only allow students to revise and practise what they have learned in the lectures, but also to develop new competencies, based on the application of the acquired knowledge to solve real problems.\n\nAs part of this project, the first step in the 2017 summer term was to analyse the existing learning tasks in selected', 'loped project management solutions. ... apply modern methods of project planning and project execution such as agile or help-based project management systems ... apply real options thinking to determine the value of uncertain projects. ... recommend project approaches to cope with uncertainty, complexity, and human behavior while accounting for the multidimensional goals of project stakeholders 4 Teaching and Learning Methods lecture practice 5 Module Entry Requirements Recommended: at least 12 ECTS credits from the group Foundation Knowledge 6 Mode of End-Of-Module Examination Written test: PO 7 Prerequisites for Awarding of Credit Points Passing the written test. 8 Other Programmes that Use the Module Master of Science Business Administration - Supply Chain Management: Specialization Section Supply Chain Management Master of Science Mathematik: MA Business and Economics Sciences Mathematics Master of Science Economics: Supplementary Section Master of Science Wirtschaftsmathematik: MA Business and Economics Sciences Mathematics --- Page 209 --- valid for students of the ER 2015 (enrolment for winter semester 2020/21 at the latest) MODULE CATALOGUE - ECONOMICS - MASTER OF SCIENCE 205 Master of Science International Management: Core and Advanced Section International Management Supplementary Section International Management Master of Education Wirtschaftspädagogik/Lehramt an Berufskollegs: Supplementary Section Business Education Master of Science Information Systems: Suppleme', 'nt: Supplementary Section Corporate Development Master of Science Information Systems: Specialisation Section Information Systems Master of Science Business Analytics & Econometrics: Supplementar y Section Business Analytics & Econometrics Master of Education Wirtschaftspädagogik/Lehramt an Berufskollegs: Ergänzungbereich Wirtschaftspädagogik 9 Module Manager Univ. -Prof. Dr. Wolf Ketter 10 Miscellaneous --- Page 116 --- valid for students of the ER 2021 (enrolment fr om winter semester 2021/22 ) BUSINESS ADMINISTRATION : ACCOUNTING AND TAXATION - MASTER OF SCIENCE 112 SpM Information Systems II Module Code 1277MSISY2 Workload 180h ECTS Credits 6 Module Language English Module Availability every term Duration 1 Term 1 Courses a) Emerging Electronic Business b) Digital Design c) IT Entrepreneurship d) Bayesian Data Analytics Contact Hours a) 45h b) 30h c) 50h d) 45h Self-Stu- dies a) 135h b) 150h c) 130h d) 135h Course Language a) English b) English c) English d) English 2 Module Content a) Emerging Electronic Business • Current IT trends and the transformation of electronic business into ""ambient business"" in the context of networked and computerised objects and environments (Internet of Things, smart En- vironments) • Conceptual basics of relevant technologies (inclu ding sensors, RFID, telecommunication) • Design and applications of smart environments • Design of intuitive human -computer interaction (HCI) • Context awareness and context -based services • Freely offering', 'eporting. ... analyse current questions and challenges in the area of sustainability/ESG reporting. ... assess and discuss findings and research results of specialized theories / methods. ... justify and defend (independently developed) positions or problem solutions. ... critically evaluate current social developments and develop alternative solutions. 4 Teaching and Learning Methods lecture practice 5 Module Entry Requirements none 6 Mode of End-Of-Module Examination Written test: WT (60) 7 Prerequisites for Awarding of Credit Points Passing the module examination 8 Other Programmes that Use the Module Master of Science Business Administration - Supply Chain Management: Supplementary Section Supply Chain Management Master of Science Business Administration - Marketing: Supplementary Section Marketing Master of Science Business Administration - Finance: Supplementary Section Finance Master of Science Information Systems: Supplementary Section Information Systems Master of Science Business Administration - Corporate Development: Supplementary Section Corporate Development Master of Science Informatik: Anwendungsfeld Master of Science Geographie: Wahlpflichtfach Management & Social Sciences --- Page 69 --- valid for students of the ER 2015 (enrolment for winter semester 2020/21 at the latest) BUSINESS ADMINISTRATION: Finance - MASTER OF SCIENCE 65 Master of Science Economics: Supplementary Section Management & Social Sciences Master of Science Mathematik: Economics Sciences Ma', 'e practice 5 Module Entry Requirements Recommendation: The basic modules Supply Ch ain Analytics I and II should have been completed. 6 Mode of End -Of-Module Examination Written test: PO 7 Prerequisites for Awarding of Credit Points Passing the module examination 8 Other Programmes that Use the Module Master of Science Business Administration - Supply Chain Management: Specialisation Section Supply Chain Management Master of Science Economics: Supplementary Section Management & Social Sciences Master of Science Business Administration - Accounting and Taxation: Supplementary Section Accounting and Taxation Master of Science Business Administration - Finance: Supplementary Section Finance Master of Science Business Administration - Marketing: Supplementary Section Marketing Master of Science Information Systems: Suppleme ntary Section Information Systems Master of Science Business Administration - Corporate Development: --- Page 85 --- valid for students of the ER 2021 (enrolment fr om winter semester 2021/22 ) INTERNATIONAL MANAGEMENT - MASTER OF SCIENCE 85 Supplementary Section Corporate Development Master of Science International Management: Supplementary Section International Management Master of Science Mathematik: Economics Sciences Master of Science Wirtschaftsmathematik: Economics Sciences Master of Science Informatik: Anwendungsfeld Master of Education Wirtschaftspädagogik/Lehramt an Berufskollegs: Ergänzungbereich Wirtschaftspädagogik 9 Module Manager Prof. Dr. Nico'] | H3: ['https://wiso.uni-koeln.de/en/studies/teaching-innovations', 'file://D:/Uni-Köln/Masterarbeit/Software/uzk-masterarbeit/data/pdf_cache/__wiso.uni-koeln.de_sites_fakultaet_dokumente_downloads_Modulhandbuecher_Studienjahr_22-23_MHB_PO2015_m_mhb_po2015_e_economics.pdf', 'file://D:/Uni-Köln/Masterarbeit/Software/uzk-masterarbeit/data/pdf_cache/__wiso.uni-koeln.de_sites_fakultaet_dokumente_downloads_master_Studienjahr_24-25_m_mhb_po2021_e_ba_accounting.pdf', 'file://D:/Uni-Köln/Masterarbeit/Software/uzk-masterarbeit/data/pdf_cache/__wiso.uni-koeln.de_sites_fakultaet_dokumente_downloads_Modulhandbuecher_Studienjahr_22-23_MHB_PO2015_m_mhb_po2015_e_ba_finance.pdf', 'file://D:/Uni-Köln/Masterarbeit/Software/uzk-masterarbeit/data/pdf_cache/__wiso.uni-koeln.de_sites_fakultaet_dokumente_downloads_master_Studienjahr_24-25_m_mhb_po2021_e_intmanagement.pdf'] | I3: ['html', 'pdf', 'pdf', 'pdf', 'pdf'] | J3: 0 | K3: 0 | L3: 0 | M3: 0.75543241 | N3: 0 | O3: 0.25 | P3: 0.14917925 | Q3: 0.19621211 | R3: 0.099259786 | S3: 0 | T3: 0 | U3: 13.999557 | V3: 2978 | W3: 169 | X3: 3147 | Y3: 0 | Z3: 5 | AA3: 13.999557
A4: 11 | B4: Modulhandbuch/PO | C4: medium | D4: Welche Bachelorstudiengänge der WiSo-Fakultät haben ein eigenes Modulhandbuch unter PO 2021? | E4: Basierend auf den Suchergebnissen können wir folgende Bachelorstudiengänge der WiSo-Fakultät identifizieren, die ein eigenes Modulhandbuch unter PO 2021 haben: - Betriebswirtschaftslehre - Volkswirtschaftslehre - Management, Economics and Social Sciences - Sozialwissenschaften - Gesundheitsökonomie - Wirtschaftsinformatik - Lehramt am Berufskolleg I Bitte beachten Sie, dass die Modulhandbücher für das Studienjahr 2024/25 gültig sind und im Modulhandbuch-Archiv auch vergangene Studienjahre ab dem Studienjahr 2021/22 verfügbar sind. | F4: Für das Studienjahr 2025/26 gibt es unter der Bachelor PO 2021 Modulhandbücher für Betriebswirtschaftslehre, Volkswirtschaftslehre, Management, Economics and Social Sciences, Sozialwissenschaften, Gesundheitsökonomie, Wirtschaftsinformatik sowie Lehramt am Berufskolleg I. | G4: ['# Modulhandbuch-Archiv\n\nHier Sie die Modulhandbücher (MHB) aller WiSo-Studiengänge vergangener Studienjahre ab dem Studienjahr 2021/22. Bitte beachten Sie, dass diese MHB keine Gültigkeit mehr besitzen.\xa0\n\n## Inhaltsverzeichnis\n\n- Bachelor\n\n- Bachelor PO 2021\n- Bachelor PO 2015\n\xa0\n\n- Master\n\n- Master PO 2021\n- Master PO 2015\n\nAchten Sie zudem auch auf die entsprechende Prüfungsordnung (PO). Die PO 2021 gilt ab dem Studienjahr 2021/22; die PO 2015 ist für Masterstudiengänge im Studienjahr 2022/23 ausgelaufen und für Bachelorstudiengänge zum Studienjahr 2024/25.\n\n\xa0\n\nFalls Sie ein MHB aus einem anderen Studienjahr benötigen, dann können Sie sich gerne über das Kontaktformular an den WiSo Student Service Point wenden.\n\n## Bachelor PO 2021\n\n## Bachelor Modulhandbücher | gültig vom 01.10.2024-30.09.2025\n\nNachfolgend Sie für jeden Bachelorstudiengang\xa0das Modulhandbuch der Prüfungsordnung PO 2021 gültig für das Studienjahr 2024/25.\n\n- Betriebswirtschaftslehre\n- Volkswirtschaftslehre\n- Management, Economics and Social Sciences\n- Sozialwissenschaften\n- Gesundheitsökonomie\n- Wirtschaftsinformatik\n- Lehramt am Berufskolleg I\n\n## Bachelor Modulhandbücher | gültig vom 01.10.2023-30.09.2024\n\nNachfolgend Sie für jeden Bachelorstudiengang\xa0das Modulhandbuch der Prüfungsordnung PO 2021 gültig für das Studienjahr 2023/24.\n\n- Betriebswirtschaftslehre\n- Volkswirtschaftslehre\n- Management, Economics and Social Sciences\n- Sozialwissenschaften\n- Gesundheitsökonomie\n- Wirtschaftsinformatik\n- Lehramt am', 'Dokumente und Medien - Prüfungsordnung 2021\n\n# Bachelor PO 2021\n\nHier Sie alle wichtigen Dokumente, die Sie zur Orientierung und für die Organisation Ihres Studiums benötigen.\xa0\n\nGültig für Studierende der Prüfungsordnung 2021 (Einschreibung ab WiSe 2021/22).\n\nIm Modulhandbuch-Archiv Sie die Modulhandbücher vergangener Studienjahre.\n\n## Bachelor Modulhandbücher | gültig vom 01.10.2025-30.09.2026\n\nNachfolgend Sie für jeden Bachelorstudiengang\xa0das Modulhandbuch der Prüfungsordnung PO 2021 gültig ab dem 01.10.2025.\n\n- Betriebswirtschaftslehre\n- Volkswirtschaftslehre\n- Management, Economics and Social Sciences\n- Sozialwissenschaften\n- Gesundheitsökonomie\n- Wirtschaftsinformatik\n- Lehramt am Berufskolleg I\n\n## Prüfungsordnungen PO 2021\n\nIm Download-Bereich des Prüfungsamtes Sie die gemeinsame Prüfungsordnung der WiSo-Studiengänge, sowie die zusätzliche Bachelorprüfungsordnung.\n\nHI\n\nzum Seitenanfang', 'ungsmodul RE Referat FS Fallstudie SM Schwerpunktmodul HA Hausarbeit SSt Selbststudium K Kontaktzeit (= Präsenzzeit in LV) SWS Semesterwochenstunde KL Klausur SI Studium Integrale LP Leistungspunkt (engl.: CP) VN Vor- und Nachbereitungszeit LV Lehrveranstaltung WP Wahlpflichtveranstaltung MP Mündliche Prüfung WL Workload = Arbeitsaufwand --- Page 4 --- Gültig für Studierende der PO 2021 (Einschreibung ab WiSe 2021/22) MODULHANDBUCH – BETRIEBSWIRTSCHAFTSLEHRE – BACHELOR OF SCIENCE 4 Inhaltsverzeichnis 1 BETRIEBSWIRTSCHAFTSL EHRE ................................ ................................ ..... 5 1.1 Inhalte und Studienziele ................................ ................................ ........................... 5 1.2 Voraussetzungen ................................ ................................ ................................ .... 7 1.3 Studienaufbau und -abfolge ................................ ................................ .................... 7 1.4 Study Abroad Option ................................ ................................ ............................... 8 1.4.1 Das Studies Abroad Programme (STAP) der WiSo -Fakultät ................................ . 9 1.4.2 Anrechnungsmöglichkeiten Studies Abroad ................................ ......................... 10 1.5 Musterstudienpläne ................................ ................................ ................................ 10 1.6 Midterm Regelung ................................ ............', '# Modulhandbücher und Prüfungsordnung\n\nHier Sie die gültigen Modulhandbücher und Prüfungsordnungen des aktuell laufenden Studienjahres der Prüfungsordnung (PO) 2021. Im Modulhandbuch-Archiv Sie darüberhinaus die Modulhandbücher vergangener Studienjahre.\n\n## Bachelor PO 2021\n\n## Master PO 2021\n\n## Modulhandbuch-Archiv\n\nHI\n\nzum Seitenanfang', '# Modulhandbücher und Prüfungsordnung\n\nHier Sie die gültigen Modulhandbücher und Prüfungsordnungen des aktuell laufenden Studienjahres der Prüfungsordnung (PO) 2021. Im Modulhandbuch-Archiv Sie darüberhinaus die Modulhandbücher vergangener Studienjahre.\n\n## Bachelor PO 2021\n\n## Master PO 2021\n\n## Modulhandbuch-Archiv\n\nHI\n\nzum Seitenanfang'] | H4: ['https://wiso.uni-koeln.de/de/studium/modulhandbuecher-und-pruefungsordnungen/modulhandbuch-archiv', 'https://wiso.uni-koeln.de/de/studium/modulhandbuecher-und-pruefungsordnungen/bachelor-po-2021', 'file://D:/Uni-Köln/Masterarbeit/Software/uzk-masterarbeit/data/pdf_cache/__wiso.uni-koeln.de_sites_fakultaet_dokumente_downloads_Modulhandbuecher_Studienjahr_22-23_MHB_PO2021_b_mhb_po2021_bwl_01.pdf', 'https://wiso.uni-koeln.de/de/studium/modulhandbuecher-und-pruefungsordnungen', 'https://wiso.uni-koeln.de/de/studium/modulhandbuecher-und-pruefungsordnungen?Chain=&cHash=48741bdec96c2f016003263d312f4737'] | I4: ['html', 'html', 'pdf', 'html', 'html'] | J4: 1 | K4: 0.33333333 | L4: 0.325 | M4: 0.78070322 | N4: 1 | O4: 1 | P4: 0.43012413 | Q4: 0.29123804 | R4: 0.57347947 | S4: 0.5 | T4: 1 | U4: 14.705635 | V4: 2914 | W4: 206 | X4: 3120 | Y4: 0 | Z4: 5 | AA4: 14.705635
A5: 17 | B5: Bachelor-Studium | C5: easy | D5: Welche Bachelorstudiengänge bietet WiSo-Fakultät allgemein an? | E5: Die WiSo-Fakultät der Universität zu Köln bietet folgende Bachelorstudiengänge an: 1. Betriebswirtschaftslehre 2. Volkswirtschaftslehre 3. Management, Economics and Social Sciences 4. Sozialwissenschaften 5. Gesundheitsökonomie 6. Wirtschaftsinformatik 7. Lehramt Berufskolleg | F5: Die WiSo-Fakultät bietet folgende Bachelorprogramme an: Betriebswirtschaftslehre, Volkswirtschaftslehre, Sozialwissenschaften, Management, Economics & Social Sciences, Wirtschaftsinformatik, Gesundheitsökonomie sowie der Lehramts-Bachelor. | G5: ['Studiengänge an der WiSo-Fakultät\n\n# Bachelorstudiengänge\n\nSchaffen Sie sich eine exzellente Basis für Ihre weitere Karriere!\n\nEin wirtschafts- oder sozialwissenschaftlicher Bachelor-Abschluss ebnet Ihnen Ihren individuellen Karriereweg – egal, ob Sie direkt nach dem Bachelor in den Beruf einsteigen, ein Trainee-Programm absolvieren oder Sie sich für einen weiterführenden Masterstudiengang entscheiden. Sie den Bachelor-Studiengang, der zu Ihnen passt und studieren Sie an einer top-gerankten Universität in einer pulsierenden Stadt.\n\n## Inhaltsverzeichnis\n\n- Spitzenpositionen in Rankings\n- Attraktiver Standort\n- Chat with Paco\n- Unsere Bachelorstudiengänge im Überblick\n- Weitere Bachelorstudiengänge\n- Auslaufende Bachelorstudiengänge\n\n## Spitzenpositionen in Rankings\n\nDie WiSo-Fakultät kombiniert Theorie und Praxis. Die Bachelor-Studiengänge sind interdisziplinär ausgerichtet und fördern den Wissenstausch sowohl unter den Studierenden als auch zwischen den Disziplinen. Auch dank der innovativen Lehre und der exzellenten Forschung schneidet die Fakultät in nationalen als auch internationalen Hochsschulrankings bestens ab.\n\n## Attraktiver Standort\n\nKöln ist für seine Lebensfreude, Toleranz und Weltoffenheit bekannt. Die Metropolregion ist nicht nur als Wissenschaftsstandort interessant, sondern bietet Studierenden auch eine breite Palette von Kontaktmöglichkeiten zur beruflichen Praxis. Die Region Region über einen attraktiven und zukunftsfähigen Branchenmix, in dem unter anderem', '# Bachelorstudium: FAQ\n\nHier beantworten wir alle Fragen rund um die Bachelorstudiengänge der WiSo-Fakultät. Die Fragen beziehen sich einerseits auf die Aufnahme eines Studiums bei uns (Studienentscheidung, Voraussetzungen für ein Studium allgemein, Hochschulwechsel, Anrechnungsoptionen) sowie auch auf Aspekte während des Studiums (Wahl von Spezialisierungen, Anmeldung zu Prüfungen etc.)\n\nBitte wählen Sie also, ob Sie eine Frage zur Studienwahl/Bewerbung haben oder etwas zum Studium wissen wollen und klicken Sie den entsprechenden Bereich an!\n\nHI\n\nzum Seitenanfang', 'urch den Einsatz von IT zu unterstützen. Dies umfasst sowohl die Forschung und Berufswelt als auch den privaten Alltag.\n\n> Das Bachelorstudium der Wirtschaftsinformatik an der renommierten WiSo-Fakultät und am Kölner Institut für Wirtschaftsinformatik bietet eine breite Grundlagenausbildung im Zusammenspiel von Theorie und Praxis an der Schnittstelle von Wirtschaftswissenschaften und Informatik. Sie erhalten die Möglichkeit, forschungs- und anwendungsnah analytisches Strukturieren, Denken und Handeln in die Praxis umsetzen, indem Sie die erworbenen Kenntnisse und Fähigkeiten zur Lösung praktischer Problemstellungen einsetzen.\n\nzum Seitenanfang\n\nNoch unentschieden?\n\nDann lerne unsere Angebote für Studieninteressierte kennen - koordiniert vom WiSo-Student Service Point - die Dir eine individuelle Beratung bieten, die genau auf Deine Bedürfnisse zugeschnitten ist.\n\n- Orientierungs- und Beratungsangebot für Studieninteressierte\n\n## Akademische Exzellenz mit internationalem Angebot\n\n### Internationale Ausrichtung über das gesamte Studium hinweg\n\nFür den Großteil unseres Studienangebots erhalten wir Bewerbungen von einer großen Anzahl verschiedener Nationalitäten, sodass Sie sich auf ein internationales und interkulturelles Umfeld an der Fakultät und auch innerhalb Ihres Studiengangs freuen können. Eine Vielzahl der Kurse wird je nach Spezialisierung in englischer Sprache angeboten.\n\n### Optionales Auslandssemester\n\nDie WiSo-Fakultät ist Mitglied in mehreren Netzwerken', 'üssen vor dem Start des Studiums das einsemestrige Programm "Studienstart International" verpflichtend durchlaufen.\n\n##### Master\n\nMasterstudiengänge starten zum 1. Fachsemester an der Wiso-Fakultät nur zum Wintersemester. Die Bewerbung erfolgt online über KLIPS. Die Bewerbungsfristen variieren hinsichtlich der Studiengänge. Genauere Informationen zum Bewerbungsverfahren sowie einzureichende Unterlagen entnehmen Sie bitte unseren Seite zum Masterbewerbungsverfahren.\n\n## 2. Welche (grundständigen) Bachelorstudiengänge können an der WiSo-Fakultät studiert werden?\n\nAn der Wiso-Fakultät der Universität zu Köln können momentan sieben Bachelorstudiengänge studiert werden:\n\n- Betriebswirtschaftslehre\n- Volkswirtschaftslehre\n- Management, Economics and Social Sciences\n- Sozialwissenschaften\n- Gesundheitsökonomie\n- Wirtschaftsinformatik\n- Lehramt Berufskolleg\n\nAlle diese Bachelorstudiengänge (außer Lehramt BK) sind Bachelor of Science-Studiengänge und sogenannte 1-Fach-Bachelor. D.h. Sie können nicht mit anderen Studiengängen der Uni Köln kombiniert werden. Neben den Fachstudiengängen bieten wir außerdem das Bachelor of Arts-Programm "Lehramt Berufskolleg" an. Hier studieren Sie das Unterrichtsfach "Wirtschaftswissenschaften" in Kombination mit einem anderen Unterrichtsfach, welches nicht an der WiSo-Fakultät angesiedelt ist.\nNur die Bachelorstudiengänge Betriebs- und Volkswirtschaftslehre werden zum Winter- und Sommersemester angeboten, alle übrigen Bachelorstudiengänge starten nur z', "# Bachelor's programme: FAQ\n\nHere we answer all questions about the Bachelor's degree programmes of the WiSo Faculty. On the one hand, the questions relate to taking up a degree programme with us (study decision, requirements for a degree programme in general, change of university, credit transfer options) and also to aspects during the degree programme (choice of specialisations, registration for examinations, etc.).\n\nSo please choose whether you have a question about the choice of study/application or want to know something about studying and click on the corresponding area!\n\nHI\n\nTo top of page"] | H5: ['https://wiso.uni-koeln.de/de/studium/bachelor', 'https://wiso.uni-koeln.de/de/studium/studienorganisation/faq/bachelor', 'https://wiso.uni-koeln.de/de/studium/bachelor/bachelor-wirtschaftsinformatik', 'https://wiso.uni-koeln.de/de/studium/studienorganisation/faq/allgemeine-fragen', 'https://wiso.uni-koeln.de/en/studies/organising-your-studies/faq/bachelor'] | I5: ['html', 'html', 'html', 'html', 'html'] | J5: 1 | K5: 1 | L5: 0.325 | M5: 0.85747824 | N5: 1 | O5: 1 | P5: 0.59260499 | Q5: 0.53976047 | R5: 0.64456999 | S5: 1 | T5: 1 | U5: 13.274629 | V5: 3046 | W5: 132 | X5: 3178 | Y5: 0 | Z5: 5 | AA5: 13.274629
A6: 20 | B6: Bachelor-Studium | C6: hard | D6: Welche Bachelor-Verbundstudiengänge mit WiSo-Beteiligung werden angeboten? | E6: Die WiSo-Fakultät der Universität zu Köln bietet verschiedene Bachelor-Verbundstudiengänge mit Beteiligung an. Dazu gehören: * Regionalstudien China: Wahlpflichtfächer "Betriebswirtschaftslehre", "Sozialwissenschaften" und "Volkswirtschaftslehre" * Regionalstudien Lateinamerika: Wahlpflichtfächer "Sozialwissenschaften" und "Volkswirtschaftslehre" * Regionalstudien Ost- und Mitteleuropa: Wahlpflichtfächer "Sozialwissenschaften" und "Volkswirtschaftslehre" * Medienwissenschaft: Wahlpflichtfach "Medienmanagement und Medienökonomie" Darüber hinaus gibt es auch andere Studiengänge, in denen Leistungen in Neben- oder Ergänzungsfächern an der WiSo-Fakultät studiert werden dürfen. Dazu gehören: * Mathematik und Wirtschaftsmathematik (Nebenfächer "Wirtschaftswissenschaften" oder "Volkswirtschaftslehre") * Geographie (Nebenfächer "BWL", "VWL" oder "SOWI") Es ist wichtig zu beachten, dass diese Studiengänge nur zum Wintersemester starten. | F6: Es werden folgende Verbundstudiengänge der Philosophischen Fakultät angeboten: Bachelorstudiengang Regionalstudien China, Bachelorstudiengang Regionalstudien Lateinamerika, Bachelorstudiengang Regionalstudien Ost- und Mitteleuropa, Bachelorstudiengang Medienwissenschaft, Bachelorstudiengang Wirtschaftsmathematik, Bachelorstudiengang Mathematik, Bachelor Geographie, Bachelor Klinische Pflege | G6: ['nge\n\n### Bachelorstudiengänge mit WiSo-Beteiligung\n\nNeben den Bachelorstudiengängen der WiSo-Fakultät gibt es auch weitere Studiengänge mit WiSo-Beteiligung. Die WiSo-Fakultät bietet in den folgenden Verbundstudiengängen Wahlpflichtfächer an, die Studiengänge starten alle nur zum Wintersemester:\n\n## Verbundstudiengänge mit WiSo-Beteiligung (Philosophische Fakultät)\n\nFachliche Fragen zu Ihrem Wahlpflichtfach beantwortet gerne der WiSo Student Service Point. Für alle anderen Fragen wenden Sie sich bitte an das Prüfungsamt und den Studierendenservice der Philosophischen Fakultät.\n\n- Bachelorstudiengang Regionalstudien China: Wahlpflichtfächer „Betriebswirtschaftslehre“, „Sozialwissenschaften“ und „Volkswirtschaftslehre“\n- Bachelorstudiengang Regionalstudien Lateinamerika: Wahlpflichtfächer „Sozialwissenschaften“ und „Volkswirtschaftslehre“\n- Bachelorstudiengang Regionalstudien Ost- und Mitteleuropa: Wahlpflichtfächer „Sozialwissenschaften“ und „Volkswirtschaftslehre“\n- Bachelorstudiengang Medienwissenschaft: Wahlpflichtfach „Medienmanagement und Medienökonomie"\n\n\xa0\n\n## Mathematik und Wirtschaftsmathematik (Mathematisch-Naturwissenschaftliche Fakultät)\n\n- Bachelorstudiengang Wirtschaftsmathematik (Nebenfächer "Wirtschaftswissenschaften" oder "Volkswirtschaftslehre")\n- Bachelorstudiengang Mathematik (Nebenfächer "Wirtschaftswissenschaften" oder "Volkswirtschaftslehre")\n\n## Geographie (Mathematisch-Naturwissenschaftliche Fakultät)\n\nAllgemeine Informationen zum B.Sc. Geographie Sie a', '# Bachelorstudium: FAQ\n\nHier beantworten wir alle Fragen rund um die Bachelorstudiengänge der WiSo-Fakultät. Die Fragen beziehen sich einerseits auf die Aufnahme eines Studiums bei uns (Studienentscheidung, Voraussetzungen für ein Studium allgemein, Hochschulwechsel, Anrechnungsoptionen) sowie auch auf Aspekte während des Studiums (Wahl von Spezialisierungen, Anmeldung zu Prüfungen etc.)\n\nBitte wählen Sie also, ob Sie eine Frage zur Studienwahl/Bewerbung haben oder etwas zum Studium wissen wollen und klicken Sie den entsprechenden Bereich an!\n\nHI\n\nzum Seitenanfang', "# Bachelor's programme: FAQ\n\nHere we answer all questions about the Bachelor's degree programmes of the WiSo Faculty. On the one hand, the questions relate to taking up a degree programme with us (study decision, requirements for a degree programme in general, change of university, credit transfer options) and also to aspects during the degree programme (choice of specialisations, registration for examinations, etc.).\n\nSo please choose whether you have a question about the choice of study/application or want to know something about studying and click on the corresponding area!\n\nHI\n\nTo top of page", 'urch den Einsatz von IT zu unterstützen. Dies umfasst sowohl die Forschung und Berufswelt als auch den privaten Alltag.\n\n> Das Bachelorstudium der Wirtschaftsinformatik an der renommierten WiSo-Fakultät und am Kölner Institut für Wirtschaftsinformatik bietet eine breite Grundlagenausbildung im Zusammenspiel von Theorie und Praxis an der Schnittstelle von Wirtschaftswissenschaften und Informatik. Sie erhalten die Möglichkeit, forschungs- und anwendungsnah analytisches Strukturieren, Denken und Handeln in die Praxis umsetzen, indem Sie die erworbenen Kenntnisse und Fähigkeiten zur Lösung praktischer Problemstellungen einsetzen.\n\nzum Seitenanfang\n\nNoch unentschieden?\n\nDann lerne unsere Angebote für Studieninteressierte kennen - koordiniert vom WiSo-Student Service Point - die Dir eine individuelle Beratung bieten, die genau auf Deine Bedürfnisse zugeschnitten ist.\n\n- Orientierungs- und Beratungsangebot für Studieninteressierte\n\n## Akademische Exzellenz mit internationalem Angebot\n\n### Internationale Ausrichtung über das gesamte Studium hinweg\n\nFür den Großteil unseres Studienangebots erhalten wir Bewerbungen von einer großen Anzahl verschiedener Nationalitäten, sodass Sie sich auf ein internationales und interkulturelles Umfeld an der Fakultät und auch innerhalb Ihres Studiengangs freuen können. Eine Vielzahl der Kurse wird je nach Spezialisierung in englischer Sprache angeboten.\n\n### Optionales Auslandssemester\n\nDie WiSo-Fakultät ist Mitglied in mehreren Netzwerken', 'chtsfach "Wirtschaftswissenschaften" in Kombination mit einem anderen Unterrichtsfach, welches nicht an der WiSo-Fakultät angesiedelt ist.\nNur die Bachelorstudiengänge Betriebs- und Volkswirtschaftslehre werden zum Winter- und Sommersemester angeboten, alle übrigen Bachelorstudiengänge starten nur zum Wintersemester.\n\nDie Philosophische Fakultät bietet folgende Verbundstudiengänge an, die ein wirtschafts- und sozialwissenschaftliches Wahlpflichtfach umfassen, welches dann an der WiSo-Fakultät verortet ist:\n\n- Medienwissenschaften\n- Regionalstudien China\n- Regionalstudien Ost- und Mitteleuropa\n- Regionalstudien Lateinamerika\n\nZudem gibt es noch einige andere Studiengänge, in denen in verschiedenem Umfang Leistungen in Neben- oder Ergänzungsfächern an der WiSo-Fakultät studiert werden dürfen.\nAn der Mathematisch-Naturwissenschaftlichen Fakultät sind das:\n\n- Mathematik und Wirtschaftsmathe (Nebenfächer Wirtschaftswissenschaften oder VWL)\n- Geographie (Nebenfächer BWL, VWL oder SOWI)\n\nAn der Humanwissenschaftlichen Fakultät ist das der Studiengang:\n\n- Psychologie (Interdisziplinäre Vernetzung BWL oder VWL oder Sozialwissenschaften)\n\n## 3. Welche Masterstudiengänge können an der WiSo-Fakultät studiert werden?\n\nFolgenden Masterstudiengänge werden an der WiSo-Fakultät angeboten:\n\n- Business Administration (mit 5 verschiedenen Spezialisierungen)\n- International Management (CEMS MIM)\n- Business Analytics and Econometrics\n- Economics\n- Economic Research\n- Politikwissenschaft\n- Sociolog'] | H6: ['https://wiso.uni-koeln.de/de/studium/bachelor', 'https://wiso.uni-koeln.de/de/studium/studienorganisation/faq/bachelor', 'https://wiso.uni-koeln.de/en/studies/organising-your-studies/faq/bachelor', 'https://wiso.uni-koeln.de/de/studium/bachelor/bachelor-wirtschaftsinformatik', 'https://wiso.uni-koeln.de/de/studium/studienorganisation/faq/allgemeine-fragen'] | I6: ['html', 'html', 'html', 'html', 'html'] | J6: 1 | K6: =6/7 -> 0.85714286 | L6: 0.7 | M6: 0.66610816 | N6: =6/7 -> 0.85714286 | O6: 1 | P6: 0.14522821 | Q6: -0.065234184 | R6: 0.36939746 | S6: 1 | T6: 1 | U6: 20.277224 | V6: 3098 | W6: 330 | X6: 3428 | Y6: 0 | Z6: 5 | AA6: 20.277224
A7: 30 | B7: Bachelor-Studium | C7: easy | D7: Wo finden internationale Studieninteressierte Informationen zum Bewerbungsverfahren für einen WiSo-Bachelor? | E7: Die Bewerbung für einen WiSo-Bachelor als internationaler Studieninteressierter kann wie folgt erfolgen: 1. Besuchen Sie die Website der Universität zu Köln und navigieren Sie zur Fakultät für Wirtschafts- und Sozialwissenschaften (WiSo). 2. Klicken Sie auf "Bewerbung" oder "Studieninteressierte" und wählen Sie den Bachelor-Studiengang aus, für den Sie sich interessieren. 3. Lesen Sie die Informationen zum Bewerbungsverfahren und den Anforderungen sorgfältig durch. 4. Füllen Sie das Online-Bewerbungsformular aus und laden Sie alle erforderlichen Dokumente hoch. Es ist ratsam, vor der Bewerbung die Website der Universität zu Köln und der WiSo-Fakultät regelmäßig zu besuchen, um sicherzustellen, dass Sie die aktuellsten Informationen haben. | F7: Internationale Studieninteressierte sollen sich vor der Bewerbung beim International Office der Universität zu Köln über das Bewerbungsverfahren informieren. Der Link zum International Office ist auf der WiSo-Bachelor-Bewerbungsseite hinterlegt. | G7: ['# Bewerbung\n\nSie interessieren sich für unsere Bachelor- oder Masterprogramme, oder möchten an der WiSo-Fakultät promovieren? Auf den folgenden Seiten Sie Informationen rund um das Thema Bewerbung. Klicken Sie auf den Bereich, der Sie interessiert.\n\n## Bachelor\n\n## Master\n\n## Promotion\n\nHI\n\nzum Seitenanfang', "offered at the WiSo-Faculty via these links:\nBachelor's programme\nMaster's programme\n\n> The inter-, multi- and trans-disciplinary approach of the WiSo Faculty is deeply embedded in all our programmes. The wide range of subjects offers every student the opportunity to define their career direction. The international and intercultural environment is ideal for your professional and personal development.\n\nHI\n\nTo top of page", 'serer internationalen Fakultätsmitglieder integrieren wir gezielt englischsprachige Kursangebote in unsere Bachelor-Studiengänge und stärken Ihre internationale Kommunikationsfähigkeit in Fachfragen in einer Disziplin, deren Fachsprache Englisch ist. Englischsprachige Angebote sind gleichzeitig auch besonders attraktiv für Incoming-Studierende aus dem Ausland. Gemeinsame Kursbesuche mit Incomings eröffnen Ihnen vor Ort die Möglichkeit, sich mit unseren internationalen Studierenden bekannt zu machen.\n\n### Englischsprachige Fachliteratur\n\nIhre Englischkenntnisse, die Sie zum Studium mitbringen, sind äußerst nützlich, um englischsprachige Lehrbuch- und Fachliteratur zu lesen. Aktuelle Forschungsergebnisse werden in der Regel in englischer Sprache publiziert und sollen von den Bachelorstudierenden in Seminaren und Projekten verarbeitet werden. Das Studium wird in ausgewählten Bereichen, jedoch nicht zur Gänze, in englischer Sprache abgelegt.\n\n### Optionales Auslandssemester\n\nDie WiSo-Fakultät ist Mitglied in mehreren Netzwerken internationaler Universitäten, was Ihnen dabei hilft, ein Semester an einer der über 80 renommierten Partnerhochschulen im Ausland mit einem Kursangebot in Volkswirtschaftslehre zu verbringen. Das Programm ist so konzipiert, dass Sie im vierten oder fünften Semester ein Auslandssemester absolvieren können. Wir beraten Sie gerne über Ihre Möglichkeiten und unterstützen Sie organisatorisch vor, während und nach Ihrem Auslandsaufenthalt.\n\n### Eine internation', 'cal problems.\n\nTo top of page\n\nStill undecided?\n\nThen get to know our offers for prospective students, which are coordinated by the WiSo Student Service Point and will provide you with individual advice tailored precisely to your needs.\n\n- Orientation and counselling services for prospective students\n\n## Academic excellence meets international scope\n\n### International orientation throughout the entire course of study\n\nWe receive applications from a large number of different nationalities for the majority of our degree programmes, so a large international and intercultural environment exists both at the faculty and within your degree programme. A large number of courses are therefore offered in English, depending on the specialisation. \xa0\xa0\xa0\n\n### Optional semester abroad\n\nThe WiSo Faculty is a member of several networks of international universities, which assists you in spending a semester abroad at a renowned partner university. The programme is designed so that you can spend a semester abroad in your fourth or fifth semester. We are happy to advise you on your options and provide you with organisational support before, during and after your exchange. \xa0\xa0 \xa0\xa0\xa0 \xa0\xa0\xa0 \xa0\xa0\xa0 \xa0\n\n### An opportunity for global networking\n\nWith its balanced theoretical and practical approach, the degree programme prepares you for entry into internationally oriented professions and enables you to work in an international environment. Additionally, the WiSo Faculty has a broad alumni network of former studen', 'in ein Postgraduierten-Programm (Ph.D.).\n\nGleichzeitig ist der Master-of-Science-Abschluss natürlich eine hervorragende Basis für die Bewerbung für Graduiertenstudiengänge an anderen nationalen und internationalen Universitäten.\n\nzum Seitenanfang\n\n##### .\n\n## Bewerbung\n\n\xa0\n\nAlle Infos zur Masterbewerbung an der WiSo-Fakultät.\n\n##### ...\n\n## Weitere Informationen und Kontakt\n\nWir unterstützen Sie gerne bei Ihren Ambitionen:\n\nBei Interesse oder Fragen zu unseren WiSo-Studiengängen helfen die Studienberater:innen im WiSo Student Service Point gerne weiter:\n\n- WiSo Student Service Point - Hotline: +49 (0) 221/470-8818\n- www.wiso-studentservice.uni-koeln.de\n\nzum Seitenanfang\n\nHI\n\nzum Seitenanfang'] | H7: ['https://wiso.uni-koeln.de/de/studium/bewerbung', 'https://wiso.uni-koeln.de/en/studies/application/studying-at-the-wiso-faculty', 'https://wiso.uni-koeln.de/de/studium/bachelor/bachelor-vwl', 'https://wiso.uni-koeln.de/en/studies/bachelor/information-systems', 'https://wiso.uni-koeln.de/de/studium/master/master-business-administration/corporate-development'] | I7: ['html', 'html', 'html', 'html', 'html'] | J7: 0 | K7: 0 | L7: 0 | M7: 0.81118953 | N7: 0 | O7: 0.25 | P7: 0.243762 | Q7: 0.061681412 | R7: 0.43517283 | S7: 0 | T7: 0 | U7: 16.67166 | V7: 2555 | W7: 244 | X7: 2799 | Y7: 0 | Z7: 5 | AA7: 16.67166
A8: 33 | B8: Studiengang spezifisch | C8: easy | D8: Welche Bewerbungsfrist gilt für den Master Studiengang Information Systems? | E8: Die Bewerbungsfrist für den Master Studiengang Information Systems ist der 15. Juni. | F8: Für den Masterstudiengang Information Systems gilt eine Bewerbungsfrist bis zum 15. Juni | G8: ['Master of Science\n\n# Master Information Systems\n\nDoppelqualifikation in Betriebswirtschaftslehre und Informatik\n\nDiese Website wird derzeit bis voraussichtlich Dezember für das Bewerbungsverfahren 2026 überarbeitet.\xa0\n\nWenn Sie sich\xa0über spezifische Details in dem\xa0Masterstudiengang Information Systems informieren möchten, klicken Sie bitte\xa0hier.\n\n## Informationen zur Bewerbung\n\n## Bewerbungsfrist\n\nAb Mitte April bis zum 15. Juni bewerben Sie sich ausschließlich online über das Campusmanagement System\xa0KLIPS.\n\n- Alle fachlichen und sprachlichen Anforderungen müssen zum Zeitpunkt der Bewerbung erfüllt sein.\n- Alle erforderlichen Unterlagen müssen zum Zeitpunkt der Bewerbung eingereicht werden.\n- Nachgereichte Unterlagen nach Ablauf der Bewerbungsfrist werden nicht akzeptiert.\n\n## Fachliche Anforderungen\n\nUm am Auswahlverfahren teilzunehmen, müssen folgende fachliche Anforderungen erfüllt sein:\n\nAbgeschlossenes Bachelorstudium\nAbgeschlossenes Bachelorstudium, das dem ausgewählten Masterstudium fachlich entspricht.\n\nBei nicht abgeschlossenem Bachelorstudium müssen mindestens 80% der zu erwerbenden Leistungspunkte erfolgreich erbracht sein. Die noch ausstehenden Leistungen sind bis spätestens 30. September zu absolvieren.\n\nBachelornote keine Mindestnote\n\nfachliche Zugangsvoraussetzungen\n\nHinweise zur Einordnung der Kurse\n\n1. mindestens 20 ECTS aus dem Fachgebiet Information Systems bzw. Wirtschaftsinformatik\n2. mindestens 30 ECTS aus dem Fachgebiet Wirtschaftswissenschaften\n3. minde', "Master of Science\n\n# Master Information Systems\n\nDouble Qualification in Business Studies and Computer Science\n\nThis website is currently being revised for the 2026 application process and is expected to be completed in December.\n\nIf you would like to find out more about the specific details of the master's programme Information Systems, please click here.\n\n## Application information\n\n## Application deadline\n\nFrom mid-April until 15 June, you apply exclusively online via the campus management system\xa0KLIPS.\n\n- At the time of application, all subject and language requirements must be met.\n- At the time of application, all documents must be provided in either German or in English.\n- Documents submitted after the application deadline will not be accepted.\n\n## Subject-related requirements\n\nTo take part in the selection procedure, the subject-related admission requirements must be met:\n\nCompleted bachelor's degree\nCompleted Bachelor's degree programme that corresponds to the subject of the selected Master's degree programme.\n\nIf you have not completed your bachelor's degree, at least 80% of the credit points to be earned must be completed. The pending examinations must be completed by 30 September at the latest.\n\nBachelor's grade no minimum grade required\n\nSubject-related requirements\n\nspecifications on the allocation of courses to the subject areas\n\n1. at least\xa020 ECTS credits in the field of Infomation Systems\n2. at\xa0least 30 ECTS credits in\xa0the field of Business Administration an", 'Master of Science\n\n# Master International Management (CEMS MIM)\n\nDer Schlüssel für Ihre zukünftige Karriere in einem globalen Arbeitsumfeld\n\nDiese Website wird derzeit bis voraussichtlich Dezember für das Bewerbungsverfahren 2026 überarbeitet.\xa0\n\nWenn Sie\xa0sich über spezifische Details in dem Masterstudiengang International Management (CEMS MIM) informieren möchten, klicken Sie bitte\xa0hier.\n\n## Informationen zur Bewerbung\n\n## Bewerbungsfrist\n\nAb Mitte Januar bis zum 31. März bewerben Sie sich ausschließlich online über das Campusmanagement System\xa0KLIPS.\n\n- Alle fachlichen und sprachlichen Anforderungen müssen zum Zeitpunkt der Bewerbung erfüllt sein.\n- Alle erforderlichen Unterlagen müssen zum Zeitpunkt der Bewerbung eingereicht werden.\n- Nachgereichte Unterlagen nach Ablauf der Bewerbungsfrist werden nicht akzeptiert.\n\n## Fachliche Anforderungen\n\nUm am Auswahlverfahren teilzunehmen, müssen folgende fachliche Anforderungen erfüllt sein:\n\nAbgeschlossenes Bachelorstudium\nAbgeschlossenes Bachelorstudium, das dem ausgewählten Masterstudium fachlich entspricht.\n\nBei nicht abgeschlossenem Bachelorstudium müssen mindestens 70 % der zu erwerbenden Leistungspunkte erfolgreich erbracht sein. Die noch ausstehenden Leistungen sind bis spätestens 30. September zu absolvieren.\n\nBachelornote mindestens 2,5\n\nfachliche Zugangsvoraussetzungen\n\nHinweise zur Einordnung der Kurse\n\n1. mindestens 48 ECTS aus dem Fachgebiet Betriebswirtschaftslehre\n2. mindestens 10 ECTS aus dem Fachgebiet Volkswirtscha', "Master of Science\n\n# Master International Management (CEMS MIM)\n\nThe key to your future career in a global business environment\n\nThis website is currently being revised for the 2026 application process and is expected to be completed in December.\n\nIf you would like to find out more about the specific details of the master's programme International Management (CEMS MIM), please click here.\n\n## Application information\n\n## Application deadline\n\nFrom mid-January until 31 March, you apply exclusively online via the campus management system\xa0KLIPS.\n\n- At the time of application, all subject and language requirements must be met.\n- At the time of application, all documents must be provided in either German or in English.\n- Documents submitted after the application deadline will not be accepted.\n\n## Subject-related requirements\n\nTo take part in the selection procedure, the subject-related admission requirements must be met:\n\nCompleted bachelor's degree\nCompleted Bachelor's degree programme that corresponds to the subject of the selected Master's degree programme.\n\nIf you have not completed your bachelor's degree, at least 70% of the credit points to be earned must be completed. The pending examinations must be completed by 30 September at the latest.\n\nBachelor's grade at least 2.5 (German grading system)\n\nSubject-related requirements\n\nspecifications on the allocation of courses to the subject areas\n\n1. at least 48 ECTS in the field of Business Administration/ Management\n2. at least 10", 'Master of Science\n\n# Master Information Systems\n\nDoppelqualifikation in Betriebswirtschaftslehre und Informatik\n\n## Inhaltsverzeichnis\n\n- Überblick\n- Ihre Vorteile auf einen Blick\n- Für wen ist das Programm geeignet?\n- Programmübersicht\n- Akademische Exzellenz mit internationalem Angebot\n- Karrieremöglichkeiten\n- Bewerbung\n- Weitere Informationen und Kontakt\n\nWenn Sie bereits den Masterstudiengang Information Systems absolvieren und sich über spezifische Details informieren möchten, besuchen Sie bitte die Seite zum Studienaufbau.\n\n## Überblick\n\nAbschluss: Master of Science\n\nDauer 4 Semester, Vollzeit\n\nCredits: 120 ECTS\n\nSprache: Englisch und Deutsch (in ausgewählten Kursen)\n\nInhalt: Interdisziplinäre Disziplin der Betriebswirtschaftslehre und Informatik, die sich mit der Konzeption, Entwicklung und Anwendung von Informationssystemen in Wirtschaft, Verwaltung und zunehmend auch im privaten Bereich beschäftigt.\n\nInternational: Auslandssemester, Summer School (optional)\n\nBewerbungsfrist: 15.06.\n\n## Master-Virtueller Infotag\n\nBitte HIER ANMELDEN, um am virtuellen Master-Infotag teilzunehmen. Nutzen Sie die Gelegenheit, mehr über die WiSo-Fakultät zu erfahren, die Studienprogramme zu erkunden und wertvolle Einblicke von Professor:innen, aktuellen Studierenden und Alumni zu gewinnen.\n\n## Ihre Vorteile auf einen Blick:\n\n- theoretische und methodische Grundlagen für die Auseinandersetzung mit zentralen Themen wie Data Science, digitale Transformation und Innovation, Prozesse und Gesc'] | H8: ['https://wiso.uni-koeln.de/de/studium/bewerbung/master/master-information-systems', 'https://wiso.uni-koeln.de/en/studies/application/master/master-information-systems', 'https://wiso.uni-koeln.de/de/studium/bewerbung/master/master-international-management-cems-mim', 'https://wiso.uni-koeln.de/en/studies/application/master/master-international-management-cems-mim', 'https://wiso.uni-koeln.de/de/studium/master/master-information-systems'] | I8: ['html', 'html', 'html', 'html', 'html'] | J8: 1 | K8: 1 | L8: 0.87 | M8: 0.97693004 | N8: 1 | O8: 1 | P8: 0.7211951 | Q8: 0.72738326 | R8: 0.71378559 | S8: 0.2 | T8: 1 | U8: 7.8358102 | V8: 3332 | W8: 50 | X8: 3382 | Y8: 0 | Z8: 5 | AA8: 7.8358102
A9: 34 | B9: Studiengang spezifisch | C9: medium | D9: Welche zentralen Kompetenzen und Themen werden für den Master Information Systems an der WiSo-Köln hervorgehoben? | E9: Basierend auf den Suchergebnissen kann ich sagen, dass die zentralen Kompetenzen und Themen für den Master Information Systems an der WiSo-Köln wie folgt sind: 1. **Globale Strategie**: Die Studierenden sollen in der Lage sein, die internationale Geschäftswelt zu verstehen und erfolgreich zu handhaben. 2. **Globale Führungskraft**: Die Studierenden sollen mit dem Wissen und den Fähigkeiten ausgestattet werden, Menschen über Grenzen hinweg und in multinationalen Teams zu führen. 3. **Unternehmensprojekte**: Die Studierenden sollen die Möglichkeit haben, Theorie und Praxis in kulturell diversen Teams zu integrieren und Unternehmensproblematiken in allen Bereichen zu behandeln. Darüber hinaus bietet der Master in Information Systems an der WiSo-Köln eine exzellente Vielfalt an Wahlmodulen aus den Bereichen Betriebswirtschaft, Volkswirtschaft, Politikwissenschaft, Psychologie und Soziologie. Der Master ist auch eine gute Basis für die Bewerbung auf Graduiertenstudiengänge an anderen nationalen und internationalen Universitäten. Ich hoffe, diese Informationen helfen dir weiter! Wenn du weitere Fragen hast, stehe ich gerne zur Verfügung. | F9: Im Master Information Systems erwirbst du theoretische und methodische Grundlagen, um zentrale Themen wie Data Science, digitale Transformation und Innovation, Prozesse und Geschäftsmodelle sowie Lösungen für eine nachhaltige Gesellschaft zu bearbeiten. Gleichzeitig wirst du im interdisziplinären Bereich der Wirtschaftsinformatik ausgebildet und erwirbst die auf dem Arbeitsmarkt gefragte Schlüsselfähigkeit, Betriebswirtschaft und Informatik miteinander zu verbinden. | G9: ["cellent training in research methods is one of the strong points of the Cologne Master in Political Science.\n\n##### .\n\n## Application\n\n\xa0\n\nAll information about the Master's application at the WiSo Faculty.\n\n## Detailed information and contact\n\nWe are happy to support you in your ambitions:\n\nIf you are interested in or have questions about our WiSo degree programmes, the student advisors at the\xa0WiSo Student Service Point\xa0 will be happy to help:\n\n- WiSo Student Service Point hotline: +49 (0) 221/470-8818\n- www.wiso-studentservice.uni-koeln.de\n\nHI\n\nTo top of page", 'Master of Science\n\n# Master International Management (CEMS MIM)\n\n## Programmstruktur und Organisation\n\nHier Sie detaillierte Informationen zum Aufbau des Master-Studiengangs und hilfreiche Links zur Organisation Ihres Master-Studiums.\n\nvergrößern: Curriculum Master International Management (CEMS MIM) der WiSo-Fakultät\n\nDiese tabellarische Übersicht Sie auch im aktuellen Modulhandbuch für den Master of Science International Management (CEMS MIM).\n\n## Spezialisierung\n\nIm Kern des Studiums be sich drei inhaltsorientierte Elemente: Globale Strategie, globale Führungskraft und Unternehmensprojekte mit Unternehmens- und sozialen Partner*innen.\n\n- Globale Strategie befähigt die Studierenden die internationale Geschäftswelt zu verstehen und erfolgreich zu handhaben.\n- Globale Führungskraft stattet die Studierenden mit dem Wissen und den Fähigkeiten aus, Menschen über Grenzen hinweg und in multinationalen Teams zu führen, und schafft so kulturell versierte Individuen, die Einfühlungsvermögen zeigen und mit verschiedenen Kulturen in Beziehung treten und interagieren können.\n- Abschließend, Unternehmensprojekte, die mit Unternehmens- und sozialen Partner*innen durchgeführt werden, ermöglichen es den Studierenden Theorie und Praxis in kulturell diversen Teams zu integrieren, während Sie Unternehmensproblematiken in allen Bereichen behandeln.\n\nAußerhalb der Kernelemente bietet der CEMS MIM an der Universität zu Köln eine exzellente Vielfalt an Wahlmodulen aus den Bereichen Betriebswirtsch', 'ergebnissen die Möglichkeit für ein Promotions-Aufbaustudium (Ph.D.).\n\nGleichzeitig ist der Master in Information Systems natürlich eine hervorragende Basis für die Bewerbung auf Graduiertenstudiengänge an anderen nationalen und internationalen Universitäten.\n\n\xa0\n\n##### .\n\n## Bewerbung\n\n\xa0\n\nAlle Infos zur Masterbewerbung an der WiSo-Fakultät.\n\n## Weitere Informationen und Kontakt\n\nWir unterstützen Sie gerne bei Ihren Ambitionen:\n\nBei Interesse oder Fragen zu unseren WiSo-Studiengängen helfen die Studienberater:innen im WiSo Student Service Point gerne weiter:\n\n- WiSo Student Service Point Hotline: +49 (0) 221/470-8818\n- www.wiso-studentservice.uni-koeln.de\n\nHI\n\nzum Seitenanfang', "Master of Science\n\n# Master International Management (CEMS MIM)\n\n## Programme Structure and Organisation\n\nHere you will find detailed information on the structure of the Master's programme and helpful links to organise your studies.\n\nexpand: Curriculum Master International Management (CEMS MIM) of the WiSo faculty\n\nYou can also find this tabular overview in the current Module Catalogue for the Master of Science International Management (CEMS MIM).\n\n## Specialisation\n\nAt the core of the programme are three content elements: Global Strategy, Global Leadership and Business Projects with corporate and social partners.\n\n- Global Strategy enables students to understand and navigate the international business environment.\n- Global Leadership equips students with the knowledge and skills to manage people across borders and within multinational teams, creating culturally savvy individuals that show empathy and can relate to and interact with different cultures.\n- Finally, the Business Projects, conducted with corporate and social partners, allow students to integrate theory and practice in culturally diverse teams, while tackling real business issues across a wide range of fields.\n\nOutside of these core elements, the CEMS MIM at the University of Cologne offers an unexcelled variety of electives across business administration, economics, political science, psychology and sociology. Further modules include an international internship, an international academic exchange and the training", 'rozess. Zudem organisiert der WiSo-Career -Service Seminare, Vorträge und zielgerichtete Angebote in Kooperation mit Arbeitgeber /innen , exter- nen und internen Expert/innen und bietet gemeinsam mit den fakultäts - und universitätsinter- nen Partner /innen bei der Berufsfindungsphase Unterstützung und gezi elte Hilfestellung an. Kurse zu Standardsoftware und fachspezifischen Programme bietet der WiSo -IT-Service regelmäßig an. Bei studienbedingten oder persönlichen Schwierigkeiten kan n die Psycho -Soziale Beratung des Kölner Studier endenwerks in Anspruch genommen werden. Sie bietet neben der psy- --- Page 14 --- Gültig für Studierende der PO 2021 (Einschreibung ab WiSe 2021/22) INTERNATIONAL MANAGEMENT - MASTER OF SCIENCE 10 chologischen und der Sozialberatung auch eine Schreib- sowie Lernberatung und Unterstüt- zung für Schwangere und Studierende mit Kind. Als weiteres Angebot gibt es die Nightline Köln, das Zuhör - und Informationstelefon von Studierenden für Studierende. Es ist ein Angebot an alle Studierenden der Kölner Universitä- ten und Hochschulen. Die Fachschaft WiSo ist die Interessensvertretung aller Studierenden der WiSo-Fakultät. Neben Beratungen von Studierenden für Studierende bietet sie außerdem vielfältige Ser-vices rund um das Studium an. Weitere Informationen finden sich unter wiso-buero.uni- koeln.de. --- Page 15 --- Gültig für Studierende der PO 2021 (Einschreibung ab WiSe 2021/22) INTERNATIONAL MANAGEMENT - MASTER OF SCIENCE 11 3 Modultabellen und Mod'] | H9: ['https://wiso.uni-koeln.de/en/studies/master/master-political-science', 'https://wiso.uni-koeln.de/de/studium/master/master-international-management-cems-mim/studienaufbau', 'https://wiso.uni-koeln.de/de/studium/master/master-information-systems', 'https://wiso.uni-koeln.de/en/studies/master/master-international-management-cems-mim/programme-structure-cems-mim', 'file://D:/Uni-Köln/Masterarbeit/Software/uzk-masterarbeit/data/pdf_cache/__wiso.uni-koeln.de_sites_fakultaet_dokumente_downloads_Modulhandbuecher_Studienjahr_22-23_MHB_PO2021_m_mhb_po2021_intmanagement.pdf'] | I9: ['html', 'html', 'html', 'html', 'pdf'] | J9: 0.1 | K9: 0 | L9: 0 | M9: 0.69279487 | N9: 0 | O9: 0.25 | P9: 0.12965009 | Q9: 0.012952046 | R9: 0.24758573 | S9: 0.33333333 | T9: 1 | U9: 21.815482 | V9: 2946 | W9: 324 | X9: 3270 | Y9: 0 | Z9: 5 | AA9: 21.815482
A10: 64 | B10: FAQ | C10: medium | D10: Mein Abiturschnitt erfüllt nicht den NC vom letzten Bewerbungsverfahren für einen WiSo-Bachelorstudiengang. Macht eine Bewerbung trotzdem Sinn? | E10: Es tut mir leid, aber ich kann keine Antwort finden, die direkt auf deine Frage "Macht eine Bewerbung trotzdem Sinn, wenn mein Abiturschnitt nicht den NC vom letzten Bewerbungsverfahren für einen WiSo-Bachelorstudiengang erfüllt?" passt. Ich empfehle dir jedoch, dich an die Studienberatung der Universität zu wenden. Sie können dir genauere Informationen geben und dir helfen, deine Chancen auf Zulassung besser einzuschätzen. | F10: Ja, eine Bewerbung kann sich trotzdem lohnen. Die Bachelorstudiengänge an der WiSo-Fakultät sind zwar alle zulassungsbeschränkt, aber der NC entsteht in jedem Verfahren neu. 80 % der Studienplätze werden über die Hochschulquote der Universität zu Köln und 20 % über die Abiturbestennote vergeben. Zusätzlich können bis zu sechs Wartesemester berücksichtigt werden. Informationen zum örtlichen Auswahlverfahren findest du beim Studierendensekretariat, Ausnahmen sind nur über Sonder- oder Härtefallanträge möglich. Die NC-Werte der vergangenen Jahre sind für zukünftige Verfahren nicht verbindlich, erfahrungsgemäß bewegen sie sich aber in einem ähnlichen Bereich. Grundsätzlich empfiehlt die Fakultät, sich zu bewerben, weil du nur im offiziellen Bewerbungsverfahren eine verbindliche Rückmeldung über eine Zulassung oder Ablehnung erhältst. | G10: ['en Sie sich bewerben.\n\n## 1.3 Kann ich fehlende ECTS mit meiner Bachelorarbeit ausgleichen?\n\nEs ist nicht möglich, die Bachelorarbeit zur Erfüllung der fachlichen Zugangskriterien zu verwenden.\xa0\xa0\n\n## 1.4 Ich habe mein Bachelorstudium noch nicht beendet, kann ich mich trotzdem bewerben?\n\nJa, eine Bewerbung kann auch mit einem nicht abgeschlossenem Bachelorstudium unter folgenden Bedingungen erfolgen:\n\nEs ist zu beachten, dass die jeweiligen fachlichen Zugangskriterien derjenigen Masterprogramme auf, die eine Bewerbung erfolgen soll, bereits beim Absenden der Bewerbung durch bestandene Bachelorleistungen erfüllt sein muss.\xa0\n\nDer Nachweis über die erbrachten Leistungspunkte muss durch ein Dokument ersichtlich sein. Weiterhin benötigen wir eine von der Hochschule errechnete Durchschnittsnote, in der alle bereits erfolgreich absolvierten Leistungen eingerechnet sind.\n\nFür International Management (CEMS MIM) und Economic Research:\n\nMindestens 70% der zu erwerbenden Leistungspunkte (126 von 180 ECTS) sind bereits erbracht worden. Noch ausstehende Leistungen müssen bis zum 30. September abgelegt werden.\xa0\n\nFür Business Administration, Business Analytics & Econometrics, Economics, Information Systems, Gesundheitsökonomie, Political Science, Sociology: Social and Economic Psychology, Sociology: Social Research:\n\nMindestens 80% der zu erwerbenden Leistungspunkte (144 von 180 ECTS) sind bereits erbracht worden. Noch ausstehende Leistungen müssen bis zum 30. September abgelegt werden.\xa0\n\n##', 'gilt, falls Sie eine nach der Prüfungsordnung erforderliche Prüfung endgültig nicht bestanden haben. Dies gilt entsprechend für verwandte oder vergleichbare Studiengänge. In diesen Fällen wenden Sie sich bitte vor einer Bewerbung an den Masterzulassungsausschuss. Dafür können Sie uns eine E-Mail senden. Wir leiten diese an die zuständige*n Kolleg*innen des Zulassungsausschusses weiter.\n\n## 1.9 Ich habe einen Doppelbachelorabschluss. Was muss ich beachten?\n\nEs ist ein Transcript of Records einzureichen, auf welchem alle Noten des gesamten Studiums aufgelistet sind. Falls das Studium noch nicht abgeschlossen ist, benötigen wir einen von der Hochschule ausgestellten Nachweis, aus dem die Durchschnittsnote aller bis dahin bestandene Leistungen hervorgeht.\n\n- Wurde die Leistungsübersicht von der ausländischen Hochschule ausgestellt, wird eine VPD benötigt (siehe Punkt 3 "Bewerbung über Uni-Assist").\n- Wurde die Leistungsübersicht von der deutschen Hochschule mit einer Note nach deutschem Notensystem ausgestellt, wird keine VPD benötigt.\n\n## 1.10 Welche Gründe gibt es, dass eine Bewerbung abgelehnt wird?\n\n- Die fachlichen Zugangskriterien wurden nicht erfüllt.\n- Die sprachlichen Anforderungen wurden nicht erfüllt.\n- Die Mindestnote wurde nicht erreicht.\n- Die Bewerbung ist unvollständig: falsche oder fehlende Dokumente.\n- Bei der Bewerbung wurde ein Masterabschluss als Grundlage für die Bewerbung eingereicht.\n- Keine gültige VPD\xa0(nur bei Bewerbungen mit nicht-deutschem Bachelorabs', 'Halten Sie angemessene Seitenränder (4cm links und 3cm rechts) ein. • Benutzen Sie übersichtliche Bewerbungsmappen. • Vermeiden Sie Klarsichthüllen. • Vermeiden Sie Flecken oder Eselsohren. • Verwenden Sie zum Versand einen stabilen DIN -A4-Umschlag mit kartonier tem Rücken. • Achten Sie auf eine ausreichende Frankierung. Die Initiativbewerbung Unter einer Initiativbewerbung wird das unaufgeforderte Zusenden von Bewerbungsunterlagen verstanden: Sie bewerben sich bei einem Unternehmen, ohne dass es im Vorfeld eine Ausschreibung gegeben hat. Ihre Vorteile bei einer Initiativbewerbung liegen auf der Hand: • Sie haben so gut wie keine Konkurrenz. • Ihre Bewerbung erhält angemessene Aufmerksamkeit und geht nicht in einer Flut von Bewerbungen unter. • Sie zeigen Eigenschaften, die sich ein Unternehmen wünscht: Selbstbewusstsein, Eigeninitiative und Motivation. • Sie sind nicht auf eine Stellenausschreibung festgelegt und können Formulierungen in Ihrem Anschreiben frei wählen. Bevor Sie einem Unternehmen initiativ Ihre Unterlagen zukommen lassen, nehmen Sie Kontakt zur Personalabteilung des Unternehmens auf und sondieren Sie zum einen Ihren potentiellen Ansprechpartner und zum anderen den derzeitigen Personalbedarf des Unternehmens. Auf diesem Wege schließen Sie aus, dass Ihre Init iativbewerbung unerwünscht ist. Inhaltlich unterscheidet sich die Initiativbewerbung kaum von einer normalen Bewerbung, außer dass in einer Initiativbewerbung die Motivation, gerade bei dem ausgewählten', 'isse haben Sie, die für die angestrebte Tätigkeit von Vorteil s ind? Wie können Sie Ihre Ressourcen gewinnbringend einsetzen? Fach- und Methodenkompetenz: Welchen Nutzen hat das Unternehmen bezüglich Ihrer Fachkenntnisse? ACHTUNG: Eine dritte Seite ist unter Personalverantwortlichen bekannt, jedoch nicht gleichermaßen geschätzt. Überlegen Sie sich, ob Ihre Bewerbung ohne eine „Dritte Seite“ auskommt. Nur um der „Dritten Seite“ Willen lohnt es sich nicht, diese einzufügen. Der ursprüngliche Sinn, sich von anderen Bewerbern mit Hilfe dieser Seite abzuheben, ist nicht mehr gegeben, da die „Dritte Seite“ in Bewerbungsmappen weit verbreitet ist. Hilfreich kann eine „Dritte Seite“ für folgende Personenkreise sein: • Auszubildende: Diese können auf der Extraseite schildern, welche Erfahrungen ihnen gezeigt haben, dass der anvi sierte Ausbildungsberuf der Richtige ist. Zukünftige Azubis können von ihren Erfahrungen/ Praktika außerhalb der Schule berichten. Diese „Dritte Seite“ ist ein Motivationsschreiben. • Führungskräfte: Diese können auf der „Dritten Seite“ ihre Tätigkeiten umreißen, um ihren Lebenslauf nicht hoffnungslos zu überladen. Punkte wie Verantwortungsbereiche, Kernaufgaben und Projekte in denen sie mitgewirkt haben, werden stichpunktartig genannt. Diese „Dritte Seite“ ist eine Art „Tätigkeitsbilanz“ oder „Leistungsbilanz“. • Menschen mit einem Zickzack -Lebenslauf: Diesen hilft die „Dritte Seite“, einen roten Faden in das Durcheinander zu bringen. Sie können aus allen Tä', 'e chair of the relevant examination board may, for valid reasons, refrain from --- Page 26 --- 28 grading the examination performance as ‘unsatisfactory (5.0)’ or ‘fail’. 2The reasons put forward for the default or withdrawal must be reported and substantiated immediately to the chair of the relevant examination committee in writing or electronically as indicated by the relevant examination committee on the examination offic e’s website. 3The same applies if an examination is not completed within the allotted examination time. 4In the event of illness, a doctor’s note is required. 5If there is any doubt, a medical attestation may be requested; the university will cover the costs. 6The same applies in cases where a examination candidate’s child, spouse, registered partner, direct relative or first -degree rel- ative by marriage is proven to be ill and requires care. 7All other matters are regulated by the relevant examination committee. Section 17 Reasonable adjustments and protective provisions (1) In order to ensure equal opportunities, the special interests of students with disabilities, chronic or mental illnesses, or who are subject to the provisions of maternity protection law, shall be taken into account. (2) 1If an examination candidate credibly demonstrates that they are unable to participate in an examination in the intended form or to the intended extent due to prolonged or permanent illness or disability, they shall be granted reasonable adjustments upon submission'] | H10: ['https://wiso.uni-koeln.de/de/studium/bewerbung/master/faqs-zulassungsordnungen', 'https://wiso.uni-koeln.de/de/studium/bewerbung/master/faqs-zulassungsordnungen', 'file://D:/Uni-Köln/Masterarbeit/Software/uzk-masterarbeit/data/pdf_cache/__wiso.uni-koeln.de_sites_wiso_career_pdf_Allgemeines_UEbergreifendes_Bewerbungshilfen_Bewerbungstipps_ProfC.pdf', 'file://D:/Uni-Köln/Masterarbeit/Software/uzk-masterarbeit/data/pdf_cache/__wiso.uni-koeln.de_sites_wiso_career_pdf_Allgemeines_UEbergreifendes_Bewerbungshilfen_Bewerbungstipps_ProfC.pdf', 'file://D:/Uni-Köln/Masterarbeit/Software/uzk-masterarbeit/data/pdf_cache/__wiso.uni-koeln.de_sites_fakultaet_dokumente_PA_po_GPO_2025_english.pdf'] | I10: ['html', 'html', 'pdf', 'pdf', 'pdf'] | J10: 0 | K10: 0 | L10: 0 | M10: 0.74945961 | N10: 0 | O10: 0 | P10: 0.12690073 | Q10: 0.21425299 | R10: 0.038587123 | S10: 0 | T10: 0 | U10: 13.684485 | V10: 3525 | W10: 146 | X10: 3671 | Y10: 0 | Z10: 5 | AA10: 13.684485
A11: 65 | B11: FAQ | C11: hard | D11: Ich studiere im Bachelor woanders und möchte an die WiSo Köln wechseln. Was muss ich tun? | E11: Wenn Sie bereits im Bachelor an einer anderen Hochschule studieren möchten, haben Sie zwei Möglichkeiten: 1. Bewerbung zum 1. Fachsemester: Hierbei bewerben Sie sich über hochschulstart.de und das Online-Portal KLIPS 2.0 der Universität zu Köln. Wenn Sie eine Zulassung erhalten, können nach der Einschreibung gleichwertige Leistungen, die Sie bereits anderswo erbracht haben, angerechnet werden. 2. Bewerbung auf das höhere Fachsemester: Hierbei werden freie Plätze in dem entsprechenden Fachsemester zugeteilt. Sind keine Studienplätze in dem Semester frei, ist die Chance auf einen Studienplatz in dem Semester nicht gegeben. Wenn Sie den gleichen Studiengang an einer Universität innerhalb Deutschlands studieren und sich zum höheren Fachsemester bewerben, gelten Sie als Ortswechsler:in. In diesem Fall wenden Sie sich zunächst mit einem ausgefülltem Formular und einer aktuellen Studienbescheinigung per Mail an den WiSo Student Service Point. Es ist wichtig zu beachten, dass die Anrechenbarkeit von Leistungen erst nach der Einschreibung entschieden wird. | F11: Wenn du aus einem laufenden Bachelorstudium an eine WiSo-Bachelorstudiengang der Uni Köln wechseln möchtest, hast du grundsätzlich zwei Wege: Du kannst dich entweder auf das 1. Fachsemester bewerben oder – falls du schon anrechenbare Leistungen mitbringst – auf ein höheres Fachsemester. Für das 1. Fachsemester läuft die Bewerbung über hochschulstart.de und das Online-Portal KLIPS 2.0 der Universität zu Köln. Wenn du dort eine Zulassung erhältst und dich einschreibst, können gleichwertige Leistungen aus deinem bisherigen Studium nachträglich angerechnet werden. Vor der Bewerbung und Einschreibung können keine verbindlichen Aussagen zur Anrechenbarkeit gemacht werden; die WiSo empfiehlt daher grundsätzlich die Bewerbung auf das 1. Fachsemester. Alternativ kannst du dich auf ein höheres Fachsemester bewerben. Dann werden freie Plätze in dem jeweiligen Fachsemester vergeben, und eine Aufnahme ist nur möglich, wenn es dort tatsächlich freie Studienplätze gibt. Welche Leistungen dir im Detail anerkannt werden, wird erst nach der Einschreibung entschieden. Beim höheren Fachsemester wird zwischen Ortswechsel und Quereinstieg unterschieden: Studierst du aktuell denselben Studiengang an einer anderen Universität in Deutschland, giltst du als Ortswechsler:in. In diesem Fall kontaktierst du zunächst den WiSo Student Service Point mit dem entsprechenden Formular und einer aktuellen Studienbescheinigung. Das WiSo-Prüfungsamt bestätigt dir dann ggf. den Ortswechsel-Status, mit dem du dich beim Studierendensekretariat für ein höheres Fachsemester bewerben kannst. Studierst du hingegen einen anderen Studiengang, an einer Fachhochschule oder im Ausland, giltst du bei der Bewerbung ins höhere Fachsemester als Quereinsteiger:in. Hier wird vorausgesetzt, dass du bereits anrechenbare ECTS erworben hast – zum Beispiel mindestens 15 ECTS für eine Einstufung ins zweite und mindestens 45 ECTS für das dritte Fachsemester. Da nur äquivalente Leistungen anerkannt werden und sich Studienstrukturen unterscheiden, musst du grundsätzlich mit einem gewissen Verlust einzelner Leistungen rechnen. Für die Bewerbung als Quereinsteiger:in brauchst du das Formblatt zum Quereinstieg/Ortswechsel sowie eine Fachsemestereinstufung durch das WiSo-Prüfungsamt; mit dieser Einstufung bewirbst du dich dann über das Studierendensekretariat auf das entsprechende höhere Fachsemester. Die verbindlichen Bewerbungsfristen für höhere Fachsemester veröffentlicht das Studierendensekretariat – in der Regel sind das der 15. September für das Wintersemester und der 15. März für das Sommersemester. Damit diese Fristen eingehalten werden können, müssen deine Unterlagen spätestens acht Wochen vorher postalisch beim WiSo-Prüfungsamt eingehen, also in der Regel bis zum 15. Juli bzw. 15. Januar. | G11: ['# Chat with a student\n\nDein ungefilterterter Austausch mit WiSo Studierenden*\n\nNeugierig auf das Studierendenleben an der Universität zu Köln? Tausche dich mit aktuellen\xa0WiSo-Studierenden\xa0\naus und erhalte echte Einblicke in das Studium und Leben in Köln. Sie teilen gerne ihre Erfahrungen und beantworten\xa0\ndeine Fragen. Wichtig: Die WiSo-Studierenden können keine Auskünfte zu Bewerbungen, Zulassung, Stipendien,\xa0Visa\xa0\noder Wohnheimen geben. Für solche Anliegen wende dich bitte an den WiSo-Service-Point\xa0oder nutze\xa0\nPACO, den WiSo KI-Assistenten.\xa0Vernetze dich mit uns und triff informierte Entscheidungen für dein Studium!\n\n*Wir arbeiten für dieses Angebot mit Unibuddy Ltd zusammen. Zur Nutzung ist daher eine Zustimmung (und anschließende Anmeldung bei Unibuddy) erforderlich.\n\nHI\n\nzum Seitenanfang', '# Chat with a student\n\nDein ungefilterterter Austausch mit WiSo Studierenden*\n\nNeugierig auf das Studierendenleben an der Universität zu Köln? Tausche dich mit aktuellen\xa0WiSo-Studierenden\xa0\naus und erhalte echte Einblicke in das Studium und Leben in Köln. Sie teilen gerne ihre Erfahrungen und beantworten\xa0\ndeine Fragen. Wichtig: Die WiSo-Studierenden können keine Auskünfte zu Bewerbungen, Zulassung, Stipendien,\xa0Visa\xa0\noder Wohnheimen geben. Für solche Anliegen wende dich bitte an den WiSo-Service-Point\xa0oder nutze\xa0\nPACO, den WiSo KI-Assistenten.\xa0Vernetze dich mit uns und triff informierte Entscheidungen für dein Studium!\n\n*Wir arbeiten für dieses Angebot mit Unibuddy Ltd zusammen. Zur Nutzung ist daher eine Zustimmung (und anschließende Anmeldung bei Unibuddy) erforderlich.\n\nHI\n\nzum Seitenanfang', 'offiziellen Bewerbungsverfahren auch eine verbindliche Rückmeldung erhalten.\n\n## 2. Ich studiere im Bachelor woanders und möchte an die Universität zu Köln wechseln. Was muss ich tun?\n\nSie haben grundsätzlich zwei Möglichkeiten, wenn Sie zu einem Bachelorstudiengang wechseln möchten und bereits in einem Bachelor an einer anderen Hochschule studieren:\n\n(1) Die Bewerbung zum 1. Fachsemester. Die Bewerbung erfolgt über hochschulstart.de und das Online-Portal KLIPS 2.0 der Universität zu Köln. Erhalten Sie hier eine Zulassung, können nach der Einschreibung gleichwertige Leistungen, die Sie bereits anderswo erbracht haben, angerechnet werden. Vorab der Bewerbung und Einschreibung ist es nicht möglich, Auskünfte über die mögliche Anrechenbarkeit von Leistungen zu geben. Wir empfehlen grundsätzlich die Bewerbung auf das 1. Fachsemester.\n\n(2) Bei der Bewerbung auf das höhere Fachsemester werden freie Plätze in dem entsprechenden Fachsemester zugeteilt. Sind keine Studienplätze in dem Semester frei, ist die Chance auf einen Studienplatz in dem Semester nicht gegeben. Welche konkreten Leistungen Ihnen angerechnet werden, wird erst nach der Einschreibung entschieden.\n\nStudieren Sie derzeit den gleichen Studiengang an einer Universität innerhalb Deutschlands, gelten Sie bei der Bewerbung zum höheren Fachsemester als Ortswechsler:in: In diesem Fall wenden Sie sich zunächst mit diesem ausgefüllten Formular und einer aktuellen Studienbescheinigung per Mail an den WiSo Student Service Point.', '# Studienwahl und Bewerbung\n\nHier Sie die Antworten auf die häufigsten Fragen zum Thema "Aufnahme eines Studiums an der WiSo-Fakultät der Universität zu Köln". An der Seite haben wir außerdem einige hilfreiche Links für Sie zusammengestellt.\n\n## Bewerbung und NC\n\n## 1. Mein Abiturschnitt erfüllt nicht den NC vom letzten Bewerbungsverfahren, macht eine Bewerbung trotzdem Sinn?\n\nDie Bachelorstudiengängen an der WiSo-Fakultät sind alle zulassungsbeschränkt. 80% der Plätze werden über die Hochschulquote der UzK, 20% über die Abiturbestennote vergeben. Zusätzlich können bis zu sechs Wartesemester berückscihtigt werden. Informationen zum Örtlichen Auswahlverfahren bietet das Studierendensekretariat. Eine andere Möglichkeit, zum ersten Fachsemester zugelassen zu werden, gibt es nicht. Ausnahmen sind nur über Sonder- oder Härtefallanträge möglich, weitere Informationen Sie dazu hier. Die NC-Werte der letzten Jahre sind für zukünftige Auswahlverfahren nicht verbindlich, da sich der NC immer erst im laufenden Verfahren ergibt. Es ist allerdings davon auszugehen, dass sie sich in etwa bestätigen und nur wenig verändern werden. Grundsätzlich empfehlen wir aber, sich zu bewerben, da Sie nur im offiziellen Bewerbungsverfahren auch eine verbindliche Rückmeldung erhalten.\n\n## 2. Ich studiere im Bachelor woanders und möchte an die Universität zu Köln wechseln. Was muss ich tun?\n\nSie haben grundsätzlich zwei Möglichkeiten, wenn Sie zu einem Bachelorstudiengang wechseln möchten und bereits in e', 'Studiengänge an der WiSo-Fakultät\n\n# Bachelorstudiengänge\n\nSchaffen Sie sich eine exzellente Basis für Ihre weitere Karriere!\n\nEin wirtschafts- oder sozialwissenschaftlicher Bachelor-Abschluss ebnet Ihnen Ihren individuellen Karriereweg – egal, ob Sie direkt nach dem Bachelor in den Beruf einsteigen, ein Trainee-Programm absolvieren oder Sie sich für einen weiterführenden Masterstudiengang entscheiden. Sie den Bachelor-Studiengang, der zu Ihnen passt und studieren Sie an einer top-gerankten Universität in einer pulsierenden Stadt.\n\n## Inhaltsverzeichnis\n\n- Spitzenpositionen in Rankings\n- Attraktiver Standort\n- Chat with Paco\n- Unsere Bachelorstudiengänge im Überblick\n- Weitere Bachelorstudiengänge\n- Auslaufende Bachelorstudiengänge\n\n## Spitzenpositionen in Rankings\n\nDie WiSo-Fakultät kombiniert Theorie und Praxis. Die Bachelor-Studiengänge sind interdisziplinär ausgerichtet und fördern den Wissenstausch sowohl unter den Studierenden als auch zwischen den Disziplinen. Auch dank der innovativen Lehre und der exzellenten Forschung schneidet die Fakultät in nationalen als auch internationalen Hochsschulrankings bestens ab.\n\n## Attraktiver Standort\n\nKöln ist für seine Lebensfreude, Toleranz und Weltoffenheit bekannt. Die Metropolregion ist nicht nur als Wissenschaftsstandort interessant, sondern bietet Studierenden auch eine breite Palette von Kontaktmöglichkeiten zur beruflichen Praxis. Die Region Region über einen attraktiven und zukunftsfähigen Branchenmix, in dem unter anderem'] | H11: ['https://wiso.uni-koeln.de/de/services/wiso-student-service-point/studieninteressierte/chat-with-a-student', 'https://wiso.uni-koeln.de/de/services/service-und-beratung/studieninteressierte/chat-with-a-student', 'https://wiso.uni-koeln.de/de/studium/studienorganisation/faq/bachelor/studienwahl-und-bewerbung', 'https://wiso.uni-koeln.de/de/studium/studienorganisation/faq/bachelor/studienwahl-und-bewerbung', 'https://wiso.uni-koeln.de/de/studium/bachelor'] | I11: ['html', 'html', 'html', 'html', 'html'] | J11: 1 | K11: 1 | L11: =5/12 -> 0.41666667 | M11: 0.87847315 | N11: 1 | O11: 1 | P11: 0.34514245 | Q11: 0.49244332 | R11: 0.20252743 | S11: 0.33333333 | T11: 1 | U11: 18.666863 | V11: 3190 | W11: 294 | X11: 3484 | Y11: 0 | Z11: 5 | AA11: 18.666863
A12: 84 | B12: Studiengang spezifisch | C12: medium | D12: Welche Vorteile habe ich durch den Master Business Administration Corporate Development an der WiSo-Fakultät ? | E12: Basierend auf den Suchergebnissen aus der Universitäts-Wissensdatenbank, können Sie durch den Master Business Administration Corporate Development an der WiSo-Fakultät folgende Vorteile nutzen: 1. **Praktische Erfahrung**: Durch das Wirtschaftsprojekt haben Sie die Möglichkeit, Ihre erworbenen Kenntnisse und Fähigkeiten in einem realen Projekt anzuwenden. 2. **Internationaler Austausch**: Das Programm ermöglicht Ihnen ein Auslandssemester, bei dem Sie Ihre Studien an einer anderen Universität fortsetzen können. Wir unterstützen Sie organisatorisch vor, während und nach Ihrem Auslandsaufenthalt. 3. **Breite Palette von Fächern**: Die WiSo-Fakultät bietet eine Vielzahl von Kursen an, die Sie in Ihrem Ergänzungsbereich wählen können. Dies ermöglicht Ihnen, Ihre Interessen und Ziele besser zu verfolgen. 4. **Karrierechancen**: Durch den Masterabschluss sind Sie qualifiziert, Ihre Karriere als Expertin in Unternehmensentwicklung fortzusetzen. Darüber hinaus bietet das Programm die Möglichkeit, sich für ein postgraduales Studium (Ph.D.) zu qualifizieren. 5. **Netzwerk**: Durch die enge Zusammenarbeit mit Unternehmen und der Teilnahme an Praxisseminaren haben Sie die Gelegenheit, Ihr Netzwerk in der Unternehmensentwicklung auszubauen. Diese Vorteile ermöglichen es Ihnen, Ihre Kenntnisse und Fähigkeiten zu erweitern und Ihre Karriere in Unternehmensentwicklung erfolgreich fortzusetzen. | F12: Der Master Business Administration Corporate Development vermittelt dir ein tiefgehendes Verständnis von Unternehmensentwicklung, Strategiemanagement, Unternehmertum und strategischem Human Capital Management. Du lernst Methoden, Fähigkeiten und Werkzeuge kennen, mit denen du verantwortungsvolle Unternehmensentscheidungen nach ethischen und ökonomischen Kriterien treffen kannst. Gleichzeitig trainierst du, state-of-the-art Managementpraktiken zu verstehen, Fallstudien zu bearbeiten und dabei eng mit Anwender:innen aus der Praxis zu interagieren. Das Programm kombiniert damit praktische Relevanz und akademische Stärke: Du lernst, aktuelle wissenschaftliche Erkenntnisse in die Unternehmensentwicklung zu integrieren und Forschungsergebnisse zu generieren, die für die zukünftige Entwicklung der Geschäftswelt relevant sind. Ein Profil, das dir in unterschiedlichen Funktionen und Branchen zugutekommt, insbesondere im Bereich verantwortungsvoller Führung und Governance. | G12: ["y teaching in our Master‘s in Corporate Development, because it attracts a highly engaged group of open-minded students curious to learn and to apply their knowledge. We do our best to equip you with the knowledge and skills to succeed in your later career in management.\n\n### Business Project\n\nOne highlight of the curriculum is a business project during which you work on current managerial topics in close cooperation with a company representative. You will have the opportunity to apply your acquired knowledge and skills in groups of about four students to perform for a company. Moreover, students have the option to be trained in in modern methods of “People Analytics” to analyse organisational data and can apply these methods in research projects when working on their own data driven independent research.\n\n### Link to the practical world\n\nOne strong feature of the programme is the practical contact you, as a student, will receive. Guest lectures and practice seminars establish and promote direct exchange between companies and students. The courses are provided by faculty members that are both, strong academic researchers and continuously interacting with practitioners in joint research projects in firms.\n\nTo top of page\n\n## Chat with a student\n\nDo you want first-hand insights and experiences about the Master Business Administration - Corporate Development and the Student life at the University of Cologne from WiSo students?\n\nThen don't hesitate and Chat with a student!\n\n## Ac", "Master of Science\n\n# Master Business Administration - Corporate Development\n\n## Programme Structure and Organisation\n\nHere you will find detailed information on the structure of the Master's programme and helpful links to the organisation of the Master's programme in Business Adminatration – Corporate Development.\n\nexpand:\n\nYou can also find this tabular overview in the Module Catalogue for the M.Sc. Business Administration – Corporate Development.\n\n## From basic knowledge to your personal expert profile\n\n- Within this programme, the Core and Advanced Sections cover the methodological basics of your respective major in Corporate Development.\n- The Specialisation Section teaches major specific basics and, in addition, advanced skills within the same area with the business project as the practical highlight of the whole programme.\n- The programme is designed to include a semester abroad during your third or fourth semester. We will be happy to advise you on the options available to you and give you organisational support before, during and after your international experience. In case you are not able to complete your semester abroad, you have the possibility of choosing a minor specialisation in your Supplementary Section from a wide range of WiSo Faculty courses.\n- With the master’s thesis for the successful completion of your studies, you underline the knowledge and skills you have acquired throughout the programme and are ready to continue your career as an expert in your fi", "e interested in academic corporate development research after finishing their master studies, the corporate development area provides students who have competitive master scores with the possibility for admittance into a postgraduate programme (Ph.D.).\n\nAt the same time, the MSc. degree is of course an excellent base for applying for graduate degree programmes at other national and international universities.\n\nTo top of page\n\n##### .\n\n## Application\n\n\xa0\n\nAll information about the Master's application at the WiSo Faculty.\n\n##### ...\n\n## Detailed information and contact\n\nWe are happy to support you in your ambitions:\n\nIf you are interested in or have questions about our WiSo degree programmes, the student advisors at the WiSo Student Service Point will be happy to help:\n\n- WiSo Student Service Point hotline: +49 (0) 221/470-8818\n- www.wiso-studentservice.uni-koeln.de\n\nTo top of page\n\nHI\n\nTo top of page", "rtual Open Day\n\nPlease REGISTER HERE to join the Master’s Virtual Open Day. Take this opportunity to learn more about the WiSo Faculty, explore the study programmes and gain valuable insights from professors, current students and Alumni.\n\n## Application\n\n\xa0\n\nAll information about the Master's application at the WiSo Faculty.\n\n> You get a really good insight into a lot of other disciplines.\n\nIn Business Administration at the WiSo Faculty you can choose between five specialisations:\n\n## Accounting and Taxation\n\n## Corporate Development\n\n## Finance\n\n## Marketing\n\n## Supply Chain Management\n\nHI\n\nTo top of page", 'Master of Science\n\n# Master Business Administration - Corporate Development\n\n## Programmstruktur und Organisation\n\nHier Sie detaillierte Informationen zum Aufbau des Master-Studiengangs und hilfreiche Links zur Organisation Ihres Master-Studiums.\n\nvergrößern:\n\nDiese tabellarische Darstellung Sie außerdem im Modulhandbuch zum M.Sc. Business Administration - Corporate Development.\n\n## Von Basiswissen zu Ihrem persönlichen Expert*innen know-how:\n\n- innerhalb dieses Studiengangs werden die Kern- und Fortgeschrittenenbereiche den Teil der methodischen Grundlagen Ihres jeweiligen Schwerpunktes in Unternehmensentwicklung abdecken.\n- der Schwerpunktbereich lehrt Sie Schwerpunkt spezifische Grundlagen und zusätzliche fortgeschrittene Fähigkeiten in demselben Bereich in Verbindung mit dem Wirtschaftsprojekt als praktischer Höhepunkt des ganzen Studiums.\n- das Programm ist so konzipiert, dass Sie im dritten oder vierten Semester ein Auslandssemester absolvieren. Wir beraten Sie gerne über die Möglichkeiten und unterstützen Sie organisatorisch vor, während und nach Ihrem Auslandsaufenthalt. Sollten Sie Ihr Auslandssemester nicht absolvieren können, haben Sie die Möglichkeit, in Ihrem Ergänzungsbereich aus einem breiten Angebot der WiSo-Fakultät einen Nebenschwerpunkt zu wählen.\n- Mit der Masterarbeit schließen Sie Ihre Studien erfolgreich ab und untermauern Ihr Wissen mit Fähigkeiten, die Sie während des Studiums erlernt haben. Dann sind Sie bereit, Ihre Karriere als Expert*in in Ihrem B'] | H12: ['https://wiso.uni-koeln.de/en/studies/master/master-business-administration/corporate-development', 'https://wiso.uni-koeln.de/en/studies/master/master-business-administration/corporate-development/programme-structure-corporate-development', 'https://wiso.uni-koeln.de/en/studies/master/master-business-administration/corporate-development', 'https://wiso.uni-koeln.de/en/studies/master/master-business-administration', 'https://wiso.uni-koeln.de/de/studium/master/master-business-administration/corporate-development/studienaufbau-corporate-development'] | I12: ['html', 'html', 'html', 'html', 'html'] | J12: =4/6 -> 0.66666667 | K12: =1/6 -> 0.16666667 | L12: =3.8/4 -> 0.95 | M12: 0.72677235 | N12: =1/9 -> 0.11111111 | O12: 1 | P12: 0.083757423 | Q12: 0.024065774 | R12: 0.14063944 | S12: 0 | T12: 0 | U12: 34.379329 | V12: 2757 | W12: 396 | X12: 3153 | Y12: 0 | Z12: 5 | AA12: 34.379329
A13: 89 | B13: PDF-Spezifisch | C13: easy | D13: Wie viele Studenten starten jährlich im Bachelor Studiengang Wirtschaftsinformatik und seit wann gibt es ihn? | E13: Die Anzahl der Studierenden im Bachelor-Studiengang Wirtschaftsinformatik variiert von Jahr zu Jahr und ist nicht öffentlich bekannt. Die Universität zu Köln veröffentlicht keine genauen Zahlen über die Anzahl der Studierenden in jedem Studiengang. Der Bachelor-Studiengang Wirtschaftsinformatik wurde jedoch 2007 eingeführt, als Teil der Fachprüfungsordnung (PO) 2007. Die PO 2021 ist seit dem Wintersemester 2021/22 gültig und bietet eine überarbeitete Struktur des Studiengangs. Es ist jedoch zu beachten, dass die Anzahl der Studierenden im Bachelor-Studiengang Wirtschaftsinformatik von Jahr zu Jahr variieren kann, je nachdem wie viele Studenten sich für diesen Studiengang entscheiden. | F13: Im Bachelor Wirtschaftsinformatik starten jährlich rund 100 Studierende. Der Studiengang besteht bereits seit 2008 und ist sehr erfolgreich, mit mehr als 1.100 Bewerbungen pro Jahr. | G13: ['Bachelor of Science\n\n# Bachelor Wirtschaftsinformatik\n\nWirtschaftsinformatik – Grundlagen für Innovationen bei Produkten, Prozessen und Geschäftsmodellen\n\nWenn Sie bereits B.Sc. Wirtschaftsinformatik studieren und sich über spezifische Details Ihres Bachelorstudiums informieren möchten, werden Sie auf der Seite zu "Studienaufbau" fündig.\n\n## Inhaltsverzeichnis\n\n- Überblick\n- Ihre Vorteile auf einen Blick\n- Für wen ist das Programm geeignet?\n- Programmübersicht\n- Akademische Exzellenz mit internationalem Angebot\n- Karrieremöglichkeiten\n- Informationen zur Bewerbung\n- Detaillierte Informationen und Kontakt\n- Chat with Paco\n- Chat with a student\n\n## Überblick\n\nAbschluss: Bachelor of Science\n\nDauer 6 Semester\n\nCredits: 180 ECTS\n\nSprachen: Deutsch, Englisch\n\nStart: Wintersemester\n\nInhalt: Interdisziplinäre Fachdisziplin der BWL, Wirtschaftswissenschaften und Informatik, die sich mit der Konzeption, Entwicklung und Anwendung von Informationssys- temen in Wirtschaft, Verwaltung und zunehmend in unserem privaten Leben beschäftigt.\n\nInternational: Auslandssemester, Summer school, Business English-Kurs (optional)\n\n## Ihre Vorteile auf einen Blick:\n\n- Umfassende Grundlagen und individuelle Spezialisierung: Ein Wirtschaftsinformatik-Studium am Kölner Institut für Wirtschaftsinformatik (CIIS) umfasst eine umfangreiche Grundlagenausbildung in den relevanten Disziplinen Wirtschaftswissenschaften, Informatik und Wirtschaftsinformatik. Im Verlauf des Studiums profitieren Sie vom Austaus', 'Bachelor of Science\n\n# Studienaufbau Bachelor Wirtschaftsinformatik (PO 2007)\n\nDer B. Sc. Wirtschaftsinformatik hat einen Gesamtumfang von 180 ECTS-Punkten und ist in folgende Fächer und Bereiche unterteilt:\n\n#\n\nHI\n\nzum Seitenanfang', 'Wirtschaftsinformatik Bachelor of Science Wirtschaftsinformatik (ab WS24/25): Basis - und Aufbaubereich Wirtschaftsinformatik 9 Modulbeauftragte/r Gesch äftsführende*r Direktor*in Institut f ür Informatik 10 Sonstige Informationen --- Page 31 --- Gültig für Studierende der PO 2021 (Einschreibung ab WiSe 2021/22) MODULHANDBUCH - WIRTSCHAFTSINFORMATIK - BACHELOR OF SCIENCE 31 BM Wirtschaftsinformatik I Kennnummer 1277BBWIF1 Workload 180h LP 6 Modulsprache Deutsch Modulbeginn jedes 2. Semester - Wintersemester Moduldauer 1 Semester 1 Lehrveranstaltungen Information Systems Management Kontaktzeit 60h Selbststudium 120h LV-Sprache Deutsch 2 Inhalte des Moduls • Wirtschaftsinformatik als Wissenschaft • Strategische Rolle von Informationssystemen • Inner‐ und zwischenbetriebliche Gesch äftsprozessintegration • Electronic Commerce und Electronic Business • Computer Supported Collaborative Work • IT‐Sicherheit • Ethische, soziale und politische Aspekte • Informationsg üter • Business Process Reengineering • Internet der Dinge 3 Lernziele des Moduls Die Studierenden... ... kennen und verstehen grundlegende Theorien aus dem Bereich des Informationsmanagements. ... setzen Theorien aus dem Bereich Analyse‐ und Strukturierungskonzepte in vorstrukturierten Kontexten (z.B. Fallstudien) l ösungsorientiert ein. ... kennen und verstehen g ängige Methoden aus dem Bereich des Informationsmanagements. ... analysieren (aktuelle) Fragestellungen und Herausforderungen im Rahmen von vorstrukturierten', 'dividuellen Planung auf mögliche Überschneidungen von Lehrveranstaltungen. Bei weiteren Fragen hilft der WiSo Student Service Point gerne weiter. --- Page 12 --- Gültig für Studierende der PO 2021 (Einschreibung ab WiSe 2021/22) MODULHANDBUCH - WIRTSCHAFTSINFORMATIK - BACHELOR OF SCIENCE 12 B.Sc. Wirtschaftsinformatik (Studienbeginn ab WiSe 24/25) Semester 1 BM Wirtschaftsinformatik I BM Wirtschaftsinformatik II BM Einführung in die Programmierung BM Mathematik für Studierende der Informatik I 27 Semester 2 AM Wirtschaftsinformatik AM Algorithmen und Datenstrukturen BM Mathematik für Studierende der Informatik II BM Weiterführende Konzepte der Programmierung 33 Semester 3 BM Grundlagen der Betriebswirtschaftslehre AM Softwaretechnik AM Visualisierung 30 Semester 4 BM Ethical Issues in Information Systems SM Wirtschaftsinformatik III Wahlmodul aus dem Ergänzungbereich (1/5) Wahlmodul aus dem Ergänzungbereich (2/5) Studium Integrale 30 Semester 5 SM Wirtschaftsinformatik I (Capstone) SM Wirtschaftsinformatik II Bachelorseminar Wahlmodul aus dem Ergänzungbereich (3/5)* 30 Semester 6 Wahlmodul aus dem Ergänzungbereich (4/5) Wahlmodul aus dem Ergänzungbereich (5/5) Studium Integrale Bachelorarbeit Wirtschaftsinformatik 30 Hinweis zu den BWL -Module n: Die Midterm -Regelung könnte hier Anwendung finden. Weitere Informationen dazu finden Sie im Abschnitt 1.6 Midterm Reg elung. Hinweis zum BM Ethical Issues in Information Systems: bitte prüfen Sie den aktuellen Turnus in KLIPS. Hinwe', 'tschaftsinformatik (für Studierende, die ihr Studium ab dem 01. Oktober 2024 aufgenommen haben) Anhang 6.3: Schwerpunktbereich Wirtschaftsinformatik (für Studierende, die ihr Studium ab dem 01. Oktober 2024 aufgenommen haben) Anhan g 6.4: Bachelorarbeit im Studiengang Wirtschaftsinformatik (für Studierende, die ihr Studium ab dem 01. Oktober 2024 aufgenommen haben) Anhang 6.5: Studium Integrale (für Studierende, die ihr Studium ab dem 01. Oktober 2024 aufgenommen haben) Anhang 7: Übersicht über alle Module der Fachprüfungsordnung --- Page 16 --- Studiengang: Bachelor of Science Betriebswirtschaftslehre Anhang 1.1: Basis - und Aufbaubereich Betriebswirtschaftslehre Im Basis - und Aufbaubereich gemäß § 28 Absatz 1 Nr. 1 müssen die zu Prüfenden 108 LP erwerben. Modul LP P/WP Soll LP BM Accounting I 6 P 90 108 BM Accounting II 6 P BM Corporate Development I 6 P BM Finance I 6 P BM Marketing I 6 P BM Supply Chain Management I 6 P BM Unternehmens - und Wirtschaftsethik 6 P BM Grundlagen der Wirtschaftsinformatik 6 P BM Mikroökonomik (BWL) 9 P BM Makroökonomik (BWL) 9 P BM Mathematik 6 P BM Bürgerliches Recht und Wirtschaftsrecht 6 P BM Statistik 6 P AM Statistik und Ökonometrie 6 P BM Corporate Development II 6 WP 18 BM Finance II 6 WP --- Page 17 --- BM Marketing II 6 WP BM Supply Chain Management II 6 WP --- Page 18 --- Anhang 1.2: Ergänzungsbereich Betriebswirtschaftslehre Im Ergänzungsbereich gemäß § 28 Absatz 1 Nr. 2 müssen die zu Prüfenden 18 LP erwerben. Modul LP P/WP Soll L'] | H13: ['https://wiso.uni-koeln.de/de/studium/bachelor/bachelor-wirtschaftsinformatik', 'https://wiso.uni-koeln.de/de/studium/studieren-nach-pruefungsordnung-2007-2008/bachelor-po-2007/studienaufbau-bachelor-wirtschaftsinformatik-po-2007', 'file://D:/Uni-Köln/Masterarbeit/Software/uzk-masterarbeit/data/pdf_cache/__wiso.uni-koeln.de_sites_fakultaet_dokumente_downloads_Modulhandbuecher_Bachelor_MHB_aktuelles_Studienjahr_b_mhb_po2021_winfo.pdf', 'file://D:/Uni-Köln/Masterarbeit/Software/uzk-masterarbeit/data/pdf_cache/__wiso.uni-koeln.de_sites_fakultaet_dokumente_downloads_Modulhandbuecher_Bachelor_MHB_aktuelles_Studienjahr_b_mhb_po2021_winfo.pdf', 'file://D:/Uni-Köln/Masterarbeit/Software/uzk-masterarbeit/data/pdf_cache/__wiso.uni-koeln.de_sites_fakultaet_dokumente_PA_po_BPO_WiSo_2021_2025.pdf'] | I13: ['html', 'html', 'pdf', 'pdf', 'pdf'] | J13: =1/5 -> 0.2 | K13: 0 | L13: 0 | M13: 0.67919298 | N13: =1/4 -> 0.25 | O13: 0.25 | P13: 0.25057855 | Q13: 0.13420397 | R13: 0.36860442 | S13: 0 | T13: 0 | U13: 15.139975 | V13: 3371 | W13: 212 | X13: 3583 | Y13: 0 | Z13: 5 | AA13: 15.139975
A14: 91 | B14: PDF-Spezifisch | C14: hard | D14: Ich plane den M.Sc. International Management (CEMS) in Köln zu studieren. Wie unterscheiden sich das reguläre MIM-Programm und das CEMS-Curriculum konkret im Aufbau und bei den Anforderungen? | E14: Das CEMS-Curriculum im M.Sc. International Management (CEMS) in Köln unterscheidet sich vom regulären MIM-Programm durch einige wichtige Aspekte: 1. **Internationale Ausrichtung**: Das CEMS-Programm ist ein globales Netzwerk von 33 führenden Wirtschaftshochschulen auf fünf Kontinenten, was es ermöglicht, eine weltweite Perspektive zu erwerben. 2. **Auslandssemester**: Ein verpflichtendes Auslandssemester an einer der CEMS-Partnerhochschulen ist ein wichtiger Bestandteil des Curriculums. 3. **Praktikum**: Ein internationales Praktikum von mindestens acht Wochen ist Teil des Programms, um die Anpassungsfähigkeit in verschiedenen Ausbildungssituationen zu fördern. 4. **Sprachniveau**: Die Bewerbung für das CEMS-Programm erfordert ein Sprachniveau C1 in Englisch und B1 in einer zweiten CEMS-Sprache, sowie die Vorlage von Kompetenzen in einer dritten Sprache am Ende des Masters. 5. **Netzwerk**: Das CEMS-Netzwerk bietet Zugang zu exklusiven Veranstaltungen, beruflichen Ressourcen und einem globalen Alumni-Netzwerk. Insgesamt bietet das CEMS-Curriculum eine umfassende internationale Ausbildung im Management mit einer starken Betonung auf Praxis und Networking. | F14: Im regulären MIM-Programm erwirbst du insgesamt 120 ECTS. Diese verteilen sich auf den Core-Bereich International Management, den Spezialisierungsbereich Applied International Management, einen zusätzlichen Bereich in Business oder Economics (inklusive Auslandssemester) sowie die Masterarbeit mit 15 ECTS. Es gibt keine verpflichtenden Praktika, keine zusätzlichen Sprachauflagen und keine gesonderten formalen Vorgaben zur ECTS-Verteilung innerhalb der Regelstudienzeit. Das CEMS Curriculum umfasst 66 ECTS (ohne Masterarbeit) und besteht aus Core Courses und Electives (min. 45 ECTS, inklusive Hard Skills), einem Business Project mit 15 ECTS und Seminaren (6 ECTS). Zusätzlich sind ein internationales Praktikum und der Nachweis einer dritten CEMS-Sprache verpflichtend. | G14: ['es den Studierenden Theorie und Praxis in kulturell diversen Teams zu integrieren, während Sie Unternehmensproblematiken in allen Bereichen behandeln.\n\nAußerhalb der Kernelemente bietet der CEMS MIM an der Universität zu Köln eine exzellente Vielfalt an Wahlmodulen aus den Bereichen Betriebswirtschaftslehre, Volkswirtschaftslehre, Politikwissenschaft, Psychologie und Soziologie. Weitere Elemente sind ein internationales Praktikum, ein Auslandssemester an einer der CEMS Partnerhochschulen und das Erlernen weiterer Fremdsprachen.\n\nDie Studierenden folgen im ersten Jahr dem Köln-spezifischen Curriculum des CEMS MIM. Im zweiten Jahr absolvieren Sie ein Semester in Köln und ein Semester an einer der 33 internationalen CEMS-Partnerschulen.\n\nWeitere Details zum Aufbau des Studiengangs, sowie Studienverlaufsempfehlungen und Modulbeschreibungen, Sie im Modulhandbuch.\n\n- Prüfungsrelevante Informationen und Regelungen Sie in der Prüfungsordnung.\n\nFalls Sie Ihr Studium vor 2021 begonnen haben, wählen Sie bitte die passenen Dokumente in der Dokumentenübersicht.\n\n## Studienorganisation\n\nStudieren erfordert ein hohes Maß an Selbstorganisation. Im Folgenden haben wir für Sie Links zu hilfreichen Informationen, relevanten Tools und Beratungsstellen zusammengestellt, damit Sie Ihr Studium gut vorbereitet und richtig informiert erfolgreich bewältigen können.\n\n## Erstsemester\n\n## Klausureinsichtnahmen\n\n## Lehrveranstaltungs- und Prüfungsmanagement: KLIPS\n\n## Bescheinigungen\n\n## Finanzierung\n\n##', "gly involved in Business Projects and Skill Seminars, and a Block Seminar that is extremely popular among the CEMS students are the key features of the CEMS MIM in Cologne.\n\nIn fall terms:\n\n- CEMS Block Seminar\n- Global Business Strategy Core Course\n- Electives\n- Optional German Language course to fulfil CEMS language requirement\n\nIn spring terms:\n\n- Global Citizenship Seminar\n- CEMS Business Project\n- Global Leadership Core Course\n- Electives\n- Optional German Language course to fulfil CEMS language requirement\n\nThe CEMS course list (in the download section on the top right of this page) shows the CEMS accredited elective courses available for incoming CEMS students. The list also gives links to the KLIPS 2.0 online database. Additional information is available on the general exchange pages. CEMS courses are also listed on the CEMS website.\n\n## Downloads\n\n- CEMS Incomings Course List Spring 2025\n- CEMS Incomings Course List Fall 2025/2026\n\nzum Seitenanfang\n\n## Application & organising your CEMS term in Cologne\n\nIncoming CEMS students benefit from the full range of services for incoming exchange students. Application, registration and admission follow the same principles as for students spending a term abroad with us.\n\nAs part of the Buddy Programme, one of UoC's home CEMS students will be assigned to help you settle in. The ZIB WiSo Incomings Team provides support on all organisational matters attached to your stay, including housing, electives, and more. The CEMS team will", 'Auslandsstudienmöglichkeiten widerspiegelt. An keiner anderen deutschen Hochschule absolvieren Absolvent:innen vergleichbar viele Praktika und Auslandsaufenthalte. Darüber hinaus verbesserte sich die Fakultät in der Kategorie „International Work Mobility“ auf Platz 38 weltweit und beim „Career Service“ auf Rang 36, was die hervorragenden internationalen Karriereaussichten der Kölner CEMS-MIM-Absolvent:innen unterstreicht.\n\n„Die Ergebnisse des FT Masters in Management Rankings bestätigen erneut, dass die WiSo-Fakultät ihren Studierenden mit dem CEMS MIM eine exzellente internationale Ausbildung im Management bietet. Die ausgezeichneten Platzierungen in renommierten Rankings verdeutlichen die Wettbewerbsstärke der WiSo-Fakultät und der Universität zu Köln im nationalen wie internationalen Vergleich und belegen die hervorragende Qualität in Forschung und Lehre. Vor allem bestärken sie uns darin, auch künftig verantwortungsbewusste Führungskräfte auszubilden“, erklärt Prof. Ulrich Thonemann, PhD, Dekan der Wirtschafts- und Sozialwissenschaftlichen Fakultät der Universität zu Köln.\n\nDer Master in International Management (CEMS MIM) der WiSo-Fakultät ist ein Vorreiter in der modernen internationalen Managementausbildung. Er wird gemeinsam mit dem CEMS-Netzwerk angeboten – einer einzigartigen globalen Allianz von 33 führenden Wirtschaftshochschulen auf fünf Kontinenten sowie mehr als 80 multinationalen Unternehmen und NGOs. Pro Land darf nur eine der renommiertesten Universitäten Mi', 'richtet. Mit der Bewerbung für diesen Studiengang müssen Sie in Englisch das Sprachniveau C1 und das Niveau B1 in einer zweiten CEMS-Sprache nachweisen. Um Ihren Abschluss erfolgreich zu erlangen, müssen \xa0Sie als CEMS MIM-Studierende:r am Ende des Masters Kompetenzen in einer dritten Sprache vorweisen.\n\n### Auslandssemester und Praktikum\n\nWesentlicher Bestandteil des Curriculums ist das Auslandssemester, welches Sie an eine andere CEMS Universität und in ein anderes Land führen wird. Dies wird Ihren akademischen Horizont erweitern und Ihre Anpassungsfähigkeit in verschiedenen Ausbildungssituationen erhöhen. Die Zusammenarbeit in und mit interkulturellen Teams spielt eine zentrale Rolle im internationalen Management, deshalb ist ein internationales Praktikum innerhalb des CEMS MIM unerlässlich. Das Praktikum muss mindestens acht Wochen dauern und innerhalb dieser muss ein Vollzeitprojekt bearbeitet werden.\n\n### Internationale Studienerfahrung\n\nMehr als 33 Prozent der CEMS MIM Studierenden1 an der Universität zu Köln haben internationale Reisepässe. Außerhalb des Kursraums organisiert der PIM & CEMS Club Veranstaltungen auf und um den Campus herum, um soziale und kulturelle Lernprozesse und den Antrieb der internationalen Studierendengemeinschaft zu fördern.\n1Mittelwert 2020 und 2021 UzK MIM Aufnahme\n\nCEMS Master in International Management\n\n### Auslandssemester\n\n## Sie werden Ihr verpflichtendes Auslandssemester an einer der 32 Partnerschulen verbringen:\n\n- The University of S', 'en aufrecht und bietet zahlreiche Karrieremöglichkeiten. Für CEMS-Studierende in Köln bietet WiSoAlumni Zugang zu exklusiven Veranstaltungen, Karriereberatungen, Netzwerkmöglichkeiten, einem breiten beruflichen Netzwerk sowie einer lebendigen Verbindung zur Universität zu Köln.\n- Der PIM & CEMS Club Cologne, eine studentische Initiative an der Universität zu Köln, zielt darauf ab, ein Netzwerk zwischen Studierenden und Alumni aufzubauen. Er bietet CEMS-Studierenden praktische Erfahrungen durch Firmenveranstaltungen und Workshops, Sprachverbesserungsmöglichkeiten und die Teilnahme an internationalen Studienreisen. Der Club unterstützt auch internationale Studierende während ihrer ersten Wochen in Köln und hilft ihnen, sich in eine vielfältige Gemeinschaft von über 1.700 Mitgliedern zu integrieren.\n- Die CEMS Alumni Plattform\xa0vernetzt ehemalige CEMS-Studierende weltweit, fördert Karrieremöglichkeiten und den Austausch von Wissen und Erfahrungen. Sie bietet Zugang zu exklusiven Veranstaltungen, beruflichen Ressourcen und einem globalen Alumni-Netzwerk, das aktive Beteiligung an der CEMS-Community ermutigt.\xa0Das CEMS-Netzwerk und die Globale Allianz umfassen mehr als 20.000 Alumni, 78 Unternehmen und soziale Partner sowie akademische Partnerschaften mit 34 Hochschulen weltweit.\n\n##### .\n\n## Bewerbung\n\n\xa0\n\nAlle Infos zur Masterbewerbung an der WiSo-Fakultät.\n\n## Kontakt:\n\nBei Fragen zum Studienprogramm wenden Sie sich an:\n\nPhilipp Sperber\nCEMS Programme Management\n\n- Telefon: +49 22'] | H14: ['https://wiso.uni-koeln.de/de/studium/master/master-international-management-cems-mim/studienaufbau', 'https://wiso.uni-koeln.de/de/studium/international/cems-office-cologne/current-cems-students', 'https://wiso.uni-koeln.de/de/aktuelles-und-neuigkeiten/news-einzelansicht/wiso-glaenzt-erneut-im-financial-times-masters-in-management-ranking', 'https://wiso.uni-koeln.de/de/studium/master/master-international-management-cems-mim', 'https://wiso.uni-koeln.de/de/studium/master/master-international-management-cems-mim'] | I14: ['html', 'html', 'html', 'html', 'html'] | J14: =5/6 -> 0.83333333 | K14: =1/5 -> 0.2 | L14: =1/4 -> 0.25 | M14: 0.77755782 | N14: =3/16 -> 0.1875 | O14: 0.25 | P14: 0.13806608 | Q14: 0.11439337 | R14: 0.15808089 | S14: 0 | T14: 0 | U14: 24.012254 | V14: 3542 | W14: 371 | X14: 3913 | Y14: 0 | Z14: 5 | AA14: 24.012254
A15: 97 | B15: PDF-Spezifisch | C15: hard | D15: Was umfasst das Modul „Studies Abroad in Economics III“ im M.Sc. Economics und wie funktioniert die Anerkennung der im Ausland erbrachten Leistungen? | E15: Das Modul "Studies Abroad in Economics III" im M.Sc. Economics umfasst eine Vielzahl von Themen und Fächern, die über das reguläre Curriculum des Studiengangs hinausgehen. Es ermöglicht den Studierenden, ihre Kenntnisse und Fähigkeiten außerhalb der Modulstruktur des Curriculums zu erweitern. Die Anerkennung von Leistungen, die im Ausland erbracht wurden, erfolgt durch ein standardisiertes Anerkennungsverfahren. Informationen über die Kursanerkennung (Fristen und Verfahren) sind auf der Website des WiSo-Anrechnungszentrums verfügbar (https://www.anrechnungwiso.uni-koeln.de/). | F15: Im Modul „Studies Abroad in Economics III“ werden Leistungen aus einem Auslandsstudium im Bereich Economics mit 6 ECTS anerkannt. Du belegst an einer ausländischen Hochschule volkswirtschaftliche Veranstaltungen auf Master-Niveau, die entweder das reguläre Modulangebot ergänzen oder das Profil inhaltlich vertiefen. Die Anerkennung erfolgt über das WiSo Credit Transfer Centre (WiSo Anrechnungszentrum), wo du einen Antrag stellen musst. Weitere Informationen zu Fristen und Ablauf erhältst du dort. | G15: ['ligen Masterstudiengangs hinausgehen und damit zusätzliches Wissen vermitteln, erworbenes Wissen und Fähigkeiten vertiefen, der Spezialisierung oder der individuellen fachlichen Abrundung des Studiums dienen. ... ... Durch das Ablegen von Prüfungen an ausländischen Hochschulen erwerben die Studierenden eine Breite an Kenntnissen und Fähigkeiten außerhalb der Modulstruktur des Curriculums des jeweiligen Studiengangs in den oben genannten Themengebieten. Daher können individuelle Lerninhalte nur Bestandteile eines der Module Studies Abroad sein. 4 Lehr - und Lernformen 5 Modulvoraussetzungen Keine 6 Form der Modulabschlussprüfung je nach Kurswahl 7 Voraussetzungen für die Vergabe von Leistungspunkten je nach Kurswahl 8 Verwendung des Moduls (in anderen Studiengängen) Master of Science Business Administration - Marketing: Ergänzungsbereich Marketing Master of Science Business Administration - Accounting and Taxation: Ergänzungsbereich Accounting and Taxation Master of Science Business Administration - Finance: Ergänzungsbereich Finance Master of Science Business Administration - Supply Chain Management: Ergänzungsbereich Supply Chain Management Master of Science Business Administration - Corporate Development: Ergänzungsbereich Corporate Development 9 Modulbeauftragte/r Programmdirektor:in 10 Sonstige Informationen Sofern die Anerkennung dieses Moduls beantragt werden soll, existiert ein standardisiertes Anerkennungsverfahren. Informationen über die Kursanerkennung (Fristen und', 'r der individuellen fachlichen Abrundung des Studiums dienen. ... ... Durch das Ablegen von Pr üfungen an ausl ändischen Hochschulen erwerben die Studierenden eine Breite an Kenntnis sen und F ähigkeiten au ßerhalb der Modulstruktur des Curriculums des jeweiligen Studiengangs in den oben genannten Themengebieten. Daher k önnen individuelle Lerninhalte nur Bestandteile eines der Module Studies Abroad sein. 4 Lehr - und Lernformen 5 Modul voraussetzungen Keine 6 Form der Modulabschlusspr üfung je nach Kurswahl 7 Voraussetzungen f ür die Vergabe von Leistungspunkten je nach Kurswahl 8 Verwendung des Moduls (in anderen Studieng ängen) Master of Science Economics: Ergänzungsbereich Management & Social Sciences 9 Modulbeauftragte/r Programmdirektor:in 10 Sonstige Informationen Sofern die Anerkennung dieses Moduls beantragt werden soll, existiert ein standardisiertes Anerkennungsverfahren. Informationen über die Kursanerkennung (Fristen und Verfahren) stellt das Anrechnungszentrum zur Verf ügung (WiSo Anrechnungszentrum: https://www.anrechnungwiso.uni - koeln.de/). Dieses Modul kann auch im Rahmen eines von der WiSo -Fakult ät organisierten Academic Short Programmes besucht werden. In diesem Fall muss die vorherige Prüfungsanmeldung entsprechend den Bestimmungen der WiSo -Fakult ät durchgef ührt werden. --- Page 251 --- Gültig für Studierende der PO 2021 (Einschreibung ab WiSe 2021/22) ECONOMICS - MASTER OF SCIENCE 247 Studies Abroad III (Economics) Kennnummer 1289MESAb3 Workload 36', 'lichen Abrundung des Studiums dienen. ... ... Durch das Ablegen von P rüfungen an ausländischen Hochschulen erwerben die Studierenden eine Breite an Kenntnissen und Fähigkeiten außerhalb der Modulstruktur des Curriculums des jeweiligen Studiengangs in den oben genannten Themengebieten. Daher können individuelle Lerninhalte n ur Bestandteile eines der Module Studies Abroad sein. 4 Lehr - und Lernformen je nach Kurswahl 5 Modulvoraussetzungen Keine 6 Form der Modulabschlussprüfung je nach Kurswahl 7 Voraussetzungen für die Vergabe von Leistungspunkten je nach Kurswahl 8 Verwendung des Moduls (in anderen Studiengängen) Master of Science Business Administration - Marketing: Ergänzungsbereich Marketing Master of Science Business Administration - Accounting and Taxation: Ergänzungsbereich Accounting and Taxation Master of Science Business Administration - Finance: Ergänzungsbereich Finance Master of Science Business Administration - Supply Chain Management: Ergänzungsbereich Supply Chain Management Master of Science Business Administration - Corporate Development: Ergänzungsbereich Corporate Development 9 Modulbeauftragte/r Programmdirektor:in 10 Sonstige Informationen Sofern die Anerkennung dieses Moduls beantragt werden soll, existiert ein standardisiertes Anerkennungsverfahren. Informationen über die Kursanerkennung (Fristen und Verfahren) stellt das Anrechnungszentrum zur Verfügung (WiSo Anrechnungszentrum: https://www.anrechnungwiso.uni - koeln.de/). --- Page 222 --- Gültig fü', 'hen Abrundung des Studiums dienen. ... ... Durch das Ablegen von Prüfungen an ausländischen Hochschulen erwerben die Studierenden eine Breite an Kenntnissen und Fähigkeiten außerhalb der Modulstruktur des Curriculums des jeweiligen Studiengangs in den oben genannten Themengebieten. Daher können individuelle Lerninhalte nur Bestandteile eines der Module Studies Abroad sein. 4 Lehr - und Lernformen 5 Modulvoraussetzungen Keine 6 Form der Modulabschlussprüfung je nach Kurswahl 7 Voraussetzungen für die Vergabe von Leistungspunkten je nach Kurswahl 8 Verwendung des Moduls (in anderen Studiengängen) Master of Science Business Administration - Marketing: Ergänzungsbereich Marketing Master of Science Business Administration - Accounting and Taxation: Ergänzungsbereich Accounting and Taxation Master of Science Business Administration - Finance: Ergänzungsbereich Finance Master of Science Business Administration - Supply Chain Management: Ergänzungsbereich Supply Chain Management Master of Science B usiness Administration - Corporate Development: Ergänzungsbereich Corporate Development 9 Modulbeauftragte/r Programmdirektor:in 10 Sonstige Informationen Sofern die Anerkennung dieses Moduls beantragt werden soll, existiert ein standardisiertes Anerk ennungsverfahren. Informationen über die Kursanerkennung (Fristen und Verfahren) stellt das Anrechnungszentrum zur Verfügung (WiSo Anrechnungszentrum: https://www.anrechnungwiso.uni - koeln.de/). Dieses Modul kann auch im Rahmen eines von der', 'undung des Studiums dienen. ... ... Durch das Ablegen von Prüfungen an ausländischen Hochschulen erwerben die Studierenden eine Breite an Kenntnissen und Fähigkeiten außerhalb der Modulstruktur des Curriculums des jeweiligen Studiengangs in den oben genannten Themengebieten. Daher können individuelle Lerninhalte nur Bestandteile eines der Module Studies Abroad sein. 4 Lehr- und Lernformen 5 Modulvoraussetzungen Keine 6 Form der Modulabschlussprüfung je nach Kurswahl 7 Voraussetzungen für die Vergabe von Leistungspunkten je nach Kurswahl 8 Verwendung des Moduls (in anderen Studiengängen) Master of Science Business Administration - Supply Chain Management: Ergänzungsbereich Supply Chain Management Master of Science Business Administration - Accounting and Taxation: Ergänzungsbereich Accounting and Taxation Master of Science Business Administration - Finance: Ergänzungsbereich Finance Master of Science Business Administration - Marketing: Ergänzungsbereich Marketing Master of Science Business Administration - Corporate Development: Ergänzungsbereich Corporate Development 9 Modulbeauftragte/r Programmdirektor:in 10 Sonstige Informationen Sofern die Anerkennung dieses Moduls beantragt werden soll, existiert ein standardisiertes Anerkennungsverfahren. Informationen über die Kursanerkennung (Fristen und Verfahren) stellt das Anrechnungszentrum zur Verfügung (WiSo Anrechnungszentrum: https://www.anrechnungwiso.uni-koeln.de/). Dieses Modul kann auch im Rahmen eines von der WiSo-Fakult'] | H15: ['file://D:/Uni-Köln/Masterarbeit/Software/uzk-masterarbeit/data/pdf_cache/__wiso.uni-koeln.de_sites_fakultaet_dokumente_downloads_Modulhandbuecher_Master_MHB_aktuelles_Studienjahr_m_mhb_po2021_ba_marketing.pdf', 'file://D:/Uni-Köln/Masterarbeit/Software/uzk-masterarbeit/data/pdf_cache/__wiso.uni-koeln.de_sites_fakultaet_dokumente_downloads_Modulhandbuecher_Master_MHB_aktuelles_Studienjahr_m_mhb_po2021_economics.pdf', 'file://D:/Uni-Köln/Masterarbeit/Software/uzk-masterarbeit/data/pdf_cache/__wiso.uni-koeln.de_sites_fakultaet_dokumente_downloads_Modulhandbuecher_Master_MHB_aktuelles_Studienjahr_m_mhb_po2021_ba_marketing.pdf', 'file://D:/Uni-Köln/Masterarbeit/Software/uzk-masterarbeit/data/pdf_cache/__wiso.uni-koeln.de_sites_fakultaet_dokumente_downloads_Modulhandbuecher_Master_MHB_aktuelles_Studienjahr_m_mhb_po2021_ba_accounting.pdf', 'file://D:/Uni-Köln/Masterarbeit/Software/uzk-masterarbeit/data/pdf_cache/__wiso.uni-koeln.de_sites_fakultaet_dokumente_downloads_master_Aktuelle_MHB_s_m_mhb_po2021_ba_marketing_2425.pdf'] | I15: ['pdf', 'pdf', 'pdf', 'pdf', 'pdf'] | J15: 1 | K15: =2/3 -> 0.66666667 | L15: =0.5 -> 0.5 | M15: 0.85774195 | N15: =6/11 -> 0.54545455 | O15: 1 | P15: 0.36052892 | Q15: 0.32067895 | R15: 0.39806205 | S15: 0 | T15: 0 | U15: 17.341509 | V15: 3595 | W15: 212 | X15: 3807 | Y15: 0 | Z15: 5 | AA15: 17.341509
A16: 110 | B16: PDF-Spezifisch | C16: hard | D16: Welche Zugangsvoraussetzungen und fachlichen Anforderungen gelten für den Masterstudiengang Business Administration Marketing an der Universität zu Köln? | E16: Basierend auf den Suchergebnissen kann ich dir folgende Informationen geben: Die Zugangsvoraussetzungen für den Masterstudiengang Business Administration Marketing an der Universität zu Köln sind: * Ein erster berufsqualifizierender Abschluss in einem dem jeweiligen Masterstudiengang fachlich entsprechenden Bachelorstudiengang im Umfang von mindestens sechs Semestern, in dem mindestens 180 Leistungspunkte erworben wurden, oder ein gleichwertiges fachlich einschlägiges abgeschlossenes Studium. * Die Gesamtnote des Bachelorstudiums muss mindestens 2,7 betragen. Fachliche Anforderungen: * Die Wirtschafts- und Sozialwissenschaftliche Fakultät der Universität zu Köln verleiht aufgrund des erfolgreichen Abschlusses des Masterstudiums den akademischen Grad: Master of Science in Business Administration (M.Sc.). * Das Studium kann nur zu Beginn eines Wintersemesters aufgenommen werden. * Die Zulassungsvoraussetzungen und das Zulassungsverfahren sind in einer eigenen Ordnung der Wirtschafts- und Sozialwissenschaftlichen Fakultät geregelt. Ich hoffe, diese Informationen helfen dir weiter! Wenn du weitere Fragen hast, stehe ich gerne zur Verfügung. | F16: Für den Masterstudiengang Business Administration – Marketing brauchst du einen Bachelorabschluss oder einen gleichwertigen Abschluss im Umfang von mindestens 180 ECTS in Business Administration oder Economics, eine starke Ausprägung in quantitativen Methoden und eine Abschlussnote von mindestens 2,7 (deutsche Note). Außerdem musst du mindestens 78 ECTS in Business Administration und Economics nachweisen, davon mindestens 48 ECTS in Business Administration und mindestens 18 ECTS in Economics. Zusätzlich werden mindestens 15 ECTS in Statistik und/oder Mathematik sowie Englischkenntnisse auf dem Niveau B2 des Gemeinsamen Europäischen Referenzrahmens verlangt. Die erfolgreiche Teilnahme an einem Zulassungstest (TM-WISO oder GMAT) wird darüber hinaus dringend empfohlen. | G16: ['…………………………………………… 9 § 6 Zulassungs- / Ablehnungsbescheid ……………………………………………………… 10 § 7 Rücknahme, Widerruf ……………………………………………………………………… 10 § 8 Zulassungsausschuss …………………………………………………………………… ... 11 § 9 Inkrafttreten, Veröffentlichung …………………………………………………………… . 12 Anhang Auswahlkriterien ……………………………………………………………………… 14 --- Page 5 --- 5 § 1 Anwendungsbereich Diese Ordnung regelt den Zugang und die Zulassung zu den Masterstudiengängen Business Administration Accounting and Taxation, Business Administration Finance, Business Administration Corporate Development, Business Administration Marketing, Business Administration Supply Chain Management, Economics, Information Systems, Political Science, Sociology: Social and Economic Psychology, Sociology: Social Research sowie Business Analytics and Econometrics der Wirtschafts- und Sozialwissenschaftlichen Fakultät der Universität zu Köln (im Folgenden: Masterstudiengänge). § 2 Zugangsvoraussetzungen (1) 1Zugangsvoraussetzung für die Masterstudiengänge, auch bei einer Bewerbung in ein höheres Fachsemester, ist ein erster berufsqualifizierender Abschluss in einem dem jeweiligen Masterstudiengang fachlich entsprechenden Bachelorstudiengang im Umfang von mindestens sechs Semestern, in dem mindestens 180 Leistungspunkte erworben wurden, beziehungsweise ein gleichwertiges fachlich einschlägiges abgeschlossenes Studium. 2Im Ausland erworbene Abschlüsse werden vom Zulassungsausschuss anhand der von der Zentralstelle für ausländisches Bildungswesen', 'und gefördert, um den Studierenden die Möglichkeit zu bieten, die im Masterstudium ange- eigneten Fachkenntnisse auch praxisnah umzusetzen. Absolvent/innen besitzen ein außer- gewöhnlich tief erfassendes Fundament von theoretischem W issen und typischen Hand- lungsmustern in den Bereichen der Mark tforschung, des Kund /innen- und Markenmanage- ments. Sie erkennen die Bedeutung von Unternehmenswerten, Compliance und Social Responsibility sowie die Bedeutung der marktorientierten Unternehmensf ührung . Spätere Tätigkeiten liegen bspw. in den Bereichen Customer Relationship Management, Brand Ma- nagement, Channel Management, E -Commerce, Media -Marketing von Unternehmen und öffentlichen Einrichtungen, Unternehmensberatungen und Agenturen vor. 1.2 Vora ussetzungen Zulassungsvoraussetzung für den Masterstudiengang Business Administration in der Studi- enrichtung Marketing ist ein erfolgreich abgeschlossenes Bachelorstudium, in dem mindes- tens 180 Leistungspunkte erworben wurden bzw. ein gleichwertiges, erfolgreich abgeschlos- senes Studium. Erfolgreich abgeschlossen im Sinne der Ordnung über die Zulassung für den Studiengang Business Administration in der Studienrichtung Marketing ist ein Studium, wenn die Gesamtnote mindestens 2,7 beträgt. --- Page 7 --- Gültig für Studierende der PO 2015 (Einschreibung erfolgte letztmalig zum WiSe 2020/21) BUSINESS ADMINISTRATION : MARKETING - MASTER OF SCIENCE 3 Zusätzlich müssen folgende fachlichen Kriterien durch das Bachelorstudium nachgewi', 'mens führung im Sinne einer unternehmerischen Gesamtver antwortung wahrzunehmen als auch fachlich vertiefte und spezialisierte Kompetenzprofile für Funktionsbereiche oder Branchen zu erwerben. 3Damit sollen Studierenden Flexibilität und Vielfalt bei der Ausrichtung und Gestaltung von individuellen Kompetenzprof ilen gewährt werden. 4Zu weiteren beruflichen Perspektiven zählen auch Tätigkeiten in Forschung und akademischer Lehre. 5Studierende erwerben die Kompetenz, Fragen und Probleme in den genannten Tätigkeitsbereichen und Fachgebieten theoriegeleitet zu reflek tieren und methodengeleitet rational begründete, auf individuelle und kollektive Bedürfnisse abgestimmte Konzepte und Lösungen zu entwickeln und umzusetzen. 5Das Studium vermittelt die Fähigkeit und die Bereitschaft, sich durch eigene Weiterbildung den aktuellen Stand der wissenschaftlichen Erkenntnis und berufs praktische V orgehensweisen anzueignen. (2) Die Wirtschafts - und Sozialwissenschaftliche Fakultät der Universität zu Köln verleiht aufgrund des erfolgreichen Abschlusses des Masterstudiums den akade mischen Grad: Master of Science in Business Administration (M.Sc.). § 2 Zulassung zum Studiengang (1) Das Studium kann nur zu Beginn eines Wintersemesters aufgenommen werden. (2) Die Zulassungsvoraussetzungen und das Zulassungsverfahren sind in einer eigenen Ordnung der Wirtschafts - und Sozial wissenschaftlichen F akultät geregelt. § 3 Aufbau des Studiums und Studienumfang (1) 1Das Master studium umfasst den Erw', "on Criteria ................................ ................................ ......................... 11 --- Page 3 --- Page 3 of 11 § 1 Scope of application These regulations govern the access and admission to the m aster's programmes Business Administration Accounting and Taxation (M. Sc.), Business Administration Finance (M. Sc.), Business Administration Corporate Development (M. Sc.), Business Administration Marketing (M. Sc.), Business Administration Supply Chain Management (M. Sc.), Economics (M. Sc.), Political Science (M. A.), Information Systems (M. Sc.), Sociology : Social and Economic Psychology (M. Sc.) , Sociology: Social Research (M. Sc.) and Business Analytics and Econometrics ( M. Sc.) of the Faculty of Man agement, Economics and Social Sciences of the University of Cologne (hereinafter referred to as the master's programme s). § 2 Access requirements (1) 1It is an access requirement for the master's programme , including for applications for admission to a hig her semester, to possess a previous professionally qualifying degree [berufsqualifizierender Abschluss ] in a bachelor's programme corresponding to the respective Master's degree programme with a duration of at least six semesters in which at least 180 credit points were acquired, or to have successfully completed a relevant and equivalent professionally relevant course of study. 2Degrees acquired abroad shall be graded by the Admissions Committee on the basis of the assessment proposals published by", 'Master of Science\n\n# Master Business Administration\n\nSie studieren bereits M. Sc. Business Administration und möchten sich über Einzelheiten Ihres Master-Studiums informieren? Dann geht es auf den Seiten zum Studienaufbau weiter.\xa0\n\nAuf dieser Seite Sie alle Informationen zum Masterstudiengang Business Administration - von einem kurzen Überblick der wählbaren Spezialisierungen bis hin zu den Zugangsvoraussetzungen und dem Auswahlverfahren.\xa0\n\nDer Master in Business Administration an der Universität zu Köln bietet Ihnen ein hochspezialisiertes Programm und starke forschungs- und praxisorientierte Lehrinhalte. Die abschließende Masterarbeit kann deshalb sowohl an Forschung als auch Praxis orientieren und richtet sich so ganz nach Ihren individuellen Wünschen.\n\n## Überblick\n\nAbschluss: Master of Science\n\nDauer 4 Semester, Vollzeit\n\nBeginn: jährlich zum Wintersemester\n\nCredits: 120 ECTS\n\nSprache:\n\n- Spezialisierungen Corporate Development, Finance, Marketing, Supply Chain Management: nur Englisch\n- Spezialisierung Accounting & Taxation: Deutsch und Englisch\n\nGebühren:\nNur Semesterbeitrag (ca. 300€ pro Semester inklusive Ticket für den öffentlichen Nahverkehr, siehe hier für weitere Informationen)\n\nInhalt: Erlernen und Anwenden von Methoden und Techniken moderner Datenanalyse, künstlicher Intelligenz und maschinellem Lernen, um Probleme der Betriebs- und Wirtschaftswissenschaften lösen zu können.\n\nBewerbungsfrist: 15.06. (bitte beachten Sie die abweichenden Fristen für das Double Ma'] | H16: ['file://D:/Uni-Köln/Masterarbeit/Software/uzk-masterarbeit/data/pdf_cache/__wiso.uni-koeln.de_sites_fakultaet_dokumente_downloads_master_Zulassungsordnungen_ZO_WiSoMaster_202223.pdf', 'file://D:/Uni-Köln/Masterarbeit/Software/uzk-masterarbeit/data/pdf_cache/__wiso.uni-koeln.de_sites_fakultaet_dokumente_downloads_Modulhandbuecher_Studienjahr_22-23_MHB_PO2015_m_mhb_po2015_ba_marketing.pdf', 'file://D:/Uni-Köln/Masterarbeit/Software/uzk-masterarbeit/data/pdf_cache/__wiso.uni-koeln.de_sites_fakultaet_dokumente_PA_po_po_m_business_administration.pdf', 'file://D:/Uni-Köln/Masterarbeit/Software/uzk-masterarbeit/data/pdf_cache/__wiso.uni-koeln.de_sites_fakultaet_dokumente_downloads_master_Zulassungsordnungen_ZO_WiSoMaster_E.pdf', 'https://wiso.uni-koeln.de/de/studium/master/master-business-administration'] | I16: ['pdf', 'pdf', 'pdf', 'pdf', 'html'] | J16: =5/6 -> 0.83333333 | K16: 0.25 | L16: 0.3 | M16: 0.76590273 | N16: 0.26315789 | O16: 1 | P16: 0.11271523 | Q16: 0.061601307 | R16: 0.16079371 | S16: 0 | T16: 0 | U16: 21.333811 | V16: 3471 | W16: 347 | X16: 3818 | Y16: 0 | Z16: 5 | AA16: 21.333811

Sheet Human Erläuterungen
A1: Semantic Similarity
A2: Komplett abweichend | B2: Stark abweichend | C2: Teilweise ähnlich | D2: Annähernd identisch | E2: Komplett zutreffend
A3: 0 | B3: 0.25 | C3: 0.5 | D3: 0.75 | E3: 1
A6: Answer Relevancy
A7: Irrelevant | B7: Fast Irrelevant | C7: Teilweise Relevant | D7: Sehr Relevant | E7: Absolut Relevant
A8: 0 | B8: 0.25 | C8: 0.5 | D8: 0.75 | E8: 1

Sheet Ränge
A1: Human
A2: ID | B2: faithfulness | C2: context_recall | D2: context_precision | E2: context_entity_recall | F2: answer_relevancy
A3: 1 | B3: =_xlfn.RANK.EQ('Human Details'!J2,'Human Details'!$J$2:$J$16) -> 1 | C3: =_xlfn.RANK.EQ('Human Details'!K2,'Human Details'!$K$2:$K$16) -> 1 | D3: =_xlfn.RANK.EQ('Human Details'!L2,'Human Details'!$L$2:$L$16) -> 4 | E3: =_xlfn.RANK.EQ('Human Details'!N2,'Human Details'!$N$2:$N$16) -> 7 | F3: =_xlfn.RANK.EQ('Human Details'!O2,'Human Details'!$O$2:$O$16) -> 1
A4: 8 | B4: =_xlfn.RANK.EQ('Human Details'!J3,'Human Details'!$J$2:$J$16) -> 13 | C4: =_xlfn.RANK.EQ('Human Details'!K3,'Human Details'!$K$2:$K$16) -> 11 | D4: =_xlfn.RANK.EQ('Human Details'!L3,'Human Details'!$L$2:$L$16) -> 11 | E4: =_xlfn.RANK.EQ('Human Details'!N3,'Human Details'!$N$2:$N$16) -> 12 | F4: =_xlfn.RANK.EQ('Human Details'!O3,'Human Details'!$O$2:$O$16) -> 10
A5: 11 | B5: =_xlfn.RANK.EQ('Human Details'!J4,'Human Details'!$J$2:$J$16) -> 1 | C5: =_xlfn.RANK.EQ('Human Details'!K4,'Human Details'!$K$2:$K$16) -> 7 | D5: =_xlfn.RANK.EQ('Human Details'!L4,'Human Details'!$L$2:$L$16) -> 7 | E5: =_xlfn.RANK.EQ('Human Details'!N4,'Human Details'!$N$2:$N$16) -> 1 | F5: =_xlfn.RANK.EQ('Human Details'!O4,'Human Details'!$O$2:$O$16) -> 1
A6: 17 | B6: =_xlfn.RANK.EQ('Human Details'!J5,'Human Details'!$J$2:$J$16) -> 1 | C6: =_xlfn.RANK.EQ('Human Details'!K5,'Human Details'!$K$2:$K$16) -> 1 | D6: =_xlfn.RANK.EQ('Human Details'!L5,'Human Details'!$L$2:$L$16) -> 7 | E6: =_xlfn.RANK.EQ('Human Details'!N5,'Human Details'!$N$2:$N$16) -> 1 | F6: =_xlfn.RANK.EQ('Human Details'!O5,'Human Details'!$O$2:$O$16) -> 1
A7: 20 | B7: =_xlfn.RANK.EQ('Human Details'!J6,'Human Details'!$J$2:$J$16) -> 1 | C7: =_xlfn.RANK.EQ('Human Details'!K6,'Human Details'!$K$2:$K$16) -> 5 | D7: =_xlfn.RANK.EQ('Human Details'!L6,'Human Details'!$L$2:$L$16) -> 3 | E7: =_xlfn.RANK.EQ('Human Details'!N6,'Human Details'!$N$2:$N$16) -> 5 | F7: =_xlfn.RANK.EQ('Human Details'!O6,'Human Details'!$O$2:$O$16) -> 1
A8: 30 | B8: =_xlfn.RANK.EQ('Human Details'!J7,'Human Details'!$J$2:$J$16) -> 13 | C8: =_xlfn.RANK.EQ('Human Details'!K7,'Human Details'!$K$2:$K$16) -> 11 | D8: =_xlfn.RANK.EQ('Human Details'!L7,'Human Details'!$L$2:$L$16) -> 11 | E8: =_xlfn.RANK.EQ('Human Details'!N7,'Human Details'!$N$2:$N$16) -> 12 | F8: =_xlfn.RANK.EQ('Human Details'!O7,'Human Details'!$O$2:$O$16) -> 10
A9: 33 | B9: =_xlfn.RANK.EQ('Human Details'!J8,'Human Details'!$J$2:$J$16) -> 1 | C9: =_xlfn.RANK.EQ('Human Details'!K8,'Human Details'!$K$2:$K$16) -> 1 | D9: =_xlfn.RANK.EQ('Human Details'!L8,'Human Details'!$L$2:$L$16) -> 2 | E9: =_xlfn.RANK.EQ('Human Details'!N8,'Human Details'!$N$2:$N$16) -> 1 | F9: =_xlfn.RANK.EQ('Human Details'!O8,'Human Details'!$O$2:$O$16) -> 1
A10: 34 | B10: =_xlfn.RANK.EQ('Human Details'!J9,'Human Details'!$J$2:$J$16) -> 12 | C10: =_xlfn.RANK.EQ('Human Details'!K9,'Human Details'!$K$2:$K$16) -> 11 | D10: =_xlfn.RANK.EQ('Human Details'!L9,'Human Details'!$L$2:$L$16) -> 11 | E10: =_xlfn.RANK.EQ('Human Details'!N9,'Human Details'!$N$2:$N$16) -> 12 | F10: =_xlfn.RANK.EQ('Human Details'!O9,'Human Details'!$O$2:$O$16) -> 10
A11: 64 | B11: =_xlfn.RANK.EQ('Human Details'!J10,'Human Details'!$J$2:$J$16) -> 13 | C11: =_xlfn.RANK.EQ('Human Details'!K10,'Human Details'!$K$2:$K$16) -> 11 | D11: =_xlfn.RANK.EQ('Human Details'!L10,'Human Details'!$L$2:$L$16) -> 11 | E11: =_xlfn.RANK.EQ('Human Details'!N10,'Human Details'!$N$2:$N$16) -> 12 | F11: =_xlfn.RANK.EQ('Human Details'!O10,'Human Details'!$O$2:$O$16) -> 15
A12: 65 | B12: =_xlfn.RANK.EQ('Human Details'!J11,'Human Details'!$J$2:$J$16) -> 1 | C12: =_xlfn.RANK.EQ('Human Details'!K11,'Human Details'!$K$2:$K$16) -> 1 | D12: =_xlfn.RANK.EQ('Human Details'!L11,'Human Details'!$L$2:$L$16) -> 6 | E12: =_xlfn.RANK.EQ('Human Details'!N11,'Human Details'!$N$2:$N$16) -> 1 | F12: =_xlfn.RANK.EQ('Human Details'!O11,'Human Details'!$O$2:$O$16) -> 1
A13: 84 | B13: =_xlfn.RANK.EQ('Human Details'!J12,'Human Details'!$J$2:$J$16) -> 10 | C13: =_xlfn.RANK.EQ('Human Details'!K12,'Human Details'!$K$2:$K$16) -> 10 | D13: =_xlfn.RANK.EQ('Human Details'!L12,'Human Details'!$L$2:$L$16) -> 1 | E13: =_xlfn.RANK.EQ('Human Details'!N12,'Human Details'!$N$2:$N$16) -> 11 | F13: =_xlfn.RANK.EQ('Human Details'!O12,'Human Details'!$O$2:$O$16) -> 1
A14: 89 | B14: =_xlfn.RANK.EQ('Human Details'!J13,'Human Details'!$J$2:$J$16) -> 11 | C14: =_xlfn.RANK.EQ('Human Details'!K13,'Human Details'!$K$2:$K$16) -> 11 | D14: =_xlfn.RANK.EQ('Human Details'!L13,'Human Details'!$L$2:$L$16) -> 11 | E14: =_xlfn.RANK.EQ('Human Details'!N13,'Human Details'!$N$2:$N$16) -> 9 | F14: =_xlfn.RANK.EQ('Human Details'!O13,'Human Details'!$O$2:$O$16) -> 10
... A17: 110 | B17: =_xlfn.RANK.EQ('Human Details'!J16,'Human Details'!$J$2:$J$16) -> 8 | C17: =_xlfn.RANK.EQ('Human Details'!K16,'Human Details'!$K$2:$K$16) -> 8 | D17: =_xlfn.RANK.EQ('Human Details'!L16,'Human Details'!$L$2:$L$16) -> 9 | E17: =_xlfn.RANK.EQ('Human Details'!N16,'Human Details'!$N$2:$N$16) -> 8 | F17: =_xlfn.RANK.EQ('Human Details'!O16,'Human Details'!$O$2:$O$16) -> 1
A19: ID | B19: faithfulness | C19: context_recall | D19: context_precision | E19: context_entity_recall | F19: answer_relevancy | G19: gpt-4.1-mini
A20: 1 | B20: =_xlfn.RANK.EQ('GPT-4.1-mini'!J2,'GPT-4.1-mini'!$J$2:$J$16) -> 9 | C20: =_xlfn.RANK.EQ('GPT-4.1-mini'!K2,'GPT-4.1-mini'!$K$2:$K$16) -> 1 | D20: =_xlfn.RANK.EQ('GPT-4.1-mini'!L2,'GPT-4.1-mini'!$L$2:$L$16) -> 7 | E20: =_xlfn.RANK.EQ('GPT-4.1-mini'!N2,'GPT-4.1-mini'!$N$2:$N$16) -> 8 | F20: =_xlfn.RANK.EQ('GPT-4.1-mini'!O2,'GPT-4.1-mini'!$O$2:$O$16) -> 10
A21: 8 | B21: =_xlfn.RANK.EQ('GPT-4.1-mini'!J3,'GPT-4.1-mini'!$J$2:$J$16) -> 11 | C21: =_xlfn.RANK.EQ('GPT-4.1-mini'!K3,'GPT-4.1-mini'!$K$2:$K$16) -> 11 | D21: =_xlfn.RANK.EQ('GPT-4.1-mini'!L3,'GPT-4.1-mini'!$L$2:$L$16) -> 11 | E21: =_xlfn.RANK.EQ('GPT-4.1-mini'!N3,'GPT-4.1-mini'!$N$2:$N$16) -> 12 | F21: =_xlfn.RANK.EQ('GPT-4.1-mini'!O3,'GPT-4.1-mini'!$O$2:$O$16) -> 3
A22: 11 | B22: =_xlfn.RANK.EQ('GPT-4.1-mini'!J4,'GPT-4.1-mini'!$J$2:$J$16) -> 1 | C22: =_xlfn.RANK.EQ('GPT-4.1-mini'!K4,'GPT-4.1-mini'!$K$2:$K$16) -> 1 | D22: =_xlfn.RANK.EQ('GPT-4.1-mini'!L4,'GPT-4.1-mini'!$L$2:$L$16) -> 2 | E22: =_xlfn.RANK.EQ('GPT-4.1-mini'!N4,'GPT-4.1-mini'!$N$2:$N$16) -> 6 | F22: =_xlfn.RANK.EQ('GPT-4.1-mini'!O4,'GPT-4.1-mini'!$O$2:$O$16) -> 1
A23: 17 | B23: =_xlfn.RANK.EQ('GPT-4.1-mini'!J5,'GPT-4.1-mini'!$J$2:$J$16) -> 1 | C23: =_xlfn.RANK.EQ('GPT-4.1-mini'!K5,'GPT-4.1-mini'!$K$2:$K$16) -> 1 | D23: =_xlfn.RANK.EQ('GPT-4.1-mini'!L5,'GPT-4.1-mini'!$L$2:$L$16) -> 9 | E23: =_xlfn.RANK.EQ('GPT-4.1-mini'!N5,'GPT-4.1-mini'!$N$2:$N$16) -> 3 | F23: =_xlfn.RANK.EQ('GPT-4.1-mini'!O5,'GPT-4.1-mini'!$O$2:$O$16) -> 9
A24: 20 | B24: =_xlfn.RANK.EQ('GPT-4.1-mini'!J6,'GPT-4.1-mini'!$J$2:$J$16) -> 1 | C24: =_xlfn.RANK.EQ('GPT-4.1-mini'!K6,'GPT-4.1-mini'!$K$2:$K$16) -> 7 | D24: =_xlfn.RANK.EQ('GPT-4.1-mini'!L6,'GPT-4.1-mini'!$L$2:$L$16) -> 5 | E24: =_xlfn.RANK.EQ('GPT-4.1-mini'!N6,'GPT-4.1-mini'!$N$2:$N$16) -> 2 | F24: =_xlfn.RANK.EQ('GPT-4.1-mini'!O6,'GPT-4.1-mini'!$O$2:$O$16) -> 11
A25: 30 | B25: =_xlfn.RANK.EQ('GPT-4.1-mini'!J7,'GPT-4.1-mini'!$J$2:$J$16) -> 14 | C25: =_xlfn.RANK.EQ('GPT-4.1-mini'!K7,'GPT-4.1-mini'!$K$2:$K$16) -> 11 | D25: =_xlfn.RANK.EQ('GPT-4.1-mini'!L7,'GPT-4.1-mini'!$L$2:$L$16) -> 11 | E25: =_xlfn.RANK.EQ('GPT-4.1-mini'!N7,'GPT-4.1-mini'!$N$2:$N$16) -> 12 | F25: =_xlfn.RANK.EQ('GPT-4.1-mini'!O7,'GPT-4.1-mini'!$O$2:$O$16) -> 12
A26: 33 | B26: =_xlfn.RANK.EQ('GPT-4.1-mini'!J8,'GPT-4.1-mini'!$J$2:$J$16) -> 1 | C26: =_xlfn.RANK.EQ('GPT-4.1-mini'!K8,'GPT-4.1-mini'!$K$2:$K$16) -> 1 | D26: =_xlfn.RANK.EQ('GPT-4.1-mini'!L8,'GPT-4.1-mini'!$L$2:$L$16) -> 3 | E26: =_xlfn.RANK.EQ('GPT-4.1-mini'!N8,'GPT-4.1-mini'!$N$2:$N$16) -> 1 | F26: =_xlfn.RANK.EQ('GPT-4.1-mini'!O8,'GPT-4.1-mini'!$O$2:$O$16) -> 4
A27: 34 | B27: =_xlfn.RANK.EQ('GPT-4.1-mini'!J9,'GPT-4.1-mini'!$J$2:$J$16) -> 12 | C27: =_xlfn.RANK.EQ('GPT-4.1-mini'!K9,'GPT-4.1-mini'!$K$2:$K$16) -> 11 | D27: =_xlfn.RANK.EQ('GPT-4.1-mini'!L9,'GPT-4.1-mini'!$L$2:$L$16) -> 11 | E27: =_xlfn.RANK.EQ('GPT-4.1-mini'!N9,'GPT-4.1-mini'!$N$2:$N$16) -> 12 | F27: =_xlfn.RANK.EQ('GPT-4.1-mini'!O9,'GPT-4.1-mini'!$O$2:$O$16) -> 7
A28: 64 | B28: =_xlfn.RANK.EQ('GPT-4.1-mini'!J10,'GPT-4.1-mini'!$J$2:$J$16) -> 15 | C28: =_xlfn.RANK.EQ('GPT-4.1-mini'!K10,'GPT-4.1-mini'!$K$2:$K$16) -> 9 | D28: =_xlfn.RANK.EQ('GPT-4.1-mini'!L10,'GPT-4.1-mini'!$L$2:$L$16) -> 11 | E28: =_xlfn.RANK.EQ('GPT-4.1-mini'!N10,'GPT-4.1-mini'!$N$2:$N$16) -> 12 | F28: =_xlfn.RANK.EQ('GPT-4.1-mini'!O10,'GPT-4.1-mini'!$O$2:$O$16) -> 14
A29: 65 | B29: =_xlfn.RANK.EQ('GPT-4.1-mini'!J11,'GPT-4.1-mini'!$J$2:$J$16) -> 1 | C29: =_xlfn.RANK.EQ('GPT-4.1-mini'!K11,'GPT-4.1-mini'!$K$2:$K$16) -> 1 | D29: =_xlfn.RANK.EQ('GPT-4.1-mini'!L11,'GPT-4.1-mini'!$L$2:$L$16) -> 7 | E29: =_xlfn.RANK.EQ('GPT-4.1-mini'!N11,'GPT-4.1-mini'!$N$2:$N$16) -> 5 | F29: =_xlfn.RANK.EQ('GPT-4.1-mini'!O11,'GPT-4.1-mini'!$O$2:$O$16) -> 13
A30: 84 | B30: =_xlfn.RANK.EQ('GPT-4.1-mini'!J12,'GPT-4.1-mini'!$J$2:$J$16) -> 10 | C30: =_xlfn.RANK.EQ('GPT-4.1-mini'!K12,'GPT-4.1-mini'!$K$2:$K$16) -> 8 | D30: =_xlfn.RANK.EQ('GPT-4.1-mini'!L12,'GPT-4.1-mini'!$L$2:$L$16) -> 3 | E30: =_xlfn.RANK.EQ('GPT-4.1-mini'!N12,'GPT-4.1-mini'!$N$2:$N$16) -> 10 | F30: =_xlfn.RANK.EQ('GPT-4.1-mini'!O12,'GPT-4.1-mini'!$O$2:$O$16) -> 5
A31: 89 | B31: =_xlfn.RANK.EQ('GPT-4.1-mini'!J13,'GPT-4.1-mini'!$J$2:$J$16) -> 13 | C31: =_xlfn.RANK.EQ('GPT-4.1-mini'!K13,'GPT-4.1-mini'!$K$2:$K$16) -> 11 | D31: =_xlfn.RANK.EQ('GPT-4.1-mini'!L13,'GPT-4.1-mini'!$L$2:$L$16) -> 11 | E31: =_xlfn.RANK.EQ('GPT-4.1-mini'!N13,'GPT-4.1-mini'!$N$2:$N$16) -> 4 | F31: =_xlfn.RANK.EQ('GPT-4.1-mini'!O13,'GPT-4.1-mini'!$O$2:$O$16) -> 14
... A34: 110 | B34: =_xlfn.RANK.EQ('GPT-4.1-mini'!J16,'GPT-4.1-mini'!$J$2:$J$16) -> 1 | C34: =_xlfn.RANK.EQ('GPT-4.1-mini'!K16,'GPT-4.1-mini'!$K$2:$K$16) -> 11 | D34: =_xlfn.RANK.EQ('GPT-4.1-mini'!L16,'GPT-4.1-mini'!$L$2:$L$16) -> 6 | E34: =_xlfn.RANK.EQ('GPT-4.1-mini'!N16,'GPT-4.1-mini'!$N$2:$N$16) -> 11 | F34: =_xlfn.RANK.EQ('GPT-4.1-mini'!O16,'GPT-4.1-mini'!$O$2:$O$16) -> 6
A36: ID | B36: faithfulness | C36: context_recall | D36: context_precision | E36: context_entity_recall | F36: answer_relevancy | G36: gpt-5.2
A37: 1 | B37: =_xlfn.RANK.EQ('GPT-5.2'!J2,'GPT-5.2'!$J$2:$J$16) -> 5 | C37: =_xlfn.RANK.EQ('GPT-5.2'!K2,'GPT-5.2'!$K$2:$K$16) -> 8 | D37: =_xlfn.RANK.EQ('GPT-5.2'!L2,'GPT-5.2'!$L$2:$L$16) -> 6 | E37: =_xlfn.RANK.EQ('GPT-5.2'!N2,'GPT-5.2'!$N$2:$N$16) -> 1 | F37: =_xlfn.RANK.EQ('GPT-5.2'!O2,'GPT-5.2'!$O$2:$O$16) -> 10
A38: 8 | B38: =_xlfn.RANK.EQ('GPT-5.2'!J3,'GPT-5.2'!$J$2:$J$16) -> 12 | C38: =_xlfn.RANK.EQ('GPT-5.2'!K3,'GPT-5.2'!$K$2:$K$16) -> 8 | D38: =_xlfn.RANK.EQ('GPT-5.2'!L3,'GPT-5.2'!$L$2:$L$16) -> 11 | E38: =_xlfn.RANK.EQ('GPT-5.2'!N3,'GPT-5.2'!$N$2:$N$16) -> 11 | F38: =_xlfn.RANK.EQ('GPT-5.2'!O3,'GPT-5.2'!$O$2:$O$16) -> 6
A39: 11 | B39: =_xlfn.RANK.EQ('GPT-5.2'!J4,'GPT-5.2'!$J$2:$J$16) -> 6 | C39: =_xlfn.RANK.EQ('GPT-5.2'!K4,'GPT-5.2'!$K$2:$K$16) -> 1 | D39: =_xlfn.RANK.EQ('GPT-5.2'!L4,'GPT-5.2'!$L$2:$L$16) -> 1 | E39: =_xlfn.RANK.EQ('GPT-5.2'!N4,'GPT-5.2'!$N$2:$N$16) -> 2 | F39: =_xlfn.RANK.EQ('GPT-5.2'!O4,'GPT-5.2'!$O$2:$O$16) -> 1
A40: 17 | B40: =_xlfn.RANK.EQ('GPT-5.2'!J5,'GPT-5.2'!$J$2:$J$16) -> 1 | C40: =_xlfn.RANK.EQ('GPT-5.2'!K5,'GPT-5.2'!$K$2:$K$16) -> 1 | D40: =_xlfn.RANK.EQ('GPT-5.2'!L5,'GPT-5.2'!$L$2:$L$16) -> 9 | E40: =_xlfn.RANK.EQ('GPT-5.2'!N5,'GPT-5.2'!$N$2:$N$16) -> 3 | F40: =_xlfn.RANK.EQ('GPT-5.2'!O5,'GPT-5.2'!$O$2:$O$16) -> 9
A41: 20 | B41: =_xlfn.RANK.EQ('GPT-5.2'!J6,'GPT-5.2'!$J$2:$J$16) -> 1 | C41: =_xlfn.RANK.EQ('GPT-5.2'!K6,'GPT-5.2'!$K$2:$K$16) -> 8 | D41: =_xlfn.RANK.EQ('GPT-5.2'!L6,'GPT-5.2'!$L$2:$L$16) -> 4 | E41: =_xlfn.RANK.EQ('GPT-5.2'!N6,'GPT-5.2'!$N$2:$N$16) -> 10 | F41: =_xlfn.RANK.EQ('GPT-5.2'!O6,'GPT-5.2'!$O$2:$O$16) -> 12
A42: 30 | B42: =_xlfn.RANK.EQ('GPT-5.2'!J7,'GPT-5.2'!$J$2:$J$16) -> 15 | C42: =_xlfn.RANK.EQ('GPT-5.2'!K7,'GPT-5.2'!$K$2:$K$16) -> 8 | D42: =_xlfn.RANK.EQ('GPT-5.2'!L7,'GPT-5.2'!$L$2:$L$16) -> 11 | E42: =_xlfn.RANK.EQ('GPT-5.2'!N7,'GPT-5.2'!$N$2:$N$16) -> 11 | F42: =_xlfn.RANK.EQ('GPT-5.2'!O7,'GPT-5.2'!$O$2:$O$16) -> 13
A43: 33 | B43: =_xlfn.RANK.EQ('GPT-5.2'!J8,'GPT-5.2'!$J$2:$J$16) -> 1 | C43: =_xlfn.RANK.EQ('GPT-5.2'!K8,'GPT-5.2'!$K$2:$K$16) -> 1 | D43: =_xlfn.RANK.EQ('GPT-5.2'!L8,'GPT-5.2'!$L$2:$L$16) -> 3 | E43: =_xlfn.RANK.EQ('GPT-5.2'!N8,'GPT-5.2'!$N$2:$N$16) -> 4 | F43: =_xlfn.RANK.EQ('GPT-5.2'!O8,'GPT-5.2'!$O$2:$O$16) -> 3
A44: 34 | B44: =_xlfn.RANK.EQ('GPT-5.2'!J9,'GPT-5.2'!$J$2:$J$16) -> 7 | C44: =_xlfn.RANK.EQ('GPT-5.2'!K9,'GPT-5.2'!$K$2:$K$16) -> 8 | D44: =_xlfn.RANK.EQ('GPT-5.2'!L9,'GPT-5.2'!$L$2:$L$16) -> 11 | E44: =_xlfn.RANK.EQ('GPT-5.2'!N9,'GPT-5.2'!$N$2:$N$16) -> 11 | F44: =_xlfn.RANK.EQ('GPT-5.2'!O9,'GPT-5.2'!$O$2:$O$16) -> 5
A45: 64 | B45: =_xlfn.RANK.EQ('GPT-5.2'!J10,'GPT-5.2'!$J$2:$J$16) -> 13 | C45: =_xlfn.RANK.EQ('GPT-5.2'!K10,'GPT-5.2'!$K$2:$K$16) -> 8 | D45: =_xlfn.RANK.EQ('GPT-5.2'!L10,'GPT-5.2'!$L$2:$L$16) -> 11 | E45: =_xlfn.RANK.EQ('GPT-5.2'!N10,'GPT-5.2'!$N$2:$N$16) -> 11 | F45: =_xlfn.RANK.EQ('GPT-5.2'!O10,'GPT-5.2'!$O$2:$O$16) -> 14
A46: 65 | B46: =_xlfn.RANK.EQ('GPT-5.2'!J11,'GPT-5.2'!$J$2:$J$16) -> 1 | C46: =_xlfn.RANK.EQ('GPT-5.2'!K11,'GPT-5.2'!$K$2:$K$16) -> 4 | D46: =_xlfn.RANK.EQ('GPT-5.2'!L11,'GPT-5.2'!$L$2:$L$16) -> 8 | E46: =_xlfn.RANK.EQ('GPT-5.2'!N11,'GPT-5.2'!$N$2:$N$16) -> 7 | F46: =_xlfn.RANK.EQ('GPT-5.2'!O11,'GPT-5.2'!$O$2:$O$16) -> 11
A47: 84 | B47: =_xlfn.RANK.EQ('GPT-5.2'!J12,'GPT-5.2'!$J$2:$J$16) -> 10 | C47: =_xlfn.RANK.EQ('GPT-5.2'!K12,'GPT-5.2'!$K$2:$K$16) -> 6 | D47: =_xlfn.RANK.EQ('GPT-5.2'!L12,'GPT-5.2'!$L$2:$L$16) -> 2 | E47: =_xlfn.RANK.EQ('GPT-5.2'!N12,'GPT-5.2'!$N$2:$N$16) -> 11 | F47: =_xlfn.RANK.EQ('GPT-5.2'!O12,'GPT-5.2'!$O$2:$O$16) -> 8
A48: 89 | B48: =_xlfn.RANK.EQ('GPT-5.2'!J13,'GPT-5.2'!$J$2:$J$16) -> 14 | C48: =_xlfn.RANK.EQ('GPT-5.2'!K13,'GPT-5.2'!$K$2:$K$16) -> 8 | D48: =_xlfn.RANK.EQ('GPT-5.2'!L13,'GPT-5.2'!$L$2:$L$16) -> 11 | E48: =_xlfn.RANK.EQ('GPT-5.2'!N13,'GPT-5.2'!$N$2:$N$16) -> 5 | F48: =_xlfn.RANK.EQ('GPT-5.2'!O13,'GPT-5.2'!$O$2:$O$16) -> 14
... A51: 110 | B51: =_xlfn.RANK.EQ('GPT-5.2'!J16,'GPT-5.2'!$J$2:$J$16) -> 9 | C51: =_xlfn.RANK.EQ('GPT-5.2'!K16,'GPT-5.2'!$K$2:$K$16) -> 8 | D51: =_xlfn.RANK.EQ('GPT-5.2'!L16,'GPT-5.2'!$L$2:$L$16) -> 7 | E51: =_xlfn.RANK.EQ('GPT-5.2'!N16,'GPT-5.2'!$N$2:$N$16) -> 9 | F51: =_xlfn.RANK.EQ('GPT-5.2'!O16,'GPT-5.2'!$O$2:$O$16) -> 2
A53: ID | B53: faithfulness | C53: context_recall | D53: context_precision | E53: context_entity_recall | F53: answer_relevancy | G53: qwen
A54: 1 | B54: =_xlfn.RANK.EQ(Qwen!J2,Qwen!$J$2:$J$16) -> 6 | C54: =_xlfn.RANK.EQ(Qwen!K2,Qwen!$K$2:$K$16) -> 1 | D54: =_xlfn.RANK.EQ(Qwen!L2,Qwen!$L$2:$L$16) -> 12 | E54: =_xlfn.RANK.EQ(Qwen!N2,Qwen!$N$2:$N$16) -> 5 | F54: =_xlfn.RANK.EQ(Qwen!O2,Qwen!$O$2:$O$16) -> 10
A55: 8 | B55: =_xlfn.RANK.EQ(Qwen!J3,Qwen!$J$2:$J$16) -> 12 | C55: =_xlfn.RANK.EQ(Qwen!K3,Qwen!$K$2:$K$16) -> 12 | D55: =_xlfn.RANK.EQ(Qwen!L3,Qwen!$L$2:$L$16) -> 13 | E55: =_xlfn.RANK.EQ(Qwen!N3,Qwen!$N$2:$N$16) -> 8 | F55: =_xlfn.RANK.EQ(Qwen!O3,Qwen!$O$2:$O$16) -> 4
A56: 11 | B56: =_xlfn.RANK.EQ(Qwen!J4,Qwen!$J$2:$J$16) -> 9 | C56: =_xlfn.RANK.EQ(Qwen!K4,Qwen!$K$2:$K$16) -> 1 | D56: =_xlfn.RANK.EQ(Qwen!L4,Qwen!$L$2:$L$16) -> 7 | E56: =_xlfn.RANK.EQ(Qwen!N4,Qwen!$N$2:$N$16) -> 2 | F56: =_xlfn.RANK.EQ(Qwen!O4,Qwen!$O$2:$O$16) -> 5
A57: 17 | B57: =_xlfn.RANK.EQ(Qwen!J5,Qwen!$J$2:$J$16) -> 1 | C57: =_xlfn.RANK.EQ(Qwen!K5,Qwen!$K$2:$K$16) -> 1 | D57: =_xlfn.RANK.EQ(Qwen!L5,Qwen!$L$2:$L$16) -> 6 | E57: =_xlfn.RANK.EQ(Qwen!N5,Qwen!$N$2:$N$16) -> 1 | F57: =_xlfn.RANK.EQ(Qwen!O5,Qwen!$O$2:$O$16) -> 9
A58: 20 | B58: =_xlfn.RANK.EQ(Qwen!J6,Qwen!$J$2:$J$16) -> 6 | C58: =_xlfn.RANK.EQ(Qwen!K6,Qwen!$K$2:$K$16) -> 12 | D58: =_xlfn.RANK.EQ(Qwen!L6,Qwen!$L$2:$L$16) -> 10 | E58: =_xlfn.RANK.EQ(Qwen!N6,Qwen!$N$2:$N$16) -> 8 | F58: =_xlfn.RANK.EQ(Qwen!O6,Qwen!$O$2:$O$16) -> 12
A59: 30 | B59: =_xlfn.RANK.EQ(Qwen!J7,Qwen!$J$2:$J$16) -> 14 | C59: =_xlfn.RANK.EQ(Qwen!K7,Qwen!$K$2:$K$16) -> 12 | D59: =_xlfn.RANK.EQ(Qwen!L7,Qwen!$L$2:$L$16) -> 13 | E59: =_xlfn.RANK.EQ(Qwen!N7,Qwen!$N$2:$N$16) -> 8 | F59: =_xlfn.RANK.EQ(Qwen!O7,Qwen!$O$2:$O$16) -> 13
A60: 33 | B60: =_xlfn.RANK.EQ(Qwen!J8,Qwen!$J$2:$J$16) -> 1 | C60: =_xlfn.RANK.EQ(Qwen!K8,Qwen!$K$2:$K$16) -> 1 | D60: =_xlfn.RANK.EQ(Qwen!L8,Qwen!$L$2:$L$16) -> 8 | E60: =_xlfn.RANK.EQ(Qwen!N8,Qwen!$N$2:$N$16) -> 3 | F60: =_xlfn.RANK.EQ(Qwen!O8,Qwen!$O$2:$O$16) -> 6
A61: 34 | B61: =_xlfn.RANK.EQ(Qwen!J9,Qwen!$J$2:$J$16) -> 11 | C61: =_xlfn.RANK.EQ(Qwen!K9,Qwen!$K$2:$K$16) -> 12 | D61: =_xlfn.RANK.EQ(Qwen!L9,Qwen!$L$2:$L$16) -> 13 | E61: =_xlfn.RANK.EQ(Qwen!N9,Qwen!$N$2:$N$16) -> 8 | F61: =_xlfn.RANK.EQ(Qwen!O9,Qwen!$O$2:$O$16) -> 2
A62: 64 | B62: =_xlfn.RANK.EQ(Qwen!J10,Qwen!$J$2:$J$16) -> 14 | C62: =_xlfn.RANK.EQ(Qwen!K10,Qwen!$K$2:$K$16) -> 9 | D62: =_xlfn.RANK.EQ(Qwen!L10,Qwen!$L$2:$L$16) -> 4 | E62: =_xlfn.RANK.EQ(Qwen!N10,Qwen!$N$2:$N$16) -> 8 | F62: =_xlfn.RANK.EQ(Qwen!O10,Qwen!$O$2:$O$16) -> 14
A63: 65 | B63: =_xlfn.RANK.EQ(Qwen!J11,Qwen!$J$2:$J$16) -> 1 | C63: =_xlfn.RANK.EQ(Qwen!K11,Qwen!$K$2:$K$16) -> 1 | D63: =_xlfn.RANK.EQ(Qwen!L11,Qwen!$L$2:$L$16) -> 1 | E63: =_xlfn.RANK.EQ(Qwen!N11,Qwen!$N$2:$N$16) -> 4 | F63: =_xlfn.RANK.EQ(Qwen!O11,Qwen!$O$2:$O$16) -> 11
A64: 84 | B64: =_xlfn.RANK.EQ(Qwen!J12,Qwen!$J$2:$J$16) -> 1 | C64: =_xlfn.RANK.EQ(Qwen!K12,Qwen!$K$2:$K$16) -> 1 | D64: =_xlfn.RANK.EQ(Qwen!L12,Qwen!$L$2:$L$16) -> 8 | E64: =_xlfn.RANK.EQ(Qwen!N12,Qwen!$N$2:$N$16) -> 8 | F64: =_xlfn.RANK.EQ(Qwen!O12,Qwen!$O$2:$O$16) -> 3
A65: 89 | B65: =_xlfn.RANK.EQ(Qwen!J13,Qwen!$J$2:$J$16) -> 12 | C65: =_xlfn.RANK.EQ(Qwen!K13,Qwen!$K$2:$K$16) -> 7 | D65: =_xlfn.RANK.EQ(Qwen!L13,Qwen!$L$2:$L$16) -> 4 | E65: =_xlfn.RANK.EQ(Qwen!N13,Qwen!$N$2:$N$16) -> 8 | F65: =_xlfn.RANK.EQ(Qwen!O13,Qwen!$O$2:$O$16) -> 14
... A68: 110 | B68: =_xlfn.RANK.EQ(Qwen!J16,Qwen!$J$2:$J$16) -> 10 | C68: =_xlfn.RANK.EQ(Qwen!K16,Qwen!$K$2:$K$16) -> 10 | D68: =_xlfn.RANK.EQ(Qwen!L16,Qwen!$L$2:$L$16) -> 11 | E68: =_xlfn.RANK.EQ(Qwen!N16,Qwen!$N$2:$N$16) -> 6 | F68: =_xlfn.RANK.EQ(Qwen!O16,Qwen!$O$2:$O$16) -> 1

Sheet Korrelation
A1: Rangkorrelation | B1: faithfulness | C1: context_recall | D1: context_precision | E1: context_entity_recall | F1: answer_relevancy
A2: qwen | B2: =CORREL(Ränge!$B$3:$B$17, Ränge!B54:B68) -> 0.74723294 | C2: =CORREL(Ränge!$C$3:$C$17, Ränge!C54:C68) -> 0.64965257 | D2: =CORREL(Ränge!$D$3:$D$17, Ränge!D54:D68) -> 0.098738939 | E2: =CORREL(Ränge!$E$3:$E$17, Ränge!E54:E68) -> 0.83434739 | F2: =CORREL(Ränge!$F$3:$F$17, Ränge!F54:F68) -> 0.28020649
A3: gpt-5.2 | B3: =CORREL(Ränge!$B$3:$B$17, Ränge!B37:B51) -> 0.86389759 | C3: =CORREL(Ränge!$C$3:$C$17, Ränge!C37:C51) -> 0.60008802 | D3: =CORREL(Ränge!$D$3:$D$17, Ränge!D37:D51) -> 0.84529851 | E3: =CORREL(Ränge!$E$3:$E$17, Ränge!E37:E51) -> 0.68608254 | F3: =CORREL(Ränge!$F$3:$F$17, Ränge!F37:F51) -> 0.42360253
A4: gpt-4.1-mini | B4: =CORREL(Ränge!$B$3:$B$17, Ränge!B20:B34) -> 0.80580479 | C4: =CORREL(Ränge!$C$3:$C$17, Ränge!C20:C34) -> 0.89126759 | D4: =CORREL(Ränge!$D$3:$D$17, Ränge!D20:D34) -> 0.80002307 | E4: =CORREL(Ränge!$E$3:$E$17, Ränge!E20:E34) -> 0.8253196 | F4: =CORREL(Ränge!$F$3:$F$17, Ränge!F20:F34) -> 0.39492332
A6: Pearson Korrelation | B6: faithfulness | C6: context_recall | D6: context_precision | E6: context_entity_recall | F6: answer_relevancy
A7: qwen | B7: =PEARSON('Human Details'!$J$2:$J$16, Qwen!$J$2:$J$16) -> 0.91372988 | C7: =PEARSON('Human Details'!$K$2:$K$16, Qwen!$K$2:$K$16) -> 0.56254279 | D7: =PEARSON('Human Details'!$L$2:$L$16, Qwen!$L$2:$L$16) -> 0.3610661 | E7: =PEARSON('Human Details'!$N$2:$N$16, Qwen!$N$2:$N$16) -> 0.68313053 | F7: =PEARSON('Human Details'!$O$2:$O$16, Qwen!$O$2:$O$16) -> 0.5420262
A8: gpt-4.1-mini | B8: =PEARSON('Human Details'!$J$2:$J$16, 'GPT-4.1-mini'!$J$2:$J$16) -> 0.78696677 | C8: =PEARSON('Human Details'!$K$2:$K$16, 'GPT-4.1-mini'!$K$2:$K$16) -> 0.88068586 | D8: =PEARSON('Human Details'!$L$2:$L$16, 'GPT-4.1-mini'!$L$2:$L$16) -> 0.79791103 | E8: =PEARSON('Human Details'!$N$2:$N$16, 'GPT-4.1-mini'!$N$2:$N$16) -> 0.7437735 | F8: =PEARSON('Human Details'!$O$2:$O$16, 'GPT-4.1-mini'!$O$2:$O$16) -> 0.55387628
A9: gpt-5.2 | B9: =PEARSON('Human Details'!$J$2:$J$16, 'GPT-5.2'!$J$2:$J$16) -> 0.83668121 | C9: =PEARSON('Human Details'!$K$2:$K$16, 'GPT-5.2'!$K$2:$K$16) -> 0.53898196 | D9: =PEARSON('Human Details'!$L$2:$L$16, 'GPT-5.2'!$L$2:$L$16) -> 0.85845087 | E9: =PEARSON('Human Details'!$N$2:$N$16, 'GPT-5.2'!$N$2:$N$16) -> 0.57596751 | F9: =PEARSON('Human Details'!$O$2:$O$16, 'GPT-5.2'!$O$2:$O$16) -> 0.55915864
B13: model | C13: preason | D13: Share of items with abs. deviation ≤ 0.5
A14: faithfulness | B14: qwen | C14: =B7 -> 0.91372988 | D14: =Metriken!K21 -> 1
B15: gpt-4.1 | C15: =B8 -> 0.78696677 | D15: =Metriken!C21 -> 0.86666667
B16: gpt-5.2 | C16: =B9 -> 0.83668121 | D16: =Metriken!G21 -> 0.93333333
A17: context recall | B17: qwen | C17: =C7 -> 0.56254279 | D17: =Metriken!K43 -> 0.73333333
B18: gpt-4.1 | C18: =C8 -> 0.88068586 | D18: =Metriken!C43 -> 0.93333333
B19: gpt-5.2 | C19: =C9 -> 0.53898196 | D19: =Metriken!G43 -> 0.8
A20: context precision | B20: qwen | C20: =D7 -> 0.3610661 | D20: =Metriken!K65 -> 0.6
B21: gpt-4.1 | C21: =D8 -> 0.79791103 | D21: =Metriken!C65 -> 0.93333333
B22: gpt-5.2 | C22: =D9 -> 0.85845087 | D22: =Metriken!G65 -> 0.93333333
A23: context entities recall | B23: qwen | C23: =E7 -> 0.68313053 | D23: =Metriken!K87 -> 0.73333333
B24: gpt-4.1 | C24: =E8 -> 0.7437735 | D24: =Metriken!C87 -> 0.86666667
B25: gpt-5.2 | C25: =E9 -> 0.57596751 | D25: =Metriken!G87 -> 0.73333333
A26: answer relevancy | B26: qwen | C26: =F7 -> 0.5420262 | D26: =Metriken!K109 -> 0.8
B27: gpt-4.1 | C27: =F8 -> 0.55387628 | D27: =Metriken!C109 -> 0.73333333
B28: gpt-5.2 | C28: =F9 -> 0.55915864 | D28: =Metriken!G109 -> 0.73333333

Sheet Metriken
A1: faithfulness
A2: ID | B2: Human | C2: GPT-4.1-mini | D2: Deviation | E2: Größer 0,5? | G2: GPT-5.2 | H2: Deviation | I2: Größer 0,5? | K2: Qwen | L2: Deviation | M2: Größer 0,5?
A3: 1 | B3: ='Human Details'!J2 -> 1 | C3: ='GPT-4.1-mini'!J2 -> 0.94444444 | D3: =ABS(C3-B3) -> 0.055555556 | E3: =IF(D3>=0.5, "Ja", "Nein") -> Nein | G3: ='GPT-5.2'!J2 -> 0.86956522 | H3: =ABS(G3-$B3) -> 0.13043478 | I3: =IF(H3>0.5, "Ja", "Nein") -> Nein | K3: =Qwen!J2 -> 0.88888889 | L3: =ABS(K3-$B3) -> 0.11111111 | M3: =IF(L3>=0.5, "Ja", "Nein") -> Nein
A4: 8 | B4: ='Human Details'!J3 -> 0 | C4: ='GPT-4.1-mini'!J3 -> 0.85714286 | D4: =ABS(C4-B4) -> 0.85714286 | E4: =IF(D4>=0.5, "Ja", "Nein") -> Ja | G4: ='GPT-5.2'!J3 -> 0.44444444 | H4: =ABS(G4-$B4) -> 0.44444444 | I4: =IF(H4>0.5, "Ja", "Nein") -> Nein | K4: =Qwen!J3 -> 0.4 | L4: =ABS(K4-$B4) -> 0.4 | M4: =IF(L4>=0.5, "Ja", "Nein") -> Nein
A5: 11 | B5: ='Human Details'!J4 -> 1 | C5: ='GPT-4.1-mini'!J4 -> 1 | D5: =ABS(C5-B5) -> 0 | E5: =IF(D5>=0.5, "Ja", "Nein") -> Nein | G5: ='GPT-5.2'!J4 -> 0.83333333 | H5: =ABS(G5-$B5) -> 0.16666667 | I5: =IF(H5>0.5, "Ja", "Nein") -> Nein | K5: =Qwen!J4 -> 0.81818182 | L5: =ABS(K5-$B5) -> 0.18181818 | M5: =IF(L5>=0.5, "Ja", "Nein") -> Nein
A6: 17 | B6: ='Human Details'!J5 -> 1 | C6: ='GPT-4.1-mini'!J5 -> 1 | D6: =ABS(C6-B6) -> 0 | E6: =IF(D6>=0.5, "Ja", "Nein") -> Nein | G6: ='GPT-5.2'!J5 -> 1 | H6: =ABS(G6-$B6) -> 0 | I6: =IF(H6>0.5, "Ja", "Nein") -> Nein | K6: =Qwen!J5 -> 1 | L6: =ABS(K6-$B6) -> 0 | M6: =IF(L6>=0.5, "Ja", "Nein") -> Nein
A7: 20 | B7: ='Human Details'!J6 -> 1 | C7: ='GPT-4.1-mini'!J6 -> 1 | D7: =ABS(C7-B7) -> 0 | E7: =IF(D7>=0.5, "Ja", "Nein") -> Nein | G7: ='GPT-5.2'!J6 -> 1 | H7: =ABS(G7-$B7) -> 0 | I7: =IF(H7>0.5, "Ja", "Nein") -> Nein | K7: =Qwen!J6 -> 0.88888889 | L7: =ABS(K7-$B7) -> 0.11111111 | M7: =IF(L7>=0.5, "Ja", "Nein") -> Nein
A8: 30 | B8: ='Human Details'!J7 -> 0 | C8: ='GPT-4.1-mini'!J7 -> 0.33333333 | D8: =ABS(C8-B8) -> 0.33333333 | E8: =IF(D8>=0.5, "Ja", "Nein") -> Nein | G8: ='GPT-5.2'!J7 -> 0 | H8: =ABS(G8-$B8) -> 0 | I8: =IF(H8>0.5, "Ja", "Nein") -> Nein | K8: =Qwen!J7 -> 0 | L8: =ABS(K8-$B8) -> 0 | M8: =IF(L8>=0.5, "Ja", "Nein") -> Nein
A9: 33 | B9: ='Human Details'!J8 -> 1 | C9: ='GPT-4.1-mini'!J8 -> 1 | D9: =ABS(C9-B9) -> 0 | E9: =IF(D9>=0.5, "Ja", "Nein") -> Nein | G9: ='GPT-5.2'!J8 -> 1 | H9: =ABS(G9-$B9) -> 0 | I9: =IF(H9>0.5, "Ja", "Nein") -> Nein | K9: =Qwen!J8 -> 1 | L9: =ABS(K9-$B9) -> 0 | M9: =IF(L9>=0.5, "Ja", "Nein") -> Nein
A10: 34 | B10: ='Human Details'!J9 -> 0.1 | C10: ='GPT-4.1-mini'!J9 -> 0.8 | D10: =ABS(C10-B10) -> 0.7 | E10: =IF(D10>=0.5, "Ja", "Nein") -> Ja | G10: ='GPT-5.2'!J9 -> 0.8 | H10: =ABS(G10-$B10) -> 0.7 | I10: =IF(H10>0.5, "Ja", "Nein") -> Ja | K10: =Qwen!J9 -> 0.5 | L10: =ABS(K10-$B10) -> 0.4 | M10: =IF(L10>=0.5, "Ja", "Nein") -> Nein
A11: 64 | B11: ='Human Details'!J10 -> 0 | C11: ='GPT-4.1-mini'!J10 -> 0 | D11: =ABS(C11-B11) -> 0 | E11: =IF(D11>=0.5, "Ja", "Nein") -> Nein | G11: ='GPT-5.2'!J10 -> 0.14285714 | H11: =ABS(G11-$B11) -> 0.14285714 | I11: =IF(H11>0.5, "Ja", "Nein") -> Nein | K11: =Qwen!J10 -> 0 | L11: =ABS(K11-$B11) -> 0 | M11: =IF(L11>=0.5, "Ja", "Nein") -> Nein
A12: 65 | B12: ='Human Details'!J11 -> 1 | C12: ='GPT-4.1-mini'!J11 -> 1 | D12: =ABS(C12-B12) -> 0 | E12: =IF(D12>=0.5, "Ja", "Nein") -> Nein | G12: ='GPT-5.2'!J11 -> 1 | H12: =ABS(G12-$B12) -> 0 | I12: =IF(H12>0.5, "Ja", "Nein") -> Nein | K12: =Qwen!J11 -> 1 | L12: =ABS(K12-$B12) -> 0 | M12: =IF(L12>=0.5, "Ja", "Nein") -> Nein
A13: 84 | B13: ='Human Details'!J12 -> 0.66666667 | C13: ='GPT-4.1-mini'!J12 -> 0.92307692 | D13: =ABS(C13-B13) -> 0.25641026 | E13: =IF(D13>=0.5, "Ja", "Nein") -> Nein | G13: ='GPT-5.2'!J12 -> 0.68 | H13: =ABS(G13-$B13) -> 0.013333333 | I13: =IF(H13>0.5, "Ja", "Nein") -> Nein | K13: =Qwen!J12 -> 1 | L13: =ABS(K13-$B13) -> 0.33333333 | M13: =IF(L13>=0.5, "Ja", "Nein") -> Nein
A14: 89 | B14: ='Human Details'!J13 -> 0.2 | C14: ='GPT-4.1-mini'!J13 -> 0.44444444 | D14: =ABS(C14-B14) -> 0.24444444 | E14: =IF(D14>=0.5, "Ja", "Nein") -> Nein | G14: ='GPT-5.2'!J13 -> 0.11111111 | H14: =ABS(G14-$B14) -> 0.088888889 | I14: =IF(H14>0.5, "Ja", "Nein") -> Nein | K14: =Qwen!J13 -> 0.4 | L14: =ABS(K14-$B14) -> 0.2 | M14: =IF(L14>=0.5, "Ja", "Nein") -> Nein
... A17: 110 | B17: ='Human Details'!J16 -> 0.83333333 | C17: ='GPT-4.1-mini'!J16 -> 1 | D17: =ABS(C17-B17) -> 0.16666667 | E17: =IF(D17>=0.5, "Ja", "Nein") -> Nein | G17: ='GPT-5.2'!J16 -> 0.76470588 | H17: =ABS(G17-$B17) -> 0.068627451 | I17: =IF(H17>0.5, "Ja", "Nein") -> Nein | K17: =Qwen!J16 -> 0.8 | L17: =ABS(K17-$B17) -> 0.033333333 | M17: =IF(L17>=0.5, "Ja", "Nein") -> Nein
B19: Anzahl Brauchbar | C19: =COUNTIFS(E3:E17, "Nein") -> 13 | F19: Anzahl Brauchbar | G19: =COUNTIFS(I3:I17, "Nein") -> 14 | J19: Anzahl Brauchbar | K19: =COUNTIFS(M3:M17, "Nein") -> 15
B20: Anzahl Unbrauchbar | C20: =COUNTIFS(E4:E18, "Ja") -> 2 | F20: Anzahl Unbrauchbar | G20: =COUNTIFS(I4:I18, "Ja") -> 1 | J20: Anzahl Unbrauchbar | K20: =COUNTIFS(M4:M18, "Ja") -> 0
B21: Anzahl 50-50 | C21: =1-C20/(C20+C19) -> 0.86666667 | F21: Anzahl 50-50 | G21: =1-G20/(G20+G19) -> 0.93333333 | J21: Anzahl 50-50 | K21: =1-K20/(K20+K19) -> 1
A23: context_recall
A24: ID | B24: Human | C24: GPT | D24: Deviation | E24: Größer 0,5? | G24: GPT-5.2 | H24: Deviation | I24: Größer 0,5? | K24: Qwen | L24: Deviation | M24: Größer 0,5?
A25: 1 | B25: ='Human Details'!K2 -> 1 | C25: ='GPT-4.1-mini'!K2 -> 1 | D25: =ABS(C25-B25) -> 0 | E25: =IF(D25>0.5, "Ja", "Nein") -> Nein | G25: ='GPT-5.2'!K2 -> 0 | H25: =ABS(G25-$B25) -> 1 | I25: =IF(H25>0.5, "Ja", "Nein") -> Ja | K25: =Qwen!K2 -> 1 | L25: =ABS(K25-$B25) -> 0 | M25: =IF(L25>=0.5, "Ja", "Nein") -> Nein
A26: 8 | B26: ='Human Details'!K3 -> 0 | C26: ='GPT-4.1-mini'!K3 -> 0 | D26: =ABS(C26-B26) -> 0 | E26: =IF(D26>0.5, "Ja", "Nein") -> Nein | G26: ='GPT-5.2'!K3 -> 0 | H26: =ABS(G26-$B26) -> 0 | I26: =IF(H26>0.5, "Ja", "Nein") -> Nein | K26: =Qwen!K3 -> 0 | L26: =ABS(K26-$B26) -> 0 | M26: =IF(L26>=0.5, "Ja", "Nein") -> Nein
A27: 11 | B27: ='Human Details'!K4 -> 0.33333333 | C27: ='GPT-4.1-mini'!K4 -> 1 | D27: =ABS(C27-B27) -> 0.66666667 | E27: =IF(D27>0.5, "Ja", "Nein") -> Ja | G27: ='GPT-5.2'!K4 -> 1 | H27: =ABS(G27-$B27) -> 0.66666667 | I27: =IF(H27>0.5, "Ja", "Nein") -> Ja | K27: =Qwen!K4 -> 1 | L27: =ABS(K27-$B27) -> 0.66666667 | M27: =IF(L27>=0.5, "Ja", "Nein") -> Ja
A28: 17 | B28: ='Human Details'!K5 -> 1 | C28: ='GPT-4.1-mini'!K5 -> 1 | D28: =ABS(C28-B28) -> 0 | E28: =IF(D28>0.5, "Ja", "Nein") -> Nein | G28: ='GPT-5.2'!K5 -> 1 | H28: =ABS(G28-$B28) -> 0 | I28: =IF(H28>0.5, "Ja", "Nein") -> Nein | K28: =Qwen!K5 -> 1 | L28: =ABS(K28-$B28) -> 0 | M28: =IF(L28>=0.5, "Ja", "Nein") -> Nein
A29: 20 | B29: ='Human Details'!K6 -> 0.85714286 | C29: ='GPT-4.1-mini'!K6 -> 0.66666667 | D29: =ABS(C29-B29) -> 0.19047619 | E29: =IF(D29>0.5, "Ja", "Nein") -> Nein | G29: ='GPT-5.2'!K6 -> 0 | H29: =ABS(G29-$B29) -> 0.85714286 | I29: =IF(H29>0.5, "Ja", "Nein") -> Ja | K29: =Qwen!K6 -> 0 | L29: =ABS(K29-$B29) -> 0.85714286 | M29: =IF(L29>=0.5, "Ja", "Nein") -> Ja
A30: 30 | B30: ='Human Details'!K7 -> 0 | C30: ='GPT-4.1-mini'!K7 -> 0 | D30: =ABS(C30-B30) -> 0 | E30: =IF(D30>0.5, "Ja", "Nein") -> Nein | G30: ='GPT-5.2'!K7 -> 0 | H30: =ABS(G30-$B30) -> 0 | I30: =IF(H30>0.5, "Ja", "Nein") -> Nein | K30: =Qwen!K7 -> 0 | L30: =ABS(K30-$B30) -> 0 | M30: =IF(L30>=0.5, "Ja", "Nein") -> Nein
A31: 33 | B31: ='Human Details'!K8 -> 1 | C31: ='GPT-4.1-mini'!K8 -> 1 | D31: =ABS(C31-B31) -> 0 | E31: =IF(D31>0.5, "Ja", "Nein") -> Nein | G31: ='GPT-5.2'!K8 -> 1 | H31: =ABS(G31-$B31) -> 0 | I31: =IF(H31>0.5, "Ja", "Nein") -> Nein | K31: =Qwen!K8 -> 1 | L31: =ABS(K31-$B31) -> 0 | M31: =IF(L31>=0.5, "Ja", "Nein") -> Nein
A32: 34 | B32: ='Human Details'!K9 -> 0 | C32: ='GPT-4.1-mini'!K9 -> 0 | D32: =ABS(C32-B32) -> 0 | E32: =IF(D32>0.5, "Ja", "Nein") -> Nein | G32: ='GPT-5.2'!K9 -> 0 | H32: =ABS(G32-$B32) -> 0 | I32: =IF(H32>0.5, "Ja", "Nein") -> Nein | K32: =Qwen!K9 -> 0 | L32: =ABS(K32-$B32) -> 0 | M32: =IF(L32>=0.5, "Ja", "Nein") -> Nein
A33: 64 | B33: ='Human Details'!K10 -> 0 | C33: ='GPT-4.1-mini'!K10 -> 0.28571429 | D33: =ABS(C33-B33) -> 0.28571429 | E33: =IF(D33>0.5, "Ja", "Nein") -> Nein | G33: ='GPT-5.2'!K10 -> 0 | H33: =ABS(G33-$B33) -> 0 | I33: =IF(H33>0.5, "Ja", "Nein") -> Nein | K33: =Qwen!K10 -> 0.28571429 | L33: =ABS(K33-$B33) -> 0.28571429 | M33: =IF(L33>=0.5, "Ja", "Nein") -> Nein
A34: 65 | B34: ='Human Details'!K11 -> 1 | C34: ='GPT-4.1-mini'!K11 -> 1 | D34: =ABS(C34-B34) -> 0 | E34: =IF(D34>0.5, "Ja", "Nein") -> Nein | G34: ='GPT-5.2'!K11 -> 0.5625 | H34: =ABS(G34-$B34) -> 0.4375 | I34: =IF(H34>0.5, "Ja", "Nein") -> Nein | K34: =Qwen!K11 -> 1 | L34: =ABS(K34-$B34) -> 0 | M34: =IF(L34>=0.5, "Ja", "Nein") -> Nein
A35: 84 | B35: ='Human Details'!K12 -> 0.16666667 | C35: ='GPT-4.1-mini'!K12 -> 0.4 | D35: =ABS(C35-B35) -> 0.23333333 | E35: =IF(D35>0.5, "Ja", "Nein") -> Nein | G35: ='GPT-5.2'!K12 -> 0.2 | H35: =ABS(G35-$B35) -> 0.033333333 | I35: =IF(H35>0.5, "Ja", "Nein") -> Nein | K35: =Qwen!K12 -> 1 | L35: =ABS(K35-$B35) -> 0.83333333 | M35: =IF(L35>=0.5, "Ja", "Nein") -> Ja
A36: 89 | B36: ='Human Details'!K13 -> 0 | C36: ='GPT-4.1-mini'!K13 -> 0 | D36: =ABS(C36-B36) -> 0 | E36: =IF(D36>0.5, "Ja", "Nein") -> Nein | G36: ='GPT-5.2'!K13 -> 0 | H36: =ABS(G36-$B36) -> 0 | I36: =IF(H36>0.5, "Ja", "Nein") -> Nein | K36: =Qwen!K13 -> 0.5 | L36: =ABS(K36-$B36) -> 0.5 | M36: =IF(L36>=0.5, "Ja", "Nein") -> Ja
... A39: 110 | B39: ='Human Details'!K16 -> 0.25 | C39: ='GPT-4.1-mini'!K16 -> 0 | D39: =ABS(C39-B39) -> 0.25 | E39: =IF(D39>0.5, "Ja", "Nein") -> Nein | G39: ='GPT-5.2'!K16 -> 0 | H39: =ABS(G39-$B39) -> 0.25 | I39: =IF(H39>0.5, "Ja", "Nein") -> Nein | K39: =Qwen!K16 -> 0.25 | L39: =ABS(K39-$B39) -> 0 | M39: =IF(L39>=0.5, "Ja", "Nein") -> Nein
B41: Anzahl Brauchbar | C41: =COUNTIFS(E25:E39,"Nein") -> 14 | F41: Anzahl Brauchbar | G41: =COUNTIFS(I25:I39, "Nein") -> 12 | J41: Anzahl Brauchbar | K41: =COUNTIFS(M25:M39, "Nein") -> 11
B42: Anzahl Unbrauchbar | C42: =COUNTIFS(E25:E39,"Ja") -> 1 | F42: Anzahl Unbrauchbar | G42: =COUNTIFS(I25:I39, "Ja") -> 3 | J42: Anzahl Unbrauchbar | K42: =COUNTIFS(M25:M39, "Ja") -> 4
B43: Anzahl 50-50 | C43: =1-C42/(C42+C41) -> 0.93333333 | F43: Anzahl 50-50 | G43: =1-G42/(G42+G41) -> 0.8 | J43: Anzahl 50-50 | K43: =1-K42/(K42+K41) -> 0.73333333
A45: context_precision
A46: ID | B46: Human | C46: GPT | D46: Deviation | E46: Größer 0,5? | G46: GPT-5.2 | H46: Deviation | I46: Größer 0,5? | K46: Qwen | L46: Deviation | M46: Größer 0,5?
A47: 1 | B47: ='Human Details'!L2 -> 0.68 | C47: ='GPT-4.1-mini'!L2 -> 0.41666667 | D47: =ABS(C47-B47) -> 0.26333333 | E47: =IF(D47>0.5, "Ja", "Nein") -> Nein | G47: ='GPT-5.2'!L2 -> 0.5 | H47: =ABS(G47-$B47) -> 0.18 | I47: =IF(H47>0.5, "Ja", "Nein") -> Nein | K47: =Qwen!L2 -> 0.41666667 | L47: =ABS(K47-$B47) -> 0.26333333 | M47: =IF(L47>=0.5, "Ja", "Nein") -> Nein
A48: 8 | B48: ='Human Details'!L3 -> 0 | C48: ='GPT-4.1-mini'!L3 -> 0 | D48: =ABS(C48-B48) -> 0 | E48: =IF(D48>0.5, "Ja", "Nein") -> Nein | G48: ='GPT-5.2'!L3 -> 0 | H48: =ABS(G48-$B48) -> 0 | I48: =IF(H48>0.5, "Ja", "Nein") -> Nein | K48: =Qwen!L3 -> 0 | L48: =ABS(K48-$B48) -> 0 | M48: =IF(L48>=0.5, "Ja", "Nein") -> Nein | N48: -
A49: 11 | B49: ='Human Details'!L4 -> 0.325 | C49: ='GPT-4.1-mini'!L4 -> 1 | D49: =ABS(C49-B49) -> 0.675 | E49: =IF(D49>0.5, "Ja", "Nein") -> Ja | G49: ='GPT-5.2'!L4 -> 1 | H49: =ABS(G49-$B49) -> 0.675 | I49: =IF(H49>0.5, "Ja", "Nein") -> Ja | K49: =Qwen!L4 -> 0.8875 | L49: =ABS(K49-$B49) -> 0.5625 | M49: =IF(L49>=0.5, "Ja", "Nein") -> Ja | N49: -
A50: 17 | B50: ='Human Details'!L5 -> 0.325 | C50: ='GPT-4.1-mini'!L5 -> 0.25 | D50: =ABS(C50-B50) -> 0.075 | E50: =IF(D50>0.5, "Ja", "Nein") -> Nein | G50: ='GPT-5.2'!L5 -> 0.25 | H50: =ABS(G50-$B50) -> 0.075 | I50: =IF(H50>0.5, "Ja", "Nein") -> Nein | K50: =Qwen!L5 -> 0.91666667 | L50: =ABS(K50-$B50) -> 0.59166667 | M50: =IF(L50>=0.5, "Ja", "Nein") -> Ja | N50: -
A51: 20 | B51: ='Human Details'!L6 -> 0.7 | C51: ='GPT-4.1-mini'!L6 -> 0.7 | D51: =ABS(C51-B51) -> 3.5000003e-11 | E51: =IF(D51>0.5, "Ja", "Nein") -> Nein | G51: ='GPT-5.2'!L6 -> 0.7 | H51: =ABS(G51-$B51) -> 3.5000003e-11 | I51: =IF(H51>0.5, "Ja", "Nein") -> Nein | K51: =Qwen!L6 -> 0.7 | L51: =ABS(K51-$B51) -> 3.5000003e-11 | M51: =IF(L51>=0.5, "Ja", "Nein") -> Nein
A52: 30 | B52: ='Human Details'!L7 -> 0 | C52: ='GPT-4.1-mini'!L7 -> 0 | D52: =ABS(C52-B52) -> 0 | E52: =IF(D52>0.5, "Ja", "Nein") -> Nein | G52: ='GPT-5.2'!L7 -> 0 | H52: =ABS(G52-$B52) -> 0 | I52: =IF(H52>0.5, "Ja", "Nein") -> Nein | K52: =Qwen!L7 -> 0 | L52: =ABS(K52-$B52) -> 0 | M52: =IF(L52>=0.5, "Ja", "Nein") -> Nein
A53: 33 | B53: ='Human Details'!L8 -> 0.87 | C53: ='GPT-4.1-mini'!L8 -> 0.86666667 | D53: =ABS(C53-B53) -> 0.0033333334 | E53: =IF(D53>0.5, "Ja", "Nein") -> Nein | G53: ='GPT-5.2'!L8 -> 0.86666667 | H53: =ABS(G53-$B53) -> 0.0033333334 | I53: =IF(H53>0.5, "Ja", "Nein") -> Nein | K53: =Qwen!L8 -> 0.86666667 | L53: =ABS(K53-$B53) -> 0.0033333334 | M53: =IF(L53>=0.5, "Ja", "Nein") -> Nein
A54: 34 | B54: ='Human Details'!L9 -> 0 | C54: ='GPT-4.1-mini'!L9 -> 0 | D54: =ABS(C54-B54) -> 0 | E54: =IF(D54>0.5, "Ja", "Nein") -> Nein | G54: ='GPT-5.2'!L9 -> 0 | H54: =ABS(G54-$B54) -> 0 | I54: =IF(H54>0.5, "Ja", "Nein") -> Nein | K54: =Qwen!L9 -> 0 | L54: =ABS(K54-$B54) -> 0 | M54: =IF(L54>=0.5, "Ja", "Nein") -> Nein
A55: 64 | B55: ='Human Details'!L10 -> 0 | C55: ='GPT-4.1-mini'!L10 -> 0 | D55: =ABS(C55-B55) -> 0 | E55: =IF(D55>0.5, "Ja", "Nein") -> Nein | G55: ='GPT-5.2'!L10 -> 0 | H55: =ABS(G55-$B55) -> 0 | I55: =IF(H55>0.5, "Ja", "Nein") -> Nein | K55: =Qwen!L10 -> 1 | L55: =ABS(K55-$B55) -> 1 | M55: =IF(L55>=0.5, "Ja", "Nein") -> Ja | N55: -
A56: 65 | B56: ='Human Details'!L11 -> 0.41666667 | C56: ='GPT-4.1-mini'!L11 -> 0.41666667 | D56: =ABS(C56-B56) -> 2.0833391e-11 | E56: =IF(D56>0.5, "Ja", "Nein") -> Nein | G56: ='GPT-5.2'!L11 -> 0.41666667 | H56: =ABS(G56-$B56) -> 2.0833391e-11 | I56: =IF(H56>0.5, "Ja", "Nein") -> Nein | K56: =Qwen!L11 -> 1 | L56: =ABS(K56-$B56) -> 0.58333333 | M56: =IF(L56>=0.5, "Ja", "Nein") -> Ja
A57: 84 | B57: ='Human Details'!L12 -> 0.95 | C57: ='GPT-4.1-mini'!L12 -> 0.86666667 | D57: =ABS(C57-B57) -> 0.083333333 | E57: =IF(D57>0.5, "Ja", "Nein") -> Nein | G57: ='GPT-5.2'!L12 -> 1 | H57: =ABS(G57-$B57) -> 0.05 | I57: =IF(H57>0.5, "Ja", "Nein") -> Nein | K57: =Qwen!L12 -> 0.86666667 | L57: =ABS(K57-$B57) -> 0.083333333 | M57: =IF(L57>=0.5, "Ja", "Nein") -> Nein
A58: 89 | B58: ='Human Details'!L13 -> 0 | C58: ='GPT-4.1-mini'!L13 -> 0 | D58: =ABS(C58-B58) -> 0 | E58: =IF(D58>0.5, "Ja", "Nein") -> Nein | G58: ='GPT-5.2'!L13 -> 0 | H58: =ABS(G58-$B58) -> 0 | I58: =IF(H58>0.5, "Ja", "Nein") -> Nein | K58: =Qwen!L13 -> 1 | L58: =ABS(K58-$B58) -> 1 | M58: =IF(L58>=0.5, "Ja", "Nein") -> Ja | N58: -
A59: 91 | B59: ='Human Details'!L14 -> 0.25 | C59: ='GPT-4.1-mini'!L14 -> 0.25 | D59: =ABS(C59-B59) -> 2.5000002e-11 | E59: =IF(D59>0.5, "Ja", "Nein") -> Nein | G59: ='GPT-5.2'!L14 -> 0.25 | H59: =ABS(G59-$B59) -> 2.5000002e-11 | I59: =IF(H59>0.5, "Ja", "Nein") -> Nein | K59: =Qwen!L14 -> 1 | L59: =ABS(K59-$B59) -> 0.75 | M59: =IF(L59>=0.5, "Ja", "Nein") -> Ja | N59: -
A60: 97 | B60: ='Human Details'!L15 -> 0.5 | C60: ='GPT-4.1-mini'!L15 -> 1 | D60: =ABS(C60-B60) -> 0.5 | E60: =IF(D60>0.5, "Ja", "Nein") -> Nein | G60: ='GPT-5.2'!L15 -> 0.53333333 | H60: =ABS(G60-$B60) -> 0.033333333 | I60: =IF(H60>0.5, "Ja", "Nein") -> Nein | K60: =Qwen!L15 -> 1 | L60: =ABS(K60-$B60) -> 0.5 | M60: =IF(L60>=0.5, "Ja", "Nein") -> Nein
A61: 110 | B61: ='Human Details'!L16 -> 0.3 | C61: ='GPT-4.1-mini'!L16 -> 0.5 | D61: =ABS(C61-B61) -> 0.2 | E61: =IF(D61>0.5, "Ja", "Nein") -> Nein | G61: ='GPT-5.2'!L16 -> 0.5 | H61: =ABS(G61-$B61) -> 0.2 | I61: =IF(H61>0.5, "Ja", "Nein") -> Nein | K61: =Qwen!L16 -> 0.5 | L61: =ABS(K61-$B61) -> 0.2 | M61: =IF(L61>=0.5, "Ja", "Nein") -> Nein | N61: +
B63: Anzahl Brauchbar | C63: =COUNTIFS(E47:E61,"Nein") -> 14 | F63: Anzahl Brauchbar | G63: =COUNTIFS(I47:I61, "Nein") -> 14 | J63: Anzahl Brauchbar | K63: =COUNTIFS(M47:M61, "Nein") -> 9
B64: Anzahl Unbrauchbar | C64: =COUNTIFS(E47:E61,"Ja") -> 1 | F64: Anzahl Unbrauchbar | G64: =COUNTIFS(I47:I61, "Ja") -> 1 | J64: Anzahl Unbrauchbar | K64: =COUNTIFS(M47:M61, "Ja") -> 6
B65: Anzahl 50-50 | C65: =1-C64/(C64+C63) -> 0.93333333 | F65: Anzahl 50-50 | G65: =1-G64/(G64+G63) -> 0.93333333 | J65: Anzahl 50-50 | K65: =1-K64/(K64+K63) -> 0.6
A67: Context entity recall
A68: ID | B68: Human | C68: GPT | D68: Deviation | E68: Größer 0,5? | G68: GPT-5.2 | H68: Deviation | I68: Größer 0,5? | K68: Qwen | L68: Deviation | M68: Größer 0,5?
A69: 1 | B69: ='Human Details'!N2 -> 0.45454545 | C69: ='GPT-4.1-mini'!N2 -> 0.11111111 | D69: =ABS(C69-B69) -> 0.34343434 | E69: =IF(D69>0.5, "Ja", "Nein") -> Nein | G69: ='GPT-5.2'!N2 -> 0.99999999 | H69: =ABS(G69-$B69) -> 0.54545454 | I69: =IF(H69>0.5, "Ja", "Nein") -> Ja | K69: =Qwen!N2 -> 0.11111111 | L69: =ABS(K69-$B69) -> 0.34343434 | M69: =IF(L69>=0.5, "Ja", "Nein") -> Nein
A70: 8 | B70: ='Human Details'!N3 -> 0 | C70: ='GPT-4.1-mini'!N3 -> 0 | D70: =ABS(C70-B70) -> 0 | E70: =IF(D70>0.5, "Ja", "Nein") -> Nein | G70: ='GPT-5.2'!N3 -> 0 | H70: =ABS(G70-$B70) -> 0 | I70: =IF(H70>0.5, "Ja", "Nein") -> Nein | K70: =Qwen!N3 -> 0 | L70: =ABS(K70-$B70) -> 0 | M70: =IF(L70>=0.5, "Ja", "Nein") -> Nein
A71: 11 | B71: ='Human Details'!N4 -> 1 | C71: ='GPT-4.1-mini'!N4 -> 0.2 | D71: =ABS(C71-B71) -> 0.8 | E71: =IF(D71>0.5, "Ja", "Nein") -> Ja | G71: ='GPT-5.2'!N4 -> 0.63636364 | H71: =ABS(G71-$B71) -> 0.36363636 | I71: =IF(H71>0.5, "Ja", "Nein") -> Nein | K71: =Qwen!N4 -> 0.63636364 | L71: =ABS(K71-$B71) -> 0.36363636 | M71: =IF(L71>=0.5, "Ja", "Nein") -> Nein
A72: 17 | B72: ='Human Details'!N5 -> 1 | C72: ='GPT-4.1-mini'!N5 -> 0.6 | D72: =ABS(C72-B72) -> 0.4 | E72: =IF(D72>0.5, "Ja", "Nein") -> Nein | G72: ='GPT-5.2'!N5 -> 0.6 | H72: =ABS(G72-$B72) -> 0.4 | I72: =IF(H72>0.5, "Ja", "Nein") -> Nein | K72: =Qwen!N5 -> 0.66666667 | L72: =ABS(K72-$B72) -> 0.33333333 | M72: =IF(L72>=0.5, "Ja", "Nein") -> Nein
A73: 20 | B73: ='Human Details'!N6 -> 0.85714286 | C73: ='GPT-4.1-mini'!N6 -> 0.77777778 | D73: =ABS(C73-B73) -> 0.07936508 | E73: =IF(D73>0.5, "Ja", "Nein") -> Nein | G73: ='GPT-5.2'!N6 -> 0.11111111 | H73: =ABS(G73-$B73) -> 0.74603175 | I73: =IF(H73>0.5, "Ja", "Nein") -> Ja | K73: =Qwen!N6 -> 0 | L73: =ABS(K73-$B73) -> 0.85714286 | M73: =IF(L73>=0.5, "Ja", "Nein") -> Ja
A74: 30 | B74: ='Human Details'!N7 -> 0 | C74: ='GPT-4.1-mini'!N7 -> 0 | D74: =ABS(C74-B74) -> 0 | E74: =IF(D74>0.5, "Ja", "Nein") -> Nein | G74: ='GPT-5.2'!N7 -> 0 | H74: =ABS(G74-$B74) -> 0 | I74: =IF(H74>0.5, "Ja", "Nein") -> Nein | K74: =Qwen!N7 -> 0 | L74: =ABS(K74-$B74) -> 0 | M74: =IF(L74>=0.5, "Ja", "Nein") -> Nein
A75: 33 | B75: ='Human Details'!N8 -> 1 | C75: ='GPT-4.1-mini'!N8 -> 1 | D75: =ABS(C75-B75) -> 5e-09 | E75: =IF(D75>0.5, "Ja", "Nein") -> Nein | G75: ='GPT-5.2'!N8 -> 0.5 | H75: =ABS(G75-$B75) -> 0.5 | I75: =IF(H75>0.5, "Ja", "Nein") -> Ja | K75: =Qwen!N8 -> 0.25 | L75: =ABS(K75-$B75) -> 0.75 | M75: =IF(L75>=0.5, "Ja", "Nein") -> Ja
A76: 34 | B76: ='Human Details'!N9 -> 0 | C76: ='GPT-4.1-mini'!N9 -> 0 | D76: =ABS(C76-B76) -> 0 | E76: =IF(D76>0.5, "Ja", "Nein") -> Nein | G76: ='GPT-5.2'!N9 -> 0 | H76: =ABS(G76-$B76) -> 0 | I76: =IF(H76>0.5, "Ja", "Nein") -> Nein | K76: =Qwen!N9 -> 0 | L76: =ABS(K76-$B76) -> 0 | M76: =IF(L76>=0.5, "Ja", "Nein") -> Nein
A77: 64 | B77: ='Human Details'!N10 -> 0 | C77: ='GPT-4.1-mini'!N10 -> 0 | D77: =ABS(C77-B77) -> 0 | E77: =IF(D77>0.5, "Ja", "Nein") -> Nein | G77: ='GPT-5.2'!N10 -> 0 | H77: =ABS(G77-$B77) -> 0 | I77: =IF(H77>0.5, "Ja", "Nein") -> Nein | K77: =Qwen!N10 -> 0 | L77: =ABS(K77-$B77) -> 0 | M77: =IF(L77>=0.5, "Ja", "Nein") -> Nein
A78: 65 | B78: ='Human Details'!N11 -> 1 | C78: ='GPT-4.1-mini'!N11 -> 0.20689655 | D78: =ABS(C78-B78) -> 0.79310345 | E78: =IF(D78>0.5, "Ja", "Nein") -> Ja | G78: ='GPT-5.2'!N11 -> 0.17142857 | H78: =ABS(G78-$B78) -> 0.82857143 | I78: =IF(H78>0.5, "Ja", "Nein") -> Ja | K78: =Qwen!N11 -> 0.11764706 | L78: =ABS(K78-$B78) -> 0.88235294 | M78: =IF(L78>=0.5, "Ja", "Nein") -> Ja
A79: 84 | B79: ='Human Details'!N12 -> 0.11111111 | C79: ='GPT-4.1-mini'!N12 -> 0.071428571 | D79: =ABS(C79-B79) -> 0.03968254 | E79: =IF(D79>0.5, "Ja", "Nein") -> Nein | G79: ='GPT-5.2'!N12 -> 0 | H79: =ABS(G79-$B79) -> 0.11111111 | I79: =IF(H79>0.5, "Ja", "Nein") -> Nein | K79: =Qwen!N12 -> 0 | L79: =ABS(K79-$B79) -> 0.11111111 | M79: =IF(L79>=0.5, "Ja", "Nein") -> Nein
A80: 89 | B80: ='Human Details'!N13 -> 0.25 | C80: ='GPT-4.1-mini'!N13 -> 0.25 | D80: =ABS(C80-B80) -> 6.25e-10 | E80: =IF(D80>0.5, "Ja", "Nein") -> Nein | G80: ='GPT-5.2'!N13 -> 0.25 | H80: =ABS(G80-$B80) -> 6.25e-10 | I80: =IF(H80>0.5, "Ja", "Nein") -> Nein | K80: =Qwen!N13 -> 0 | L80: =ABS(K80-$B80) -> 0.25 | M80: =IF(L80>=0.5, "Ja", "Nein") -> Nein
... A83: 110 | B83: ='Human Details'!N16 -> 0.26315789 | C83: ='GPT-4.1-mini'!N16 -> 0.055555556 | D83: =ABS(C83-B83) -> 0.20760234 | E83: =IF(D83>0.5, "Ja", "Nein") -> Nein | G83: ='GPT-5.2'!N16 -> 0.11111111 | H83: =ABS(G83-$B83) -> 0.15204678 | I83: =IF(H83>0.5, "Ja", "Nein") -> Nein | K83: =Qwen!N16 -> 0.076923077 | L83: =ABS(K83-$B83) -> 0.18623482 | M83: =IF(L83>=0.5, "Ja", "Nein") -> Nein
B85: Anzahl Brauchbar | C85: =COUNTIFS(E69:E83,"Nein") -> 13 | F85: Anzahl Brauchbar | G85: =COUNTIFS(I69:I83, "Nein") -> 11 | J85: Anzahl Brauchbar | K85: =COUNTIFS(M69:M83, "Nein") -> 11
B86: Anzahl Unbrauchbar | C86: =COUNTIFS(E69:E83,"Ja") -> 2 | F86: Anzahl Unbrauchbar | G86: =COUNTIFS(I69:I83, "Ja") -> 4 | J86: Anzahl Unbrauchbar | K86: =COUNTIFS(M69:M83, "Ja") -> 4
B87: Anzahl 50-50 | C87: =1-C86/(C86+C85) -> 0.86666667 | F87: Anzahl 50-50 | G87: =1-G86/(G86+G85) -> 0.73333333 | J87: Anzahl 50-50 | K87: =1-K86/(K86+K85) -> 0.73333333
A89: Answer Relevancy
A90: ID | B90: Human | C90: GPT | D90: Deviation | E90: Größer 0,5? | G90: GPT-5.2 | H90: Deviation | I90: Größer 0,5? | K90: Qwen | L90: Deviation | M90: Größer 0,5?
A91: 1 | B91: ='Human Details'!O2 -> 1 | C91: ='GPT-4.1-mini'!O2 -> 0.845789 | D91: =ABS(C91-B91) -> 0.154211 | E91: =IF(D91>0.5, "Ja", "Nein") -> Nein | G91: ='GPT-5.2'!O2 -> 0.845789 | H91: =ABS(G91-$B91) -> 0.154211 | I91: =IF(H91>0.5, "Ja", "Nein") -> Nein | K91: =Qwen!O2 -> 0.81843703 | L91: =ABS(K91-$B91) -> 0.18156297 | M91: =IF(L91>=0.5, "Ja", "Nein") -> Nein
A92: 8 | B92: ='Human Details'!O3 -> 0.25 | C92: ='GPT-4.1-mini'!O3 -> 0.98983701 | D92: =ABS(C92-B92) -> 0.73983701 | E92: =IF(D92>0.5, "Ja", "Nein") -> Ja | G92: ='GPT-5.2'!O3 -> 0.95011751 | H92: =ABS(G92-$B92) -> 0.70011751 | I92: =IF(H92>0.5, "Ja", "Nein") -> Ja | K92: =Qwen!O3 -> 0.90916318 | L92: =ABS(K92-$B92) -> 0.65916318 | M92: =IF(L92>=0.5, "Ja", "Nein") -> Ja
A93: 11 | B93: ='Human Details'!O4 -> 1 | C93: ='GPT-4.1-mini'!O4 -> 1 | D93: =ABS(C93-B93) -> 1.110223e-16 | E93: =IF(D93>0.5, "Ja", "Nein") -> Nein | G93: ='GPT-5.2'!O4 -> 0.99796571 | H93: =ABS(G93-$B93) -> 0.0020342872 | I93: =IF(H93>0.5, "Ja", "Nein") -> Nein | K93: =Qwen!O4 -> 0.89485486 | L93: =ABS(K93-$B93) -> 0.10514514 | M93: =IF(L93>=0.5, "Ja", "Nein") -> Nein
A94: 17 | B94: ='Human Details'!O5 -> 1 | C94: ='GPT-4.1-mini'!O5 -> 0.87199183 | D94: =ABS(C94-B94) -> 0.12800817 | E94: =IF(D94>0.5, "Ja", "Nein") -> Nein | G94: ='GPT-5.2'!O5 -> 0.87199183 | H94: =ABS(G94-$B94) -> 0.12800817 | I94: =IF(H94>0.5, "Ja", "Nein") -> Nein | K94: =Qwen!O5 -> 0.82287966 | L94: =ABS(K94-$B94) -> 0.17712034 | M94: =IF(L94>=0.5, "Ja", "Nein") -> Nein
A95: 20 | B95: ='Human Details'!O6 -> 1 | C95: ='GPT-4.1-mini'!O6 -> 0.82564436 | D95: =ABS(C95-B95) -> 0.17435564 | E95: =IF(D95>0.5, "Ja", "Nein") -> Nein | G95: ='GPT-5.2'!O6 -> 0.81011963 | H95: =ABS(G95-$B95) -> 0.18988037 | I95: =IF(H95>0.5, "Ja", "Nein") -> Nein | K95: =Qwen!O6 -> 0.75045502 | L95: =ABS(K95-$B95) -> 0.24954498 | M95: =IF(L95>=0.5, "Ja", "Nein") -> Nein
A96: 30 | B96: ='Human Details'!O7 -> 0.25 | C96: ='GPT-4.1-mini'!O7 -> 0.75604902 | D96: =ABS(C96-B96) -> 0.50604902 | E96: =IF(D96>0.5, "Ja", "Nein") -> Ja | G96: ='GPT-5.2'!O7 -> 0.77218343 | H96: =ABS(G96-$B96) -> 0.52218343 | I96: =IF(H96>0.5, "Ja", "Nein") -> Ja | K96: =Qwen!O7 -> 0.73554187 | L96: =ABS(K96-$B96) -> 0.48554187 | M96: =IF(L96>=0.5, "Ja", "Nein") -> Nein
A97: 33 | B97: ='Human Details'!O8 -> 1 | C97: ='GPT-4.1-mini'!O8 -> 0.98911122 | D97: =ABS(C97-B97) -> 0.01088878 | E97: =IF(D97>0.5, "Ja", "Nein") -> Nein | G97: ='GPT-5.2'!O8 -> 0.97972603 | H97: =ABS(G97-$B97) -> 0.020273968 | I97: =IF(H97>0.5, "Ja", "Nein") -> Nein | K97: =Qwen!O8 -> 0.89205384 | L97: =ABS(K97-$B97) -> 0.10794616 | M97: =IF(L97>=0.5, "Ja", "Nein") -> Nein
A98: 34 | B98: ='Human Details'!O9 -> 0.25 | C98: ='GPT-4.1-mini'!O9 -> 0.92810663 | D98: =ABS(C98-B98) -> 0.67810663 | E98: =IF(D98>0.5, "Ja", "Nein") -> Ja | G98: ='GPT-5.2'!O9 -> 0.95611528 | H98: =ABS(G98-$B98) -> 0.70611528 | I98: =IF(H98>0.5, "Ja", "Nein") -> Ja | K98: =Qwen!O9 -> 0.92131244 | L98: =ABS(K98-$B98) -> 0.67131244 | M98: =IF(L98>=0.5, "Ja", "Nein") -> Ja
A99: 64 | B99: ='Human Details'!O10 -> 0 | C99: ='GPT-4.1-mini'!O10 -> 0 | D99: =ABS(C99-B99) -> 0 | E99: =IF(D99>0.5, "Ja", "Nein") -> Nein | G99: ='GPT-5.2'!O10 -> 0 | H99: =ABS(G99-$B99) -> 0 | I99: =IF(H99>0.5, "Ja", "Nein") -> Nein | K99: =Qwen!O10 -> 0 | L99: =ABS(K99-$B99) -> 0 | M99: =IF(L99>=0.5, "Ja", "Nein") -> Nein
A100: 65 | B100: ='Human Details'!O11 -> 1 | C100: ='GPT-4.1-mini'!O11 -> 0.75048479 | D100: =ABS(C100-B100) -> 0.24951521 | E100: =IF(D100>0.5, "Ja", "Nein") -> Nein | G100: ='GPT-5.2'!O11 -> 0.81441974 | H100: =ABS(G100-$B100) -> 0.18558026 | I100: =IF(H100>0.5, "Ja", "Nein") -> Nein | K100: =Qwen!O11 -> 0.8059577 | L100: =ABS(K100-$B100) -> 0.1940423 | M100: =IF(L100>=0.5, "Ja", "Nein") -> Nein
A101: 84 | B101: ='Human Details'!O12 -> 1 | C101: ='GPT-4.1-mini'!O12 -> 0.97536453 | D101: =ABS(C101-B101) -> 0.024635474 | E101: =IF(D101>0.5, "Ja", "Nein") -> Nein | G101: ='GPT-5.2'!O12 -> 0.89803946 | H101: =ABS(G101-$B101) -> 0.10196054 | I101: =IF(H101>0.5, "Ja", "Nein") -> Nein | K101: =Qwen!O12 -> 0.91324399 | L101: =ABS(K101-$B101) -> 0.086756015 | M101: =IF(L101>=0.5, "Ja", "Nein") -> Nein
A102: 89 | B102: ='Human Details'!O13 -> 0.25 | C102: ='GPT-4.1-mini'!O13 -> 0 | D102: =ABS(C102-B102) -> 0.25 | E102: =IF(D102>0.5, "Ja", "Nein") -> Nein | G102: ='GPT-5.2'!O13 -> 0 | H102: =ABS(G102-$B102) -> 0.25 | I102: =IF(H102>0.5, "Ja", "Nein") -> Nein | K102: =Qwen!O13 -> 0 | L102: =ABS(K102-$B102) -> 0.25 | M102: =IF(L102>=0.5, "Ja", "Nein") -> Nein
... A105: 110 | B105: ='Human Details'!O16 -> 1 | C105: ='GPT-4.1-mini'!O16 -> 0.93667765 | D105: =ABS(C105-B105) -> 0.06332235 | E105: =IF(D105>0.5, "Ja", "Nein") -> Nein | G105: ='GPT-5.2'!O16 -> 0.9885938 | H105: =ABS(G105-$B105) -> 0.011406203 | I105: =IF(H105>0.5, "Ja", "Nein") -> Nein | K105: =Qwen!O16 -> 0.95325778 | L105: =ABS(K105-$B105) -> 0.046742218 | M105: =IF(L105>=0.5, "Ja", "Nein") -> Nein
B107: Anzahl Brauchbar | C107: =COUNTIFS(E91:E105,"Nein") -> 11 | F107: Anzahl Brauchbar | G107: =COUNTIFS(I91:I105, "Nein") -> 11 | J107: Anzahl Brauchbar | K107: =COUNTIFS(M91:M105, "Nein") -> 12
B108: Anzahl Unbrauchbar | C108: =COUNTIFS(E91:E105,"Ja") -> 4 | F108: Anzahl Unbrauchbar | G108: =COUNTIFS(I91:I105, "Ja") -> 4 | J108: Anzahl Unbrauchbar | K108: =COUNTIFS(M91:M105, "Ja") -> 3
B109: Anzahl 50-50 | C109: =1-C108/(C108+C107) -> 0.73333333 | F109: Anzahl 50-50 | G109: =1-G108/(G108+G107) -> 0.73333333 | J109: Anzahl 50-50 | K109: =1-K108/(K108+K107) -> 0.8

Sheet Qwen
A1: id | B1: category | C1: difficulty | D1: user_input | E1: response | F1: reference | G1: retrieved_contexts | H1: retrieved_urls | I1: retrieved_content_types | J1: faithfulness | K1: context_recall | L1: context_precision | M1: semantic_similarity | N1: context_entity_recall | O1: answer_relevancy | P1: bert_f1 | Q1: bert_precision | R1: bert_recall | S1: RR_at5 | T1: hit_at5 | U1: latency | V1: prompt_tokens | W1: completion_tokens | X1: total_tokens | Y1: reranking_tokens | Z1: context_count | AA1: response_time_seconds
A2: 1 | B2: Allgemein | C2: medium | D2: Inwiefern würde ich als Student von einem Studium an der WiSo-Fakultät profitieren? | E2: Ein Studium an der WiSo-Fakultät der Universität zu Köln bietet viele Vorteile: 1. **Umfassende Fächervielfalt**: Die WiSo-Fakultät bietet ein breites Spektrum von Fächern, sodass Sie Ihren Interessen und Fähigkeiten entsprechend wählen können. 2. **Exzellente Qualität in Lehre und Forschung**: Die WiSo-Fakultät belegt kontinuierlich Spitzenplätze in Rankings wie dem "Handelsblatt" und der "Wirtschaftswoche". 3. **Ausgezeichnete Berufs- und Weiterbildungsaussichten**: Ein erfolgreich absolviertes Bachelorstudium bietet eine gute Grundlage für Ihre berufliche Karriere oder den Zugang zum konsekutiven Master. 4. **Hervorragende Services und Betreuung**: Das WiSo-Studienberatungszentrum unterstützt Sie bei der Planung Ihres Studienverlaufs, während das WiSo-Career-Service Ihnen bei der Vorbereitung auf Ihren Berufseinstieg hilft. 5. **Engagiertes Studentenleben**: Die Universität bietet eine dynamische Atmosphäre und viele Möglichkeiten für studentisches Engagement. Die WiSo-Fakultät ist eine der renommiertesten Einrichtungen für Wirtschafts- und Sozialwissenschaften in Europa, mit einer Vielzahl von Abteilungen und akademischen Mitarbeitern. Sie bietet ein breites Spektrum an Fächern und Möglichkeiten für Auslandsaufenthalte im Rahmen verschiedener Studien- und Austauschprogramme. Die Fakultät unterhält exzellente Partnerschaften mit führenden Hochschulen auf der ganzen Welt, was es Ihnen ermöglicht, Ihre Studien- und Karriereziele zu erreichen. | F2: Als Student profitierst du von einem theorie- und methodenorientierten Studienansatz, in dem Forschung und Lehre eng mit der Praxis verzahnt sind, sowie von der ausgeprägten Praxisnähe durch die langjährige Zusammenarbeit der WiSo-Fakultät mit Unternehmen und Lehrbeauftragten aus verschiedenen Berufsfeldern. | G2: ['# Erstsemesterinformationen\n\n##### Herzlich willkommen an der WiSo-Fakultät der Universität zu Köln!\n\nWir freuen uns sehr, dass Sie sich für ein Studium bei uns an der Wirtschafts- und Sozialwissenschaftlichen (kurz: WiSo) Fakultät entschieden haben. Sie erwartet ein spannendes Studium an einer der renommiertesten Fakultäten für Wirtschafts- und Sozialwissenschaften in einer attraktiven Stadt mit sehr guten Karriere- und Berufsperspektiven.\n\n## Infos zum WiSo-Studienstart\n\n## WiSo Welcome und Vorkurse Bachelor\n\n## WiSo Master Welcome Week\n\nHI\n\nzum Seitenanfang', 'inen der bedeutendsten Wirtschaftsstandorte in Deutschland dar.\n\n## Sie interessieren sich für ein Studium an der WiSo-Fakultät?\n\nPaco, deine künstliche Intelligenz zum Studium an der WiSo-Fakultät der Universität zu Köln, beantwortet dir jederzeit alle faktenbasierten Fragen zu deinem Wunschstudiengang! - Du suchst schnelle Infos zu, Zulassungsverfahren oder allgemeinen Fragen zur Universität zu Köln?\n\nDann ist Paco genau das Richtige für dich!*\n\nUnsere WiSo-Fakultät bietet:\n\nEinzigartige Fächervielfalt\nJe nach Interesse und Fähigkeiten können Sie aus dem umfangreichen Spektrum einer der renommiertesten Wirtschafts- und Sozialwissenschaftlichen Fakultäten Deutschlands wählen.\n\nExzellente Qualität in Lehre und Forschung\nDie WiSo-Fakultät belegt kontinuierlich die vordersten Plätze in zahlreichen namhaften Rankings, z.B. im „Handelsblatt“ und in der „Wirtschaftswoche“.\n\nAusgezeichnete Berufs- und Weiterbildungsaussichten\nNutzen Sie Ihren erfolgreich absolvierten Bachelorabschluss als vielversprechenden Ausgangspunkt für Ihre berufliche Karriere oder bewerben Sie sich für den konsekutiven Master.\n\nHervorragende Services und Betreuung\nDas WiSo-Studienberatungszentrum berät Sie gerne persönlich über den Studienverlauf, der WiSo-Career-Service unterstützt Sie bei der Vorbereitung Ihres Berufseinstiegs.\n\nEngagiertes Studentenleben\nDas dynamische Campusleben und eine Vielzahl studentischer Initiativen (z.B. der internationale OFW-Kongress) ermöglichen es Ihnen, Einsatz und Engagemen', 'n und energiewirtschaftlichen Themen, die mich geprägt haben. Der Ruf und das Netzwerk der WiSo haben mir den Einstieg in den Beruf erleichtert. Die fundamentalen Fähigkeiten, die ich für meinen Beruf brauche und die mir von anspruchsvollen Lehrkräften an einer renommierten Hochschule vermittelt wurden, helfen mir bis heute. – Dr. Dirk Schmelzer, Chief Financial Officer der Scout 24 SE\n\n-\n\nIch bin stolz darauf, ein Alumnus der Wirtschafts- und Sozialwissenschaftlichen Fakultät der Universität zu Köln zu sein, an der ich ein Studium der Betriebswirtschaftslehre absolviert habe. Das Wissen, die Fähigkeiten und die Erfahrungen, die ich während meiner Zeit an der WiSo gesammelt habe, sind für meinen beruflichen Werdegang von unschätzbarem Wert gewesen. Ich empfehle ein Studium an der WiSo-Fakultät jedem, der eine umfassende Ausbildung und eine solide Grundlage für eine erfolgreiche Karriere in der Geschäftswelt sucht. – Henning Gieseke, Chief Financial Officer der Ströer Management AG\n\nHI\n\nzum Seitenanfang', 'en. Eine Orientierung zu weiteren Kosten Sie u.a. hier.\n\n## 5. Was zeichnet das Studium an der Wiso Fakultät aus?\n\nEin Studium an der WiSo-Fakultät der Universität zu Köln stellt eine hervorragende Ausgangsbasis für Ihre weiteren professionellen und persönlichen Pläne dar. Mit ca. 9.000 Studierenden und einer Vielzahl an Professuren und wissenschaftlichen Mitarbeitern ist die Fakultät eine der wissenschaftlich renommiertesten Fakultäten für Wirtschafts- und Sozialwissenschaften in Europa.\n\nEntscheidende Rankings bewerten die Qualität von Forschung und Lehre an Hochschulen und der Fakultätsentwicklung anhand verschiedener Kriterien. Die WiSo-Fakultät freut sich, ihre Position in vielen renommierten Rankings behaupten und in einigen Fällen ausbauen zu können.\n\nDie Verbindung von Forschung und Lehre, Theorie und Praxis, Wirtschafts- und Sozialwissenschaften begründet unser Leitbild: „Today\'s ideas. Tomorrow\'s impact". Innerhalb Ihres Studiums erarbeiten Sie mit Hilfe moderner Analysemethoden und Modelle neue Lösungsansätze für relevante wirtschafts- und sozialwissenschaftliche Zukunftsfragen.\n\nKöln ist nicht nur als Studienort eine attraktive Stadt. Sie ist weit über den Karneval hinaus für ihre vielfältige Kulturszene bekannt und stellt zusammen mit dem Umland einen der bedeutendsten Wirtschaftsstandorte in Deutschland dar.\n\n## Wenn Sie schon mal studiert haben\n\n## 1. Kann ich an der WiSo-Fakultät ein Studium aufnehmen, wenn ich einen gleichwertigen Studiengang bzw. eine dort v', 'herausragenden Netzwerks von Universitäten und kooperiert mit führenden Organisationen. Hierdurch haben wir eine hervorragende Reputation in Lehre, Forschung, und Praxistransfer der sich in unseren hervorragenden Rankings widerspiegelt.” Prof. Ulrich W. Thonemann, PhD Dekan der Wirtschafts- und Sozialwissenschaftlichen Fakultät © Lisa BellerZAHLEN UND FAKTEN DER WISO-FAKULTÄT Mit einem Studium an der WiSo-Fakultät der Universität zu Köln schaffen Sie sich eine hervorragende Basis für Ihren weiteren beruflichen und persönlichen Werdegang. Mit knapp 8.000 Studierenden und einer Vielzahl von Abteilungen und akademischen Mitarbeiter:innen ist die WiSo-Fakultät eine der größten und renommiertesten Einrichtungen für Management, Wirtschaft und Sozialwissenschaften in Europa. 8.735 nationale und internationale Studierende 168 Partneruniversitäten weltweit1 97 Professor:innen Über 100 Jahre an Erfahrung in exzellenter Lehre und Forschung Stand: Mai 2023 1 Die WiSo-Fakultät unterhält exzellente Partnerschaften mit 160 führenden Hochschulen auf der ganzen Welt auf verschiedenen Studienebenen und ermöglicht ihren Studierenden Auslandsaufenthalte im Rahmen verschiedener Studien- und Austauschprogramme. Die Studierenden können je nach gewähltem Studiengang aus einem attraktiven Angebot an Partnerhochschulen wählen.Im Rahmen Ihres Studiums erlernen Sie alles, was Sie für den nächsten Schritt in Ihrer Karriere benötigen. Als eine der größten Bildungseinrichtungen Deutschlands zählt die Fakul'] | H2: ['https://wiso.uni-koeln.de/de/studium/studienorganisation/erstsemester', 'https://wiso.uni-koeln.de/de/studium', 'https://wiso.uni-koeln.de/de/praxis/wisoalumni/tomorrows-impact', 'https://wiso.uni-koeln.de/de/studium/studienorganisation/faq/allgemeine-fragen', 'file://D:/Uni-Köln/Masterarbeit/Software/uzk-masterarbeit/data/pdf_cache/__wiso.uni-koeln.de_sites_fakultaet_dokumente_studium_bachelor_Broschuere-Bachelor_VWL-WiSo_Fakultaet-Uni-Koeln.pdf'] | I2: ['html', 'html', 'html', 'html', 'pdf'] | J2: 0.88888889 | K2: 1 | L2: 0.41666667 | M2: 0.67894446 | N2: 0.11111111 | O2: 0.81843703 | P2: 0.10237458 | Q2: -0.040825743 | R2: 0.24944803 | S2: 0 | T2: 0 | U2: 50.469219 | V2: 3217 | W2: 441 | X2: 3658 | Y2: 0 | Z2: 5 | AA2: 50.469219
