Workbook

Sheet Ränge
A1: Human
A2: ID | B2: faithfulness | C2: context_recall | D2: context_precision | E2: semantic_similarity | F2: context_entity_recall | G2: answer_relevancy
A3: 1 | B3: =_xlfn.RANK.EQ('Human Details'!J2,'Human Details'!$J$2:$J$16) -> 1 | C3: =_xlfn.RANK.EQ('Human Details'!K2,'Human Details'!$K$2:$K$16) -> 1 | D3: =_xlfn.RANK.EQ('Human Details'!L2,'Human Details'!$L$2:$L$16) -> 9 | E3: =_xlfn.RANK.EQ('Human Details'!M2,'Human Details'!$M$2:$M$16) -> 1 | F3: =_xlfn.RANK.EQ('Human Details'!N2,'Human Details'!$N$2:$N$16) -> 5 | G3: =_xlfn.RANK.EQ('Human Details'!O2,'Human Details'!$O$2:$O$16) -> 1
A4: 8 | B4: =_xlfn.RANK.EQ('Human Details'!J3,'Human Details'!$J$2:$J$16) -> 6 | C4: =_xlfn.RANK.EQ('Human Details'!K3,'Human Details'!$K$2:$K$16) -> 11 | D4: =_xlfn.RANK.EQ('Human Details'!L3,'Human Details'!$L$2:$L$16) -> 1 | E4: =_xlfn.RANK.EQ('Human Details'!M3,'Human Details'!$M$2:$M$16) -> 13 | F4: =_xlfn.RANK.EQ('Human Details'!N3,'Human Details'!$N$2:$N$16) -> 11 | G4: =_xlfn.RANK.EQ('Human Details'!O3,'Human Details'!$O$2:$O$16) -> 14
A5: 11 | B5: =_xlfn.RANK.EQ('Human Details'!J4,'Human Details'!$J$2:$J$16) -> 6 | C5: =_xlfn.RANK.EQ('Human Details'!K4,'Human Details'!$K$2:$K$16) -> 1 | D5: =_xlfn.RANK.EQ('Human Details'!L4,'Human Details'!$L$2:$L$16) -> 1 | E5: =_xlfn.RANK.EQ('Human Details'!M4,'Human Details'!$M$2:$M$16) -> 3 | F5: =_xlfn.RANK.EQ('Human Details'!N4,'Human Details'!$N$2:$N$16) -> 7 | G5: =_xlfn.RANK.EQ('Human Details'!O4,'Human Details'!$O$2:$O$16) -> 9
A6: 17 | B6: =_xlfn.RANK.EQ('Human Details'!J5,'Human Details'!$J$2:$J$16) -> 4 | C6: =_xlfn.RANK.EQ('Human Details'!K5,'Human Details'!$K$2:$K$16) -> 9 | D6: =_xlfn.RANK.EQ('Human Details'!L5,'Human Details'!$L$2:$L$16) -> 12 | E6: =_xlfn.RANK.EQ('Human Details'!M5,'Human Details'!$M$2:$M$16) -> 3 | F6: =_xlfn.RANK.EQ('Human Details'!N5,'Human Details'!$N$2:$N$16) -> 6 | G6: =_xlfn.RANK.EQ('Human Details'!O5,'Human Details'!$O$2:$O$16) -> 9
A7: 20 | B7: =_xlfn.RANK.EQ('Human Details'!J6,'Human Details'!$J$2:$J$16) -> 2 | C7: =_xlfn.RANK.EQ('Human Details'!K6,'Human Details'!$K$2:$K$16) -> 5 | D7: =_xlfn.RANK.EQ('Human Details'!L6,'Human Details'!$L$2:$L$16) -> 1 | E7: =_xlfn.RANK.EQ('Human Details'!M6,'Human Details'!$M$2:$M$16) -> 3 | F7: =_xlfn.RANK.EQ('Human Details'!N6,'Human Details'!$N$2:$N$16) -> 9 | G7: =_xlfn.RANK.EQ('Human Details'!O6,'Human Details'!$O$2:$O$16) -> 5
A8: 30 | B8: =_xlfn.RANK.EQ('Human Details'!J7,'Human Details'!$J$2:$J$16) -> 11 | C8: =_xlfn.RANK.EQ('Human Details'!K7,'Human Details'!$K$2:$K$16) -> 11 | D8: =_xlfn.RANK.EQ('Human Details'!L7,'Human Details'!$L$2:$L$16) -> 8 | E8: =_xlfn.RANK.EQ('Human Details'!M7,'Human Details'!$M$2:$M$16) -> 10 | F8: =_xlfn.RANK.EQ('Human Details'!N7,'Human Details'!$N$2:$N$16) -> 11 | G8: =_xlfn.RANK.EQ('Human Details'!O7,'Human Details'!$O$2:$O$16) -> 11
A9: 33 | B9: =_xlfn.RANK.EQ('Human Details'!J8,'Human Details'!$J$2:$J$16) -> 6 | C9: =_xlfn.RANK.EQ('Human Details'!K8,'Human Details'!$K$2:$K$16) -> 1 | D9: =_xlfn.RANK.EQ('Human Details'!L8,'Human Details'!$L$2:$L$16) -> 7 | E9: =_xlfn.RANK.EQ('Human Details'!M8,'Human Details'!$M$2:$M$16) -> 1 | F9: =_xlfn.RANK.EQ('Human Details'!N8,'Human Details'!$N$2:$N$16) -> 1 | G9: =_xlfn.RANK.EQ('Human Details'!O8,'Human Details'!$O$2:$O$16) -> 6
A10: 34 | B10: =_xlfn.RANK.EQ('Human Details'!J9,'Human Details'!$J$2:$J$16) -> 13 | C10: =_xlfn.RANK.EQ('Human Details'!K9,'Human Details'!$K$2:$K$16) -> 11 | D10: =_xlfn.RANK.EQ('Human Details'!L9,'Human Details'!$L$2:$L$16) -> 13 | E10: =_xlfn.RANK.EQ('Human Details'!M9,'Human Details'!$M$2:$M$16) -> 3 | F10: =_xlfn.RANK.EQ('Human Details'!N9,'Human Details'!$N$2:$N$16) -> 11 | G10: =_xlfn.RANK.EQ('Human Details'!O9,'Human Details'!$O$2:$O$16) -> 1
A11: 64 | B11: =_xlfn.RANK.EQ('Human Details'!J10,'Human Details'!$J$2:$J$16) -> 13 | C11: =_xlfn.RANK.EQ('Human Details'!K10,'Human Details'!$K$2:$K$16) -> 11 | D11: =_xlfn.RANK.EQ('Human Details'!L10,'Human Details'!$L$2:$L$16) -> 13 | E11: =_xlfn.RANK.EQ('Human Details'!M10,'Human Details'!$M$2:$M$16) -> 13 | F11: =_xlfn.RANK.EQ('Human Details'!N10,'Human Details'!$N$2:$N$16) -> 11 | G11: =_xlfn.RANK.EQ('Human Details'!O10,'Human Details'!$O$2:$O$16) -> 14
A12: 65 | B12: =_xlfn.RANK.EQ('Human Details'!J11,'Human Details'!$J$2:$J$16) -> 4 | C12: =_xlfn.RANK.EQ('Human Details'!K11,'Human Details'!$K$2:$K$16) -> 1 | D12: =_xlfn.RANK.EQ('Human Details'!L11,'Human Details'!$L$2:$L$16) -> 1 | E12: =_xlfn.RANK.EQ('Human Details'!M11,'Human Details'!$M$2:$M$16) -> 3 | F12: =_xlfn.RANK.EQ('Human Details'!N11,'Human Details'!$N$2:$N$16) -> 1 | G12: =_xlfn.RANK.EQ('Human Details'!O11,'Human Details'!$O$2:$O$16) -> 1
A13: 84 | B13: =_xlfn.RANK.EQ('Human Details'!J12,'Human Details'!$J$2:$J$16) -> 3 | C13: =_xlfn.RANK.EQ('Human Details'!K12,'Human Details'!$K$2:$K$16) -> 7 | D13: =_xlfn.RANK.EQ('Human Details'!L12,'Human Details'!$L$2:$L$16) -> 1 | E13: =_xlfn.RANK.EQ('Human Details'!M12,'Human Details'!$M$2:$M$16) -> 3 | F13: =_xlfn.RANK.EQ('Human Details'!N12,'Human Details'!$N$2:$N$16) -> 10 | G13: =_xlfn.RANK.EQ('Human Details'!O12,'Human Details'!$O$2:$O$16) -> 1
A14: 89 | B14: =_xlfn.RANK.EQ('Human Details'!J13,'Human Details'!$J$2:$J$16) -> 13 | C14: =_xlfn.RANK.EQ('Human Details'!K13,'Human Details'!$K$2:$K$16) -> 11 | D14: =_xlfn.RANK.EQ('Human Details'!L13,'Human Details'!$L$2:$L$16) -> 13 | E14: =_xlfn.RANK.EQ('Human Details'!M13,'Human Details'!$M$2:$M$16) -> 13 | F14: =_xlfn.RANK.EQ('Human Details'!N13,'Human Details'!$N$2:$N$16) -> 11 | G14: =_xlfn.RANK.EQ('Human Details'!O13,'Human Details'!$O$2:$O$16) -> 13
... A17: 110 | B17: =_xlfn.RANK.EQ('Human Details'!J16,'Human Details'!$J$2:$J$16) -> 12 | C17: =_xlfn.RANK.EQ('Human Details'!K16,'Human Details'!$K$2:$K$16) -> 10 | D17: =_xlfn.RANK.EQ('Human Details'!L16,'Human Details'!$L$2:$L$16) -> 6 | E17: =_xlfn.RANK.EQ('Human Details'!M16,'Human Details'!$M$2:$M$16) -> 10 | F17: =_xlfn.RANK.EQ('Human Details'!N16,'Human Details'!$N$2:$N$16) -> 8 | G17: =_xlfn.RANK.EQ('Human Details'!O16,'Human Details'!$O$2:$O$16) -> 11
A20: qwen2.5:7b
A21: ID | B21: faithfulness | C21: context_recall | D21: context_precision | E21: semantic_similarity | F21: context_entity_recall | G21: answer_relevancy
A22: 1 | B22: =_xlfn.RANK.EQ('LLM-As-Judge Details'!J2,'LLM-As-Judge Details'!$J$2:$J$16) -> 1 | C22: =_xlfn.RANK.EQ('LLM-As-Judge Details'!K2,'LLM-As-Judge Details'!$K$2:$K$16) -> 1 | D22: =_xlfn.RANK.EQ('LLM-As-Judge Details'!L2,'LLM-As-Judge Details'!$L$2:$L$16) -> 13 | E22: =_xlfn.RANK.EQ('LLM-As-Judge Details'!M2,'LLM-As-Judge Details'!$M$2:$M$16) -> 13 | F22: =_xlfn.RANK.EQ('LLM-As-Judge Details'!N2,'LLM-As-Judge Details'!$N$2:$N$16) -> 3 | G22: =_xlfn.RANK.EQ('LLM-As-Judge Details'!O7,'LLM-As-Judge Details'!$O$2:$O$16) -> 9
A23: 8 | B23: =_xlfn.RANK.EQ('LLM-As-Judge Details'!J3,'LLM-As-Judge Details'!$J$2:$J$16) -> 10 | C23: =_xlfn.RANK.EQ('LLM-As-Judge Details'!K3,'LLM-As-Judge Details'!$K$2:$K$16) -> 12 | D23: =_xlfn.RANK.EQ('LLM-As-Judge Details'!L3,'LLM-As-Judge Details'!$L$2:$L$16) -> 6 | E23: =_xlfn.RANK.EQ('LLM-As-Judge Details'!M3,'LLM-As-Judge Details'!$M$2:$M$16) -> 12 | F23: =_xlfn.RANK.EQ('LLM-As-Judge Details'!N3,'LLM-As-Judge Details'!$N$2:$N$16) -> 7 | G23: =_xlfn.RANK.EQ('LLM-As-Judge Details'!O8,'LLM-As-Judge Details'!$O$2:$O$16) -> 5
A24: 11 | B24: =_xlfn.RANK.EQ('LLM-As-Judge Details'!J4,'LLM-As-Judge Details'!$J$2:$J$16) -> 8 | C24: =_xlfn.RANK.EQ('LLM-As-Judge Details'!K4,'LLM-As-Judge Details'!$K$2:$K$16) -> 1 | D24: =_xlfn.RANK.EQ('LLM-As-Judge Details'!L4,'LLM-As-Judge Details'!$L$2:$L$16) -> 3 | E24: =_xlfn.RANK.EQ('LLM-As-Judge Details'!M4,'LLM-As-Judge Details'!$M$2:$M$16) -> 11 | F24: =_xlfn.RANK.EQ('LLM-As-Judge Details'!N4,'LLM-As-Judge Details'!$N$2:$N$16) -> 1 | G24: =_xlfn.RANK.EQ('LLM-As-Judge Details'!O9,'LLM-As-Judge Details'!$O$2:$O$16) -> 3
A25: 17 | B25: =_xlfn.RANK.EQ('LLM-As-Judge Details'!J5,'LLM-As-Judge Details'!$J$2:$J$16) -> 8 | C25: =_xlfn.RANK.EQ('LLM-As-Judge Details'!K5,'LLM-As-Judge Details'!$K$2:$K$16) -> 12 | D25: =_xlfn.RANK.EQ('LLM-As-Judge Details'!L5,'LLM-As-Judge Details'!$L$2:$L$16) -> 4 | E25: =_xlfn.RANK.EQ('LLM-As-Judge Details'!M5,'LLM-As-Judge Details'!$M$2:$M$16) -> 7 | F25: =_xlfn.RANK.EQ('LLM-As-Judge Details'!N5,'LLM-As-Judge Details'!$N$2:$N$16) -> 3 | G25: =_xlfn.RANK.EQ('LLM-As-Judge Details'!O10,'LLM-As-Judge Details'!$O$2:$O$16) -> 4
A26: 20 | B26: =_xlfn.RANK.EQ('LLM-As-Judge Details'!J6,'LLM-As-Judge Details'!$J$2:$J$16) -> 2 | C26: =_xlfn.RANK.EQ('LLM-As-Judge Details'!K6,'LLM-As-Judge Details'!$K$2:$K$16) -> 1 | D26: =_xlfn.RANK.EQ('LLM-As-Judge Details'!L6,'LLM-As-Judge Details'!$L$2:$L$16) -> 11 | E26: =_xlfn.RANK.EQ('LLM-As-Judge Details'!M6,'LLM-As-Judge Details'!$M$2:$M$16) -> 15 | F26: =_xlfn.RANK.EQ('LLM-As-Judge Details'!N6,'LLM-As-Judge Details'!$N$2:$N$16) -> 7 | G26: =_xlfn.RANK.EQ('LLM-As-Judge Details'!O11,'LLM-As-Judge Details'!$O$2:$O$16) -> 7
A27: 30 | B27: =_xlfn.RANK.EQ('LLM-As-Judge Details'!J7,'LLM-As-Judge Details'!$J$2:$J$16) -> 13 | C27: =_xlfn.RANK.EQ('LLM-As-Judge Details'!K7,'LLM-As-Judge Details'!$K$2:$K$16) -> 1 | D27: =_xlfn.RANK.EQ('LLM-As-Judge Details'!L7,'LLM-As-Judge Details'!$L$2:$L$16) -> 6 | E27: =_xlfn.RANK.EQ('LLM-As-Judge Details'!M7,'LLM-As-Judge Details'!$M$2:$M$16) -> 2 | F27: =_xlfn.RANK.EQ('LLM-As-Judge Details'!N7,'LLM-As-Judge Details'!$N$2:$N$16) -> 7 | G27: =_xlfn.RANK.EQ('LLM-As-Judge Details'!O12,'LLM-As-Judge Details'!$O$2:$O$16) -> 1
A28: 33 | B28: =_xlfn.RANK.EQ('LLM-As-Judge Details'!J8,'LLM-As-Judge Details'!$J$2:$J$16) -> 12 | C28: =_xlfn.RANK.EQ('LLM-As-Judge Details'!K8,'LLM-As-Judge Details'!$K$2:$K$16) -> 1 | D28: =_xlfn.RANK.EQ('LLM-As-Judge Details'!L8,'LLM-As-Judge Details'!$L$2:$L$16) -> 9 | E28: =_xlfn.RANK.EQ('LLM-As-Judge Details'!M8,'LLM-As-Judge Details'!$M$2:$M$16) -> 1 | F28: =_xlfn.RANK.EQ('LLM-As-Judge Details'!N8,'LLM-As-Judge Details'!$N$2:$N$16) -> 2 | G28: =_xlfn.RANK.EQ('LLM-As-Judge Details'!O13,'LLM-As-Judge Details'!$O$2:$O$16) -> 9
A29: 34 | B29: =_xlfn.RANK.EQ('LLM-As-Judge Details'!J9,'LLM-As-Judge Details'!$J$2:$J$16) -> 14 | C29: =_xlfn.RANK.EQ('LLM-As-Judge Details'!K9,'LLM-As-Judge Details'!$K$2:$K$16) -> 12 | D29: =_xlfn.RANK.EQ('LLM-As-Judge Details'!L9,'LLM-As-Judge Details'!$L$2:$L$16) -> 15 | E29: =_xlfn.RANK.EQ('LLM-As-Judge Details'!M9,'LLM-As-Judge Details'!$M$2:$M$16) -> 9 | F29: =_xlfn.RANK.EQ('LLM-As-Judge Details'!N9,'LLM-As-Judge Details'!$N$2:$N$16) -> 7 | G29: =_xlfn.RANK.EQ('LLM-As-Judge Details'!O14,'LLM-As-Judge Details'!$O$2:$O$16) -> 9
A30: 64 | B30: =_xlfn.RANK.EQ('LLM-As-Judge Details'!J10,'LLM-As-Judge Details'!$J$2:$J$16) -> 2 | C30: =_xlfn.RANK.EQ('LLM-As-Judge Details'!K10,'LLM-As-Judge Details'!$K$2:$K$16) -> 11 | D30: =_xlfn.RANK.EQ('LLM-As-Judge Details'!L10,'LLM-As-Judge Details'!$L$2:$L$16) -> 4 | E30: =_xlfn.RANK.EQ('LLM-As-Judge Details'!M10,'LLM-As-Judge Details'!$M$2:$M$16) -> 6 | F30: =_xlfn.RANK.EQ('LLM-As-Judge Details'!N10,'LLM-As-Judge Details'!$N$2:$N$16) -> 7 | G30: =_xlfn.RANK.EQ('LLM-As-Judge Details'!O15,'LLM-As-Judge Details'!$O$2:$O$16) -> 9
A31: 65 | B31: =_xlfn.RANK.EQ('LLM-As-Judge Details'!J11,'LLM-As-Judge Details'!$J$2:$J$16) -> 5 | C31: =_xlfn.RANK.EQ('LLM-As-Judge Details'!K11,'LLM-As-Judge Details'!$K$2:$K$16) -> 1 | D31: =_xlfn.RANK.EQ('LLM-As-Judge Details'!L11,'LLM-As-Judge Details'!$L$2:$L$16) -> 1 | E31: =_xlfn.RANK.EQ('LLM-As-Judge Details'!M11,'LLM-As-Judge Details'!$M$2:$M$16) -> 3 | F31: =_xlfn.RANK.EQ('LLM-As-Judge Details'!N11,'LLM-As-Judge Details'!$N$2:$N$16) -> 6 | G31: =_xlfn.RANK.EQ('LLM-As-Judge Details'!O16,'LLM-As-Judge Details'!$O$2:$O$16) -> 2
A32: 84 | B32: =_xlfn.RANK.EQ('LLM-As-Judge Details'!J12,'LLM-As-Judge Details'!$J$2:$J$16) -> 2 | C32: =_xlfn.RANK.EQ('LLM-As-Judge Details'!K12,'LLM-As-Judge Details'!$K$2:$K$16) -> 1 | D32: =_xlfn.RANK.EQ('LLM-As-Judge Details'!L12,'LLM-As-Judge Details'!$L$2:$L$16) -> 10 | E32: =_xlfn.RANK.EQ('LLM-As-Judge Details'!M12,'LLM-As-Judge Details'!$M$2:$M$16) -> 10 | F32: =_xlfn.RANK.EQ('LLM-As-Judge Details'!N12,'LLM-As-Judge Details'!$N$2:$N$16) -> 7 | G32: =_xlfn.RANK.EQ('LLM-As-Judge Details'!O17,'LLM-As-Judge Details'!$O$2:$O$16) -> 9
A33: 89 | B33: =_xlfn.RANK.EQ('LLM-As-Judge Details'!J13,'LLM-As-Judge Details'!$J$2:$J$16) -> 14 | C33: =_xlfn.RANK.EQ('LLM-As-Judge Details'!K13,'LLM-As-Judge Details'!$K$2:$K$16) -> 12 | D33: =_xlfn.RANK.EQ('LLM-As-Judge Details'!L13,'LLM-As-Judge Details'!$L$2:$L$16) -> 14 | E33: =_xlfn.RANK.EQ('LLM-As-Judge Details'!M13,'LLM-As-Judge Details'!$M$2:$M$16) -> 14 | F33: =_xlfn.RANK.EQ('LLM-As-Judge Details'!N13,'LLM-As-Judge Details'!$N$2:$N$16) -> 7 | G33: =_xlfn.RANK.EQ('LLM-As-Judge Details'!O18,'LLM-As-Judge Details'!$O$2:$O$16) -> 9
... A36: 110 | B36: =_xlfn.RANK.EQ('LLM-As-Judge Details'!J16,'LLM-As-Judge Details'!$J$2:$J$16) -> 7 | C36: =_xlfn.RANK.EQ('LLM-As-Judge Details'!K16,'LLM-As-Judge Details'!$K$2:$K$16) -> 9 | D36: =_xlfn.RANK.EQ('LLM-As-Judge Details'!L16,'LLM-As-Judge Details'!$L$2:$L$16) -> 12 | E36: =_xlfn.RANK.EQ('LLM-As-Judge Details'!M16,'LLM-As-Judge Details'!$M$2:$M$16) -> 8 | F36: =_xlfn.RANK.EQ('LLM-As-Judge Details'!N16,'LLM-As-Judge Details'!$N$2:$N$16) -> 5 | G36: =_xlfn.RANK.EQ('LLM-As-Judge Details'!O21,'LLM-As-Judge Details'!$O$2:$O$16) -> 9
A39: gpt4o-mini
A40: ID | B40: faithfulness | C40: context_recall | D40: context_precision | E40: semantic_similarity | F40: context_entity_recall | G40: answer_relevancy
A41: 1 | B41: =_xlfn.RANK.EQ('GPT4o-mini-Details'!J2,'GPT4o-mini-Details'!$J$2:$J$16) -> 4 | C41: =_xlfn.RANK.EQ('GPT4o-mini-Details'!K2,'GPT4o-mini-Details'!$K$2:$K$16) -> 1 | D41: =_xlfn.RANK.EQ('GPT4o-mini-Details'!L2,'GPT4o-mini-Details'!$L$2:$L$16) -> 1 | E41: =_xlfn.RANK.EQ('GPT4o-mini-Details'!M2,'GPT4o-mini-Details'!$M$2:$M$16) -> 13 | F41: =_xlfn.RANK.EQ('GPT4o-mini-Details'!N2,'GPT4o-mini-Details'!$N$2:$N$16) -> 6 | G41: =_xlfn.RANK.EQ('GPT4o-mini-Details'!O2,'GPT4o-mini-Details'!$O$2:$O$16) -> 5
A42: 8 | B42: =_xlfn.RANK.EQ('GPT4o-mini-Details'!J3,'GPT4o-mini-Details'!$J$2:$J$16) -> 10 | C42: =_xlfn.RANK.EQ('GPT4o-mini-Details'!K3,'GPT4o-mini-Details'!$K$2:$K$16) -> 9 | D42: =_xlfn.RANK.EQ('GPT4o-mini-Details'!L3,'GPT4o-mini-Details'!$L$2:$L$16) -> 8 | E42: =_xlfn.RANK.EQ('GPT4o-mini-Details'!M3,'GPT4o-mini-Details'!$M$2:$M$16) -> 12 | F42: =_xlfn.RANK.EQ('GPT4o-mini-Details'!N3,'GPT4o-mini-Details'!$N$2:$N$16) -> 9 | G42: =_xlfn.RANK.EQ('GPT4o-mini-Details'!O3,'GPT4o-mini-Details'!$O$2:$O$16) -> 9
A43: 11 | B43: =_xlfn.RANK.EQ('GPT4o-mini-Details'!J4,'GPT4o-mini-Details'!$J$2:$J$16) -> 5 | C43: =_xlfn.RANK.EQ('GPT4o-mini-Details'!K4,'GPT4o-mini-Details'!$K$2:$K$16) -> 1 | D43: =_xlfn.RANK.EQ('GPT4o-mini-Details'!L4,'GPT4o-mini-Details'!$L$2:$L$16) -> 6 | E43: =_xlfn.RANK.EQ('GPT4o-mini-Details'!M4,'GPT4o-mini-Details'!$M$2:$M$16) -> 11 | F43: =_xlfn.RANK.EQ('GPT4o-mini-Details'!N4,'GPT4o-mini-Details'!$N$2:$N$16) -> 1 | G43: =_xlfn.RANK.EQ('GPT4o-mini-Details'!O4,'GPT4o-mini-Details'!$O$2:$O$16) -> 9
A44: 17 | B44: =_xlfn.RANK.EQ('GPT4o-mini-Details'!J5,'GPT4o-mini-Details'!$J$2:$J$16) -> 8 | C44: =_xlfn.RANK.EQ('GPT4o-mini-Details'!K5,'GPT4o-mini-Details'!$K$2:$K$16) -> 1 | D44: =_xlfn.RANK.EQ('GPT4o-mini-Details'!L5,'GPT4o-mini-Details'!$L$2:$L$16) -> 14 | E44: =_xlfn.RANK.EQ('GPT4o-mini-Details'!M5,'GPT4o-mini-Details'!$M$2:$M$16) -> 7 | F44: =_xlfn.RANK.EQ('GPT4o-mini-Details'!N5,'GPT4o-mini-Details'!$N$2:$N$16) -> 6 | G44: =_xlfn.RANK.EQ('GPT4o-mini-Details'!O5,'GPT4o-mini-Details'!$O$2:$O$16) -> 9
A45: 20 | B45: =_xlfn.RANK.EQ('GPT4o-mini-Details'!J6,'GPT4o-mini-Details'!$J$2:$J$16) -> 7 | C45: =_xlfn.RANK.EQ('GPT4o-mini-Details'!K6,'GPT4o-mini-Details'!$K$2:$K$16) -> 10 | D45: =_xlfn.RANK.EQ('GPT4o-mini-Details'!L6,'GPT4o-mini-Details'!$L$2:$L$16) -> 7 | E45: =_xlfn.RANK.EQ('GPT4o-mini-Details'!M6,'GPT4o-mini-Details'!$M$2:$M$16) -> 15 | F45: =_xlfn.RANK.EQ('GPT4o-mini-Details'!N6,'GPT4o-mini-Details'!$N$2:$N$16) -> 9 | G45: =_xlfn.RANK.EQ('GPT4o-mini-Details'!O6,'GPT4o-mini-Details'!$O$2:$O$16) -> 7
A46: 30 | B46: =_xlfn.RANK.EQ('GPT4o-mini-Details'!J7,'GPT4o-mini-Details'!$J$2:$J$16) -> 1 | C46: =_xlfn.RANK.EQ('GPT4o-mini-Details'!K7,'GPT4o-mini-Details'!$K$2:$K$16) -> 1 | D46: =_xlfn.RANK.EQ('GPT4o-mini-Details'!L7,'GPT4o-mini-Details'!$L$2:$L$16) -> 9 | E46: =_xlfn.RANK.EQ('GPT4o-mini-Details'!M7,'GPT4o-mini-Details'!$M$2:$M$16) -> 2 | F46: =_xlfn.RANK.EQ('GPT4o-mini-Details'!N7,'GPT4o-mini-Details'!$N$2:$N$16) -> 9 | G46: =_xlfn.RANK.EQ('GPT4o-mini-Details'!O7,'GPT4o-mini-Details'!$O$2:$O$16) -> 4
A47: 33 | B47: =_xlfn.RANK.EQ('GPT4o-mini-Details'!J8,'GPT4o-mini-Details'!$J$2:$J$16) -> 8 | C47: =_xlfn.RANK.EQ('GPT4o-mini-Details'!K8,'GPT4o-mini-Details'!$K$2:$K$16) -> 1 | D47: =_xlfn.RANK.EQ('GPT4o-mini-Details'!L8,'GPT4o-mini-Details'!$L$2:$L$16) -> 10 | E47: =_xlfn.RANK.EQ('GPT4o-mini-Details'!M8,'GPT4o-mini-Details'!$M$2:$M$16) -> 1 | F47: =_xlfn.RANK.EQ('GPT4o-mini-Details'!N8,'GPT4o-mini-Details'!$N$2:$N$16) -> 9 | G47: =_xlfn.RANK.EQ('GPT4o-mini-Details'!O8,'GPT4o-mini-Details'!$O$2:$O$16) -> 2
A48: 34 | B48: =_xlfn.RANK.EQ('GPT4o-mini-Details'!J9,'GPT4o-mini-Details'!$J$2:$J$16) -> 14 | C48: =_xlfn.RANK.EQ('GPT4o-mini-Details'!K9,'GPT4o-mini-Details'!$K$2:$K$16) -> 12 | D48: =_xlfn.RANK.EQ('GPT4o-mini-Details'!L9,'GPT4o-mini-Details'!$L$2:$L$16) -> 15 | E48: =_xlfn.RANK.EQ('GPT4o-mini-Details'!M9,'GPT4o-mini-Details'!$M$2:$M$16) -> 9 | F48: =_xlfn.RANK.EQ('GPT4o-mini-Details'!N9,'GPT4o-mini-Details'!$N$2:$N$16) -> 9 | G48: =_xlfn.RANK.EQ('GPT4o-mini-Details'!O9,'GPT4o-mini-Details'!$O$2:$O$16) -> 1
A49: 64 | B49: =_xlfn.RANK.EQ('GPT4o-mini-Details'!J10,'GPT4o-mini-Details'!$J$2:$J$16) -> 11 | C49: =_xlfn.RANK.EQ('GPT4o-mini-Details'!K10,'GPT4o-mini-Details'!$K$2:$K$16) -> 13 | D49: =_xlfn.RANK.EQ('GPT4o-mini-Details'!L10,'GPT4o-mini-Details'!$L$2:$L$16) -> 4 | E49: =_xlfn.RANK.EQ('GPT4o-mini-Details'!M10,'GPT4o-mini-Details'!$M$2:$M$16) -> 6 | F49: =_xlfn.RANK.EQ('GPT4o-mini-Details'!N10,'GPT4o-mini-Details'!$N$2:$N$16) -> 9 | G49: =_xlfn.RANK.EQ('GPT4o-mini-Details'!O10,'GPT4o-mini-Details'!$O$2:$O$16) -> 9
A50: 65 | B50: =_xlfn.RANK.EQ('GPT4o-mini-Details'!J11,'GPT4o-mini-Details'!$J$2:$J$16) -> 1 | C50: =_xlfn.RANK.EQ('GPT4o-mini-Details'!K11,'GPT4o-mini-Details'!$K$2:$K$16) -> 1 | D50: =_xlfn.RANK.EQ('GPT4o-mini-Details'!L11,'GPT4o-mini-Details'!$L$2:$L$16) -> 1 | E50: =_xlfn.RANK.EQ('GPT4o-mini-Details'!M11,'GPT4o-mini-Details'!$M$2:$M$16) -> 3 | F50: =_xlfn.RANK.EQ('GPT4o-mini-Details'!N11,'GPT4o-mini-Details'!$N$2:$N$16) -> 2 | G50: =_xlfn.RANK.EQ('GPT4o-mini-Details'!O11,'GPT4o-mini-Details'!$O$2:$O$16) -> 8
A51: 84 | B51: =_xlfn.RANK.EQ('GPT4o-mini-Details'!J12,'GPT4o-mini-Details'!$J$2:$J$16) -> 1 | C51: =_xlfn.RANK.EQ('GPT4o-mini-Details'!K12,'GPT4o-mini-Details'!$K$2:$K$16) -> 7 | D51: =_xlfn.RANK.EQ('GPT4o-mini-Details'!L12,'GPT4o-mini-Details'!$L$2:$L$16) -> 11 | E51: =_xlfn.RANK.EQ('GPT4o-mini-Details'!M12,'GPT4o-mini-Details'!$M$2:$M$16) -> 10 | F51: =_xlfn.RANK.EQ('GPT4o-mini-Details'!N12,'GPT4o-mini-Details'!$N$2:$N$16) -> 3 | G51: =_xlfn.RANK.EQ('GPT4o-mini-Details'!O12,'GPT4o-mini-Details'!$O$2:$O$16) -> 3
A52: 89 | B52: =_xlfn.RANK.EQ('GPT4o-mini-Details'!J13,'GPT4o-mini-Details'!$J$2:$J$16) -> 14 | C52: =_xlfn.RANK.EQ('GPT4o-mini-Details'!K13,'GPT4o-mini-Details'!$K$2:$K$16) -> 15 | D52: =_xlfn.RANK.EQ('GPT4o-mini-Details'!L13,'GPT4o-mini-Details'!$L$2:$L$16) -> 12 | E52: =_xlfn.RANK.EQ('GPT4o-mini-Details'!M13,'GPT4o-mini-Details'!$M$2:$M$16) -> 14 | F52: =_xlfn.RANK.EQ('GPT4o-mini-Details'!N13,'GPT4o-mini-Details'!$N$2:$N$16) -> 9 | G52: =_xlfn.RANK.EQ('GPT4o-mini-Details'!O13,'GPT4o-mini-Details'!$O$2:$O$16) -> 9
... A55: 110 | B55: =_xlfn.RANK.EQ('GPT4o-mini-Details'!J16,'GPT4o-mini-Details'!$J$2:$J$16) -> 6 | C55: =_xlfn.RANK.EQ('GPT4o-mini-Details'!K16,'GPT4o-mini-Details'!$K$2:$K$16) -> 10 | D55: =_xlfn.RANK.EQ('GPT4o-mini-Details'!L16,'GPT4o-mini-Details'!$L$2:$L$16) -> 4 | E55: =_xlfn.RANK.EQ('GPT4o-mini-Details'!M16,'GPT4o-mini-Details'!$M$2:$M$16) -> 8 | F55: =_xlfn.RANK.EQ('GPT4o-mini-Details'!N16,'GPT4o-mini-Details'!$N$2:$N$16) -> 8 | G55: =_xlfn.RANK.EQ('GPT4o-mini-Details'!O16,'GPT4o-mini-Details'!$O$2:$O$16) -> 9
A58: gpt-4.1
A59: ID | B59: faithfulness | C59: context_recall | D59: context_precision | E59: semantic_similarity | F59: context_entity_recall | G59: answer_relevancy
A60: 1 | B60: =_xlfn.RANK.EQ('gpt-4.1-Details'!J2,'gpt-4.1-Details'!$J$2:$J$16) -> 2 | C60: =_xlfn.RANK.EQ('gpt-4.1-Details'!K2,'gpt-4.1-Details'!$K$2:$K$16) -> 1 | D60: =_xlfn.RANK.EQ('gpt-4.1-Details'!L2,'gpt-4.1-Details'!$L$2:$L$16) -> 9 | E60: =_xlfn.RANK.EQ('gpt-4.1-Details'!M2,'gpt-4.1-Details'!$M$2:$M$16) -> 13 | F60: =_xlfn.RANK.EQ('gpt-4.1-Details'!N2,'gpt-4.1-Details'!$N$2:$N$16) -> 8 | G60: =_xlfn.RANK.EQ('gpt-4.1-Details'!O2,'gpt-4.1-Details'!$O$2:$O$16) -> 7
A61: 8 | B61: =_xlfn.RANK.EQ('gpt-4.1-Details'!J3,'gpt-4.1-Details'!$J$2:$J$16) -> 7 | C61: =_xlfn.RANK.EQ('gpt-4.1-Details'!K3,'gpt-4.1-Details'!$K$2:$K$16) -> 10 | D61: =_xlfn.RANK.EQ('gpt-4.1-Details'!L3,'gpt-4.1-Details'!$L$2:$L$16) -> 11 | E61: =_xlfn.RANK.EQ('gpt-4.1-Details'!M3,'gpt-4.1-Details'!$M$2:$M$16) -> 12 | F61: =_xlfn.RANK.EQ('gpt-4.1-Details'!N3,'gpt-4.1-Details'!$N$2:$N$16) -> 12 | G61: =_xlfn.RANK.EQ('gpt-4.1-Details'!O3,'gpt-4.1-Details'!$O$2:$O$16) -> 9
A62: 11 | B62: =_xlfn.RANK.EQ('gpt-4.1-Details'!J4,'gpt-4.1-Details'!$J$2:$J$16) -> 14 | C62: =_xlfn.RANK.EQ('gpt-4.1-Details'!K4,'gpt-4.1-Details'!$K$2:$K$16) -> 1 | D62: =_xlfn.RANK.EQ('gpt-4.1-Details'!L4,'gpt-4.1-Details'!$L$2:$L$16) -> 3 | E62: =_xlfn.RANK.EQ('gpt-4.1-Details'!M4,'gpt-4.1-Details'!$M$2:$M$16) -> 11 | F62: =_xlfn.RANK.EQ('gpt-4.1-Details'!N4,'gpt-4.1-Details'!$N$2:$N$16) -> 1 | G62: =_xlfn.RANK.EQ('gpt-4.1-Details'!O4,'gpt-4.1-Details'!$O$2:$O$16) -> 9
A63: 17 | B63: =_xlfn.RANK.EQ('gpt-4.1-Details'!J5,'gpt-4.1-Details'!$J$2:$J$16) -> 8 | C63: =_xlfn.RANK.EQ('gpt-4.1-Details'!K5,'gpt-4.1-Details'!$K$2:$K$16) -> 10 | D63: =_xlfn.RANK.EQ('gpt-4.1-Details'!L5,'gpt-4.1-Details'!$L$2:$L$16) -> 10 | E63: =_xlfn.RANK.EQ('gpt-4.1-Details'!M5,'gpt-4.1-Details'!$M$2:$M$16) -> 7 | F63: =_xlfn.RANK.EQ('gpt-4.1-Details'!N5,'gpt-4.1-Details'!$N$2:$N$16) -> 2 | G63: =_xlfn.RANK.EQ('gpt-4.1-Details'!O5,'gpt-4.1-Details'!$O$2:$O$16) -> 9
A64: 20 | B64: =_xlfn.RANK.EQ('gpt-4.1-Details'!J6,'gpt-4.1-Details'!$J$2:$J$16) -> 4 | C64: =_xlfn.RANK.EQ('gpt-4.1-Details'!K6,'gpt-4.1-Details'!$K$2:$K$16) -> 5 | D64: =_xlfn.RANK.EQ('gpt-4.1-Details'!L6,'gpt-4.1-Details'!$L$2:$L$16) -> 8 | E64: =_xlfn.RANK.EQ('gpt-4.1-Details'!M6,'gpt-4.1-Details'!$M$2:$M$16) -> 15 | F64: =_xlfn.RANK.EQ('gpt-4.1-Details'!N6,'gpt-4.1-Details'!$N$2:$N$16) -> 8 | G64: =_xlfn.RANK.EQ('gpt-4.1-Details'!O6,'gpt-4.1-Details'!$O$2:$O$16) -> 8
A65: 30 | B65: =_xlfn.RANK.EQ('gpt-4.1-Details'!J7,'gpt-4.1-Details'!$J$2:$J$16) -> 1 | C65: =_xlfn.RANK.EQ('gpt-4.1-Details'!K7,'gpt-4.1-Details'!$K$2:$K$16) -> 1 | D65: =_xlfn.RANK.EQ('gpt-4.1-Details'!L7,'gpt-4.1-Details'!$L$2:$L$16) -> 5 | E65: =_xlfn.RANK.EQ('gpt-4.1-Details'!M7,'gpt-4.1-Details'!$M$2:$M$16) -> 1 | F65: =_xlfn.RANK.EQ('gpt-4.1-Details'!N7,'gpt-4.1-Details'!$N$2:$N$16) -> 3 | G65: =_xlfn.RANK.EQ('gpt-4.1-Details'!O7,'gpt-4.1-Details'!$O$2:$O$16) -> 5
A66: 33 | B66: =_xlfn.RANK.EQ('gpt-4.1-Details'!J8,'gpt-4.1-Details'!$J$2:$J$16) -> 15 | C66: =_xlfn.RANK.EQ('gpt-4.1-Details'!K8,'gpt-4.1-Details'!$K$2:$K$16) -> 10 | D66: =_xlfn.RANK.EQ('gpt-4.1-Details'!L8,'gpt-4.1-Details'!$L$2:$L$16) -> 11 | E66: =_xlfn.RANK.EQ('gpt-4.1-Details'!M8,'gpt-4.1-Details'!$M$2:$M$16) -> 9 | F66: =_xlfn.RANK.EQ('gpt-4.1-Details'!N8,'gpt-4.1-Details'!$N$2:$N$16) -> 12 | G66: =_xlfn.RANK.EQ('gpt-4.1-Details'!O8,'gpt-4.1-Details'!$O$2:$O$16) -> 2
A67: 34 | B67: =_xlfn.RANK.EQ('gpt-4.1-Details'!J9,'gpt-4.1-Details'!$J$2:$J$16) -> 13 | C67: =_xlfn.RANK.EQ('gpt-4.1-Details'!K9,'gpt-4.1-Details'!$K$2:$K$16) -> 10 | D67: =_xlfn.RANK.EQ('gpt-4.1-Details'!L9,'gpt-4.1-Details'!$L$2:$L$16) -> 11 | E67: =_xlfn.RANK.EQ('gpt-4.1-Details'!M9,'gpt-4.1-Details'!$M$2:$M$16) -> 6 | F67: =_xlfn.RANK.EQ('gpt-4.1-Details'!N9,'gpt-4.1-Details'!$N$2:$N$16) -> 10 | G67: =_xlfn.RANK.EQ('gpt-4.1-Details'!O9,'gpt-4.1-Details'!$O$2:$O$16) -> 9
A68: 64 | B68: =_xlfn.RANK.EQ('gpt-4.1-Details'!J10,'gpt-4.1-Details'!$J$2:$J$16) -> 12 | C68: =_xlfn.RANK.EQ('gpt-4.1-Details'!K10,'gpt-4.1-Details'!$K$2:$K$16) -> 1 | D68: =_xlfn.RANK.EQ('gpt-4.1-Details'!L10,'gpt-4.1-Details'!$L$2:$L$16) -> 7 | E68: =_xlfn.RANK.EQ('gpt-4.1-Details'!M10,'gpt-4.1-Details'!$M$2:$M$16) -> 3 | F68: =_xlfn.RANK.EQ('gpt-4.1-Details'!N10,'gpt-4.1-Details'!$N$2:$N$16) -> 4 | G68: =_xlfn.RANK.EQ('gpt-4.1-Details'!O10,'gpt-4.1-Details'!$O$2:$O$16) -> 9
A69: 65 | B69: =_xlfn.RANK.EQ('gpt-4.1-Details'!J11,'gpt-4.1-Details'!$J$2:$J$16) -> 3 | C69: =_xlfn.RANK.EQ('gpt-4.1-Details'!K11,'gpt-4.1-Details'!$K$2:$K$16) -> 8 | D69: =_xlfn.RANK.EQ('gpt-4.1-Details'!L11,'gpt-4.1-Details'!$L$2:$L$16) -> 6 | E69: =_xlfn.RANK.EQ('gpt-4.1-Details'!M11,'gpt-4.1-Details'!$M$2:$M$16) -> 10 | F69: =_xlfn.RANK.EQ('gpt-4.1-Details'!N11,'gpt-4.1-Details'!$N$2:$N$16) -> 12 | G69: =_xlfn.RANK.EQ('gpt-4.1-Details'!O11,'gpt-4.1-Details'!$O$2:$O$16) -> 3
A70: 84 | B70: =_xlfn.RANK.EQ('gpt-4.1-Details'!J12,'gpt-4.1-Details'!$J$2:$J$16) -> 10 | C70: =_xlfn.RANK.EQ('gpt-4.1-Details'!K12,'gpt-4.1-Details'!$K$2:$K$16) -> 10 | D70: =_xlfn.RANK.EQ('gpt-4.1-Details'!L12,'gpt-4.1-Details'!$L$2:$L$16) -> 11 | E70: =_xlfn.RANK.EQ('gpt-4.1-Details'!M12,'gpt-4.1-Details'!$M$2:$M$16) -> 14 | F70: =_xlfn.RANK.EQ('gpt-4.1-Details'!N12,'gpt-4.1-Details'!$N$2:$N$16) -> 12 | G70: =_xlfn.RANK.EQ('gpt-4.1-Details'!O12,'gpt-4.1-Details'!$O$2:$O$16) -> 9
A71: 89 | B71: =_xlfn.RANK.EQ('gpt-4.1-Details'!J13,'gpt-4.1-Details'!$J$2:$J$16) -> 5 | C71: =_xlfn.RANK.EQ('gpt-4.1-Details'!K13,'gpt-4.1-Details'!$K$2:$K$16) -> 7 | D71: =_xlfn.RANK.EQ('gpt-4.1-Details'!L13,'gpt-4.1-Details'!$L$2:$L$16) -> 4 | E71: =_xlfn.RANK.EQ('gpt-4.1-Details'!M13,'gpt-4.1-Details'!$M$2:$M$16) -> 5 | F71: =_xlfn.RANK.EQ('gpt-4.1-Details'!N13,'gpt-4.1-Details'!$N$2:$N$16) -> 6 | G71: =_xlfn.RANK.EQ('gpt-4.1-Details'!O13,'gpt-4.1-Details'!$O$2:$O$16) -> 9
... A74: 110 | B74: =_xlfn.RANK.EQ('gpt-4.1-Details'!J16,'gpt-4.1-Details'!$J$2:$J$16) -> 6 | C74: =_xlfn.RANK.EQ('gpt-4.1-Details'!K16,'gpt-4.1-Details'!$K$2:$K$16) -> 10 | D74: =_xlfn.RANK.EQ('gpt-4.1-Details'!L16,'gpt-4.1-Details'!$L$2:$L$16) -> 11 | E74: =_xlfn.RANK.EQ('gpt-4.1-Details'!M16,'gpt-4.1-Details'!$M$2:$M$16) -> 2 | F74: =_xlfn.RANK.EQ('gpt-4.1-Details'!N16,'gpt-4.1-Details'!$N$2:$N$16) -> 5 | G74: =_xlfn.RANK.EQ('gpt-4.1-Details'!O16,'gpt-4.1-Details'!$O$2:$O$16) -> 4
A77: gpt-5.2
A78: ID | B78: faithfulness | C78: context_recall | D78: context_precision | E78: semantic_similarity | F78: context_entity_recall | G78: answer_relevancy
A79: 1 | B79: =_xlfn.RANK.EQ('gpt-5.2-Details'!J2,'gpt-5.2-Details'!$J$2:$J$16) -> 5 | C79: =_xlfn.RANK.EQ('gpt-5.2-Details'!K2,'gpt-5.2-Details'!$K$2:$K$16) -> 6 | D79: =_xlfn.RANK.EQ('gpt-5.2-Details'!L2,'gpt-5.2-Details'!$L$2:$L$16) -> 9 | E79: =_xlfn.RANK.EQ('gpt-5.2-Details'!M2,'gpt-5.2-Details'!$M$2:$M$16) -> 13 | F79: =_xlfn.RANK.EQ('gpt-5.2-Details'!N2,'gpt-5.2-Details'!$N$2:$N$16) -> 1 | G79: =_xlfn.RANK.EQ('gpt-5.2-Details'!O2,'gpt-5.2-Details'!$O$2:$O$16) -> 7
A80: 8 | B80: =_xlfn.RANK.EQ('gpt-5.2-Details'!J3,'gpt-5.2-Details'!$J$2:$J$16) -> 7 | C80: =_xlfn.RANK.EQ('gpt-5.2-Details'!K3,'gpt-5.2-Details'!$K$2:$K$16) -> 6 | D80: =_xlfn.RANK.EQ('gpt-5.2-Details'!L3,'gpt-5.2-Details'!$L$2:$L$16) -> 10 | E80: =_xlfn.RANK.EQ('gpt-5.2-Details'!M3,'gpt-5.2-Details'!$M$2:$M$16) -> 12 | F80: =_xlfn.RANK.EQ('gpt-5.2-Details'!N3,'gpt-5.2-Details'!$N$2:$N$16) -> 10 | G80: =_xlfn.RANK.EQ('gpt-5.2-Details'!O3,'gpt-5.2-Details'!$O$2:$O$16) -> 3
A81: 11 | B81: =_xlfn.RANK.EQ('gpt-5.2-Details'!J4,'gpt-5.2-Details'!$J$2:$J$16) -> 10 | C81: =_xlfn.RANK.EQ('gpt-5.2-Details'!K4,'gpt-5.2-Details'!$K$2:$K$16) -> 1 | D81: =_xlfn.RANK.EQ('gpt-5.2-Details'!L4,'gpt-5.2-Details'!$L$2:$L$16) -> 1 | E81: =_xlfn.RANK.EQ('gpt-5.2-Details'!M4,'gpt-5.2-Details'!$M$2:$M$16) -> 11 | F81: =_xlfn.RANK.EQ('gpt-5.2-Details'!N4,'gpt-5.2-Details'!$N$2:$N$16) -> 2 | G81: =_xlfn.RANK.EQ('gpt-5.2-Details'!O4,'gpt-5.2-Details'!$O$2:$O$16) -> 12
A82: 17 | B82: =_xlfn.RANK.EQ('gpt-5.2-Details'!J5,'gpt-5.2-Details'!$J$2:$J$16) -> 13 | C82: =_xlfn.RANK.EQ('gpt-5.2-Details'!K5,'gpt-5.2-Details'!$K$2:$K$16) -> 6 | D82: =_xlfn.RANK.EQ('gpt-5.2-Details'!L5,'gpt-5.2-Details'!$L$2:$L$16) -> 10 | E82: =_xlfn.RANK.EQ('gpt-5.2-Details'!M5,'gpt-5.2-Details'!$M$2:$M$16) -> 7 | F82: =_xlfn.RANK.EQ('gpt-5.2-Details'!N5,'gpt-5.2-Details'!$N$2:$N$16) -> 4 | G82: =_xlfn.RANK.EQ('gpt-5.2-Details'!O5,'gpt-5.2-Details'!$O$2:$O$16) -> 12
A83: 20 | B83: =_xlfn.RANK.EQ('gpt-5.2-Details'!J6,'gpt-5.2-Details'!$J$2:$J$16) -> 3 | C83: =_xlfn.RANK.EQ('gpt-5.2-Details'!K6,'gpt-5.2-Details'!$K$2:$K$16) -> 6 | D83: =_xlfn.RANK.EQ('gpt-5.2-Details'!L6,'gpt-5.2-Details'!$L$2:$L$16) -> 2 | E83: =_xlfn.RANK.EQ('gpt-5.2-Details'!M6,'gpt-5.2-Details'!$M$2:$M$16) -> 15 | F83: =_xlfn.RANK.EQ('gpt-5.2-Details'!N6,'gpt-5.2-Details'!$N$2:$N$16) -> 8 | G83: =_xlfn.RANK.EQ('gpt-5.2-Details'!O6,'gpt-5.2-Details'!$O$2:$O$16) -> 10
A84: 30 | B84: =_xlfn.RANK.EQ('gpt-5.2-Details'!J7,'gpt-5.2-Details'!$J$2:$J$16) -> 2 | C84: =_xlfn.RANK.EQ('gpt-5.2-Details'!K7,'gpt-5.2-Details'!$K$2:$K$16) -> 6 | D84: =_xlfn.RANK.EQ('gpt-5.2-Details'!L7,'gpt-5.2-Details'!$L$2:$L$16) -> 10 | E84: =_xlfn.RANK.EQ('gpt-5.2-Details'!M7,'gpt-5.2-Details'!$M$2:$M$16) -> 2 | F84: =_xlfn.RANK.EQ('gpt-5.2-Details'!N7,'gpt-5.2-Details'!$N$2:$N$16) -> 10 | G84: =_xlfn.RANK.EQ('gpt-5.2-Details'!O7,'gpt-5.2-Details'!$O$2:$O$16) -> 5
A85: 33 | B85: =_xlfn.RANK.EQ('gpt-5.2-Details'!J8,'gpt-5.2-Details'!$J$2:$J$16) -> 6 | C85: =_xlfn.RANK.EQ('gpt-5.2-Details'!K8,'gpt-5.2-Details'!$K$2:$K$16) -> 1 | D85: =_xlfn.RANK.EQ('gpt-5.2-Details'!L8,'gpt-5.2-Details'!$L$2:$L$16) -> 5 | E85: =_xlfn.RANK.EQ('gpt-5.2-Details'!M8,'gpt-5.2-Details'!$M$2:$M$16) -> 1 | F85: =_xlfn.RANK.EQ('gpt-5.2-Details'!N8,'gpt-5.2-Details'!$N$2:$N$16) -> 3 | G85: =_xlfn.RANK.EQ('gpt-5.2-Details'!O8,'gpt-5.2-Details'!$O$2:$O$16) -> 6
A86: 34 | B86: =_xlfn.RANK.EQ('gpt-5.2-Details'!J9,'gpt-5.2-Details'!$J$2:$J$16) -> 14 | C86: =_xlfn.RANK.EQ('gpt-5.2-Details'!K9,'gpt-5.2-Details'!$K$2:$K$16) -> 6 | D86: =_xlfn.RANK.EQ('gpt-5.2-Details'!L9,'gpt-5.2-Details'!$L$2:$L$16) -> 10 | E86: =_xlfn.RANK.EQ('gpt-5.2-Details'!M9,'gpt-5.2-Details'!$M$2:$M$16) -> 9 | F86: =_xlfn.RANK.EQ('gpt-5.2-Details'!N9,'gpt-5.2-Details'!$N$2:$N$16) -> 10 | G86: =_xlfn.RANK.EQ('gpt-5.2-Details'!O9,'gpt-5.2-Details'!$O$2:$O$16) -> 2
A87: 64 | B87: =_xlfn.RANK.EQ('gpt-5.2-Details'!J10,'gpt-5.2-Details'!$J$2:$J$16) -> 9 | C87: =_xlfn.RANK.EQ('gpt-5.2-Details'!K10,'gpt-5.2-Details'!$K$2:$K$16) -> 6 | D87: =_xlfn.RANK.EQ('gpt-5.2-Details'!L10,'gpt-5.2-Details'!$L$2:$L$16) -> 10 | E87: =_xlfn.RANK.EQ('gpt-5.2-Details'!M10,'gpt-5.2-Details'!$M$2:$M$16) -> 6 | F87: =_xlfn.RANK.EQ('gpt-5.2-Details'!N10,'gpt-5.2-Details'!$N$2:$N$16) -> 10 | G87: =_xlfn.RANK.EQ('gpt-5.2-Details'!O10,'gpt-5.2-Details'!$O$2:$O$16) -> 12
A88: 65 | B88: =_xlfn.RANK.EQ('gpt-5.2-Details'!J11,'gpt-5.2-Details'!$J$2:$J$16) -> 8 | C88: =_xlfn.RANK.EQ('gpt-5.2-Details'!K11,'gpt-5.2-Details'!$K$2:$K$16) -> 3 | D88: =_xlfn.RANK.EQ('gpt-5.2-Details'!L11,'gpt-5.2-Details'!$L$2:$L$16) -> 2 | E88: =_xlfn.RANK.EQ('gpt-5.2-Details'!M11,'gpt-5.2-Details'!$M$2:$M$16) -> 3 | F88: =_xlfn.RANK.EQ('gpt-5.2-Details'!N11,'gpt-5.2-Details'!$N$2:$N$16) -> 5 | G88: =_xlfn.RANK.EQ('gpt-5.2-Details'!O11,'gpt-5.2-Details'!$O$2:$O$16) -> 11
A89: 84 | B89: =_xlfn.RANK.EQ('gpt-5.2-Details'!J12,'gpt-5.2-Details'!$J$2:$J$16) -> 1 | C89: =_xlfn.RANK.EQ('gpt-5.2-Details'!K12,'gpt-5.2-Details'!$K$2:$K$16) -> 6 | D89: =_xlfn.RANK.EQ('gpt-5.2-Details'!L12,'gpt-5.2-Details'!$L$2:$L$16) -> 2 | E89: =_xlfn.RANK.EQ('gpt-5.2-Details'!M12,'gpt-5.2-Details'!$M$2:$M$16) -> 10 | F89: =_xlfn.RANK.EQ('gpt-5.2-Details'!N12,'gpt-5.2-Details'!$N$2:$N$16) -> 10 | G89: =_xlfn.RANK.EQ('gpt-5.2-Details'!O12,'gpt-5.2-Details'!$O$2:$O$16) -> 4
A90: 89 | B90: =_xlfn.RANK.EQ('gpt-5.2-Details'!J13,'gpt-5.2-Details'!$J$2:$J$16) -> 14 | C90: =_xlfn.RANK.EQ('gpt-5.2-Details'!K13,'gpt-5.2-Details'!$K$2:$K$16) -> 6 | D90: =_xlfn.RANK.EQ('gpt-5.2-Details'!L13,'gpt-5.2-Details'!$L$2:$L$16) -> 10 | E90: =_xlfn.RANK.EQ('gpt-5.2-Details'!M13,'gpt-5.2-Details'!$M$2:$M$16) -> 14 | F90: =_xlfn.RANK.EQ('gpt-5.2-Details'!N13,'gpt-5.2-Details'!$N$2:$N$16) -> 10 | G90: =_xlfn.RANK.EQ('gpt-5.2-Details'!O13,'gpt-5.2-Details'!$O$2:$O$16) -> 12
... A93: 110 | B93: =_xlfn.RANK.EQ('gpt-5.2-Details'!J16,'gpt-5.2-Details'!$J$2:$J$16) -> 12 | C93: =_xlfn.RANK.EQ('gpt-5.2-Details'!K16,'gpt-5.2-Details'!$K$2:$K$16) -> 6 | D93: =_xlfn.RANK.EQ('gpt-5.2-Details'!L16,'gpt-5.2-Details'!$L$2:$L$16) -> 7 | E93: =_xlfn.RANK.EQ('gpt-5.2-Details'!M16,'gpt-5.2-Details'!$M$2:$M$16) -> 8 | F93: =_xlfn.RANK.EQ('gpt-5.2-Details'!N16,'gpt-5.2-Details'!$N$2:$N$16) -> 9 | G93: =_xlfn.RANK.EQ('gpt-5.2-Details'!O16,'gpt-5.2-Details'!$O$2:$O$16) -> 1
A96: gpt-4.1
A97: ID | B97: faithfulness | C97: context_recall | D97: context_precision | E97: semantic_similarity | F97: context_entity_recall | G97: answer_relevancy
A98: 1 | B98: =_xlfn.RANK.EQ('gpt-4.1-mini-Details'!J2,'gpt-4.1-mini-Details'!$J$2:$J$16) -> 2 | C98: =_xlfn.RANK.EQ('gpt-4.1-mini-Details'!K2,'gpt-4.1-mini-Details'!$K$2:$K$16) -> 1 | D98: =_xlfn.RANK.EQ('gpt-4.1-mini-Details'!L2,'gpt-4.1-mini-Details'!$L$2:$L$16) -> 7 | E98: =_xlfn.RANK.EQ('gpt-4.1-mini-Details'!M2,'gpt-4.1-mini-Details'!$M$2:$M$16) -> 11 | F98: =_xlfn.RANK.EQ('gpt-4.1-mini-Details'!N2,'gpt-4.1-mini-Details'!$N$2:$N$16) -> 9 | G98: =_xlfn.RANK.EQ('gpt-4.1-mini-Details'!O2,'gpt-4.1-mini-Details'!$O$2:$O$16) -> 6
A99: 8 | B99: =_xlfn.RANK.EQ('gpt-4.1-mini-Details'!J3,'gpt-4.1-mini-Details'!$J$2:$J$16) -> 11 | C99: =_xlfn.RANK.EQ('gpt-4.1-mini-Details'!K3,'gpt-4.1-mini-Details'!$K$2:$K$16) -> 11 | D99: =_xlfn.RANK.EQ('gpt-4.1-mini-Details'!L3,'gpt-4.1-mini-Details'!$L$2:$L$16) -> 11 | E99: =_xlfn.RANK.EQ('gpt-4.1-mini-Details'!M3,'gpt-4.1-mini-Details'!$M$2:$M$16) -> 12 | F99: =_xlfn.RANK.EQ('gpt-4.1-mini-Details'!N3,'gpt-4.1-mini-Details'!$N$2:$N$16) -> 10 | G99: =_xlfn.RANK.EQ('gpt-4.1-mini-Details'!O3,'gpt-4.1-mini-Details'!$O$2:$O$16) -> 8
A100: 11 | B100: =_xlfn.RANK.EQ('gpt-4.1-mini-Details'!J4,'gpt-4.1-mini-Details'!$J$2:$J$16) -> 5 | C100: =_xlfn.RANK.EQ('gpt-4.1-mini-Details'!K4,'gpt-4.1-mini-Details'!$K$2:$K$16) -> 1 | D100: =_xlfn.RANK.EQ('gpt-4.1-mini-Details'!L4,'gpt-4.1-mini-Details'!$L$2:$L$16) -> 1 | E100: =_xlfn.RANK.EQ('gpt-4.1-mini-Details'!M4,'gpt-4.1-mini-Details'!$M$2:$M$16) -> 10 | F100: =_xlfn.RANK.EQ('gpt-4.1-mini-Details'!N4,'gpt-4.1-mini-Details'!$N$2:$N$16) -> 2 | G100: =_xlfn.RANK.EQ('gpt-4.1-mini-Details'!O4,'gpt-4.1-mini-Details'!$O$2:$O$16) -> 8
A101: 17 | B101: =_xlfn.RANK.EQ('gpt-4.1-mini-Details'!J5,'gpt-4.1-mini-Details'!$J$2:$J$16) -> 7 | C101: =_xlfn.RANK.EQ('gpt-4.1-mini-Details'!K5,'gpt-4.1-mini-Details'!$K$2:$K$16) -> 11 | D101: =_xlfn.RANK.EQ('gpt-4.1-mini-Details'!L5,'gpt-4.1-mini-Details'!$L$2:$L$16) -> 10 | E101: =_xlfn.RANK.EQ('gpt-4.1-mini-Details'!M5,'gpt-4.1-mini-Details'!$M$2:$M$16) -> 7 | F101: =_xlfn.RANK.EQ('gpt-4.1-mini-Details'!N5,'gpt-4.1-mini-Details'!$N$2:$N$16) -> 5 | G101: =_xlfn.RANK.EQ('gpt-4.1-mini-Details'!O5,'gpt-4.1-mini-Details'!$O$2:$O$16) -> 5
A102: 20 | B102: =_xlfn.RANK.EQ('gpt-4.1-mini-Details'!J6,'gpt-4.1-mini-Details'!$J$2:$J$16) -> 8 | C102: =_xlfn.RANK.EQ('gpt-4.1-mini-Details'!K6,'gpt-4.1-mini-Details'!$K$2:$K$16) -> 11 | D102: =_xlfn.RANK.EQ('gpt-4.1-mini-Details'!L6,'gpt-4.1-mini-Details'!$L$2:$L$16) -> 2 | E102: =_xlfn.RANK.EQ('gpt-4.1-mini-Details'!M6,'gpt-4.1-mini-Details'!$M$2:$M$16) -> 15 | F102: =_xlfn.RANK.EQ('gpt-4.1-mini-Details'!N6,'gpt-4.1-mini-Details'!$N$2:$N$16) -> 3 | G102: =_xlfn.RANK.EQ('gpt-4.1-mini-Details'!O6,'gpt-4.1-mini-Details'!$O$2:$O$16) -> 7
A103: 30 | B103: =_xlfn.RANK.EQ('gpt-4.1-mini-Details'!J7,'gpt-4.1-mini-Details'!$J$2:$J$16) -> 1 | C103: =_xlfn.RANK.EQ('gpt-4.1-mini-Details'!K7,'gpt-4.1-mini-Details'!$K$2:$K$16) -> 1 | D103: =_xlfn.RANK.EQ('gpt-4.1-mini-Details'!L7,'gpt-4.1-mini-Details'!$L$2:$L$16) -> 11 | E103: =_xlfn.RANK.EQ('gpt-4.1-mini-Details'!M7,'gpt-4.1-mini-Details'!$M$2:$M$16) -> 4 | F103: =_xlfn.RANK.EQ('gpt-4.1-mini-Details'!N7,'gpt-4.1-mini-Details'!$N$2:$N$16) -> 7 | G103: =_xlfn.RANK.EQ('gpt-4.1-mini-Details'!O7,'gpt-4.1-mini-Details'!$O$2:$O$16) -> 4
A104: 33 | B104: =_xlfn.RANK.EQ('gpt-4.1-mini-Details'!J8,'gpt-4.1-mini-Details'!$J$2:$J$16) -> 5 | C104: =_xlfn.RANK.EQ('gpt-4.1-mini-Details'!K8,'gpt-4.1-mini-Details'!$K$2:$K$16) -> 1 | D104: =_xlfn.RANK.EQ('gpt-4.1-mini-Details'!L8,'gpt-4.1-mini-Details'!$L$2:$L$16) -> 3 | E104: =_xlfn.RANK.EQ('gpt-4.1-mini-Details'!M8,'gpt-4.1-mini-Details'!$M$2:$M$16) -> 2 | F104: =_xlfn.RANK.EQ('gpt-4.1-mini-Details'!N8,'gpt-4.1-mini-Details'!$N$2:$N$16) -> 1 | G104: =_xlfn.RANK.EQ('gpt-4.1-mini-Details'!O8,'gpt-4.1-mini-Details'!$O$2:$O$16) -> 2
A105: 34 | B105: =_xlfn.RANK.EQ('gpt-4.1-mini-Details'!J9,'gpt-4.1-mini-Details'!$J$2:$J$16) -> 13 | C105: =_xlfn.RANK.EQ('gpt-4.1-mini-Details'!K9,'gpt-4.1-mini-Details'!$K$2:$K$16) -> 11 | D105: =_xlfn.RANK.EQ('gpt-4.1-mini-Details'!L9,'gpt-4.1-mini-Details'!$L$2:$L$16) -> 11 | E105: =_xlfn.RANK.EQ('gpt-4.1-mini-Details'!M9,'gpt-4.1-mini-Details'!$M$2:$M$16) -> 8 | F105: =_xlfn.RANK.EQ('gpt-4.1-mini-Details'!N9,'gpt-4.1-mini-Details'!$N$2:$N$16) -> 10 | G105: =_xlfn.RANK.EQ('gpt-4.1-mini-Details'!O9,'gpt-4.1-mini-Details'!$O$2:$O$16) -> 3
A106: 64 | B106: =_xlfn.RANK.EQ('gpt-4.1-mini-Details'!J10,'gpt-4.1-mini-Details'!$J$2:$J$16) -> 13 | C106: =_xlfn.RANK.EQ('gpt-4.1-mini-Details'!K10,'gpt-4.1-mini-Details'!$K$2:$K$16) -> 10 | D106: =_xlfn.RANK.EQ('gpt-4.1-mini-Details'!L10,'gpt-4.1-mini-Details'!$L$2:$L$16) -> 11 | E106: =_xlfn.RANK.EQ('gpt-4.1-mini-Details'!M10,'gpt-4.1-mini-Details'!$M$2:$M$16) -> 13 | F106: =_xlfn.RANK.EQ('gpt-4.1-mini-Details'!N10,'gpt-4.1-mini-Details'!$N$2:$N$16) -> 10 | G106: =_xlfn.RANK.EQ('gpt-4.1-mini-Details'!O10,'gpt-4.1-mini-Details'!$O$2:$O$16) -> 8
A107: 65 | B107: =_xlfn.RANK.EQ('gpt-4.1-mini-Details'!J11,'gpt-4.1-mini-Details'!$J$2:$J$16) -> 9 | C107: =_xlfn.RANK.EQ('gpt-4.1-mini-Details'!K11,'gpt-4.1-mini-Details'!$K$2:$K$16) -> 1 | D107: =_xlfn.RANK.EQ('gpt-4.1-mini-Details'!L11,'gpt-4.1-mini-Details'!$L$2:$L$16) -> 9 | E107: =_xlfn.RANK.EQ('gpt-4.1-mini-Details'!M11,'gpt-4.1-mini-Details'!$M$2:$M$16) -> 6 | F107: =_xlfn.RANK.EQ('gpt-4.1-mini-Details'!N11,'gpt-4.1-mini-Details'!$N$2:$N$16) -> 8 | G107: =_xlfn.RANK.EQ('gpt-4.1-mini-Details'!O11,'gpt-4.1-mini-Details'!$O$2:$O$16) -> 8
A108: 84 | B108: =_xlfn.RANK.EQ('gpt-4.1-mini-Details'!J12,'gpt-4.1-mini-Details'!$J$2:$J$16) -> 3 | C108: =_xlfn.RANK.EQ('gpt-4.1-mini-Details'!K12,'gpt-4.1-mini-Details'!$K$2:$K$16) -> 7 | D108: =_xlfn.RANK.EQ('gpt-4.1-mini-Details'!L12,'gpt-4.1-mini-Details'!$L$2:$L$16) -> 4 | E108: =_xlfn.RANK.EQ('gpt-4.1-mini-Details'!M12,'gpt-4.1-mini-Details'!$M$2:$M$16) -> 9 | F108: =_xlfn.RANK.EQ('gpt-4.1-mini-Details'!N12,'gpt-4.1-mini-Details'!$N$2:$N$16) -> 10 | G108: =_xlfn.RANK.EQ('gpt-4.1-mini-Details'!O12,'gpt-4.1-mini-Details'!$O$2:$O$16) -> 1
A109: 89 | B109: =_xlfn.RANK.EQ('gpt-4.1-mini-Details'!J13,'gpt-4.1-mini-Details'!$J$2:$J$16) -> 13 | C109: =_xlfn.RANK.EQ('gpt-4.1-mini-Details'!K13,'gpt-4.1-mini-Details'!$K$2:$K$16) -> 11 | D109: =_xlfn.RANK.EQ('gpt-4.1-mini-Details'!L13,'gpt-4.1-mini-Details'!$L$2:$L$16) -> 11 | E109: =_xlfn.RANK.EQ('gpt-4.1-mini-Details'!M13,'gpt-4.1-mini-Details'!$M$2:$M$16) -> 14 | F109: =_xlfn.RANK.EQ('gpt-4.1-mini-Details'!N13,'gpt-4.1-mini-Details'!$N$2:$N$16) -> 10 | G109: =_xlfn.RANK.EQ('gpt-4.1-mini-Details'!O13,'gpt-4.1-mini-Details'!$O$2:$O$16) -> 8
... A112: 110 | B112: =_xlfn.RANK.EQ('gpt-4.1-mini-Details'!J16,'gpt-4.1-mini-Details'!$J$2:$J$16) -> 12 | C112: =_xlfn.RANK.EQ('gpt-4.1-mini-Details'!K16,'gpt-4.1-mini-Details'!$K$2:$K$16) -> 1 | D112: =_xlfn.RANK.EQ('gpt-4.1-mini-Details'!L16,'gpt-4.1-mini-Details'!$L$2:$L$16) -> 7 | E112: =_xlfn.RANK.EQ('gpt-4.1-mini-Details'!M16,'gpt-4.1-mini-Details'!$M$2:$M$16) -> 5 | F112: =_xlfn.RANK.EQ('gpt-4.1-mini-Details'!N16,'gpt-4.1-mini-Details'!$N$2:$N$16) -> 4 | G112: =_xlfn.RANK.EQ('gpt-4.1-mini-Details'!O16,'gpt-4.1-mini-Details'!$O$2:$O$16) -> 8
A115: gpt-4.1-mini
A116: ID | B116: faithfulness | C116: context_recall | D116: context_precision | E116: semantic_similarity | F116: context_entity_recall | G116: answer_relevancy
A117: 1 | B117: =_xlfn.RANK.EQ('gpt-4.1-mini-Details'!J2,'gpt-4.1-mini-Details'!$J$2:$J$16) -> 2 | C117: =_xlfn.RANK.EQ('gpt-4.1-mini-Details'!K2,'gpt-4.1-mini-Details'!$K$2:$K$16) -> 1 | D117: =_xlfn.RANK.EQ('gpt-4.1-mini-Details'!L2,'gpt-4.1-mini-Details'!$L$2:$L$16) -> 7 | E117: =_xlfn.RANK.EQ('gpt-4.1-mini-Details'!M2,'gpt-4.1-mini-Details'!$M$2:$M$16) -> 11 | F117: =_xlfn.RANK.EQ('gpt-4.1-mini-Details'!N2,'gpt-4.1-mini-Details'!$N$2:$N$16) -> 9 | G117: =_xlfn.RANK.EQ('gpt-4.1-mini-Details'!O2,'gpt-4.1-mini-Details'!$O$2:$O$16) -> 6
A118: 8 | B118: =_xlfn.RANK.EQ('gpt-4.1-mini-Details'!J3,'gpt-4.1-mini-Details'!$J$2:$J$16) -> 11 | C118: =_xlfn.RANK.EQ('gpt-4.1-mini-Details'!K3,'gpt-4.1-mini-Details'!$K$2:$K$16) -> 11 | D118: =_xlfn.RANK.EQ('gpt-4.1-mini-Details'!L3,'gpt-4.1-mini-Details'!$L$2:$L$16) -> 11 | E118: =_xlfn.RANK.EQ('gpt-4.1-mini-Details'!M3,'gpt-4.1-mini-Details'!$M$2:$M$16) -> 12 | F118: =_xlfn.RANK.EQ('gpt-4.1-mini-Details'!N3,'gpt-4.1-mini-Details'!$N$2:$N$16) -> 10 | G118: =_xlfn.RANK.EQ('gpt-4.1-mini-Details'!O3,'gpt-4.1-mini-Details'!$O$2:$O$16) -> 8
A119: 11 | B119: =_xlfn.RANK.EQ('gpt-4.1-mini-Details'!J4,'gpt-4.1-mini-Details'!$J$2:$J$16) -> 5 | C119: =_xlfn.RANK.EQ('gpt-4.1-mini-Details'!K4,'gpt-4.1-mini-Details'!$K$2:$K$16) -> 1 | D119: =_xlfn.RANK.EQ('gpt-4.1-mini-Details'!L4,'gpt-4.1-mini-Details'!$L$2:$L$16) -> 1 | E119: =_xlfn.RANK.EQ('gpt-4.1-mini-Details'!M4,'gpt-4.1-mini-Details'!$M$2:$M$16) -> 10 | F119: =_xlfn.RANK.EQ('gpt-4.1-mini-Details'!N4,'gpt-4.1-mini-Details'!$N$2:$N$16) -> 2 | G119: =_xlfn.RANK.EQ('gpt-4.1-mini-Details'!O4,'gpt-4.1-mini-Details'!$O$2:$O$16) -> 8
A120: 17 | B120: =_xlfn.RANK.EQ('gpt-4.1-mini-Details'!J5,'gpt-4.1-mini-Details'!$J$2:$J$16) -> 7 | C120: =_xlfn.RANK.EQ('gpt-4.1-mini-Details'!K5,'gpt-4.1-mini-Details'!$K$2:$K$16) -> 11 | D120: =_xlfn.RANK.EQ('gpt-4.1-mini-Details'!L5,'gpt-4.1-mini-Details'!$L$2:$L$16) -> 10 | E120: =_xlfn.RANK.EQ('gpt-4.1-mini-Details'!M5,'gpt-4.1-mini-Details'!$M$2:$M$16) -> 7 | F120: =_xlfn.RANK.EQ('gpt-4.1-mini-Details'!N5,'gpt-4.1-mini-Details'!$N$2:$N$16) -> 5 | G120: =_xlfn.RANK.EQ('gpt-4.1-mini-Details'!O5,'gpt-4.1-mini-Details'!$O$2:$O$16) -> 5
A121: 20 | B121: =_xlfn.RANK.EQ('gpt-4.1-mini-Details'!J6,'gpt-4.1-mini-Details'!$J$2:$J$16) -> 8 | C121: =_xlfn.RANK.EQ('gpt-4.1-mini-Details'!K6,'gpt-4.1-mini-Details'!$K$2:$K$16) -> 11 | D121: =_xlfn.RANK.EQ('gpt-4.1-mini-Details'!L6,'gpt-4.1-mini-Details'!$L$2:$L$16) -> 2 | E121: =_xlfn.RANK.EQ('gpt-4.1-mini-Details'!M6,'gpt-4.1-mini-Details'!$M$2:$M$16) -> 15 | F121: =_xlfn.RANK.EQ('gpt-4.1-mini-Details'!N6,'gpt-4.1-mini-Details'!$N$2:$N$16) -> 3 | G121: =_xlfn.RANK.EQ('gpt-4.1-mini-Details'!O6,'gpt-4.1-mini-Details'!$O$2:$O$16) -> 7
A122: 30 | B122: =_xlfn.RANK.EQ('gpt-4.1-mini-Details'!J7,'gpt-4.1-mini-Details'!$J$2:$J$16) -> 1 | C122: =_xlfn.RANK.EQ('gpt-4.1-mini-Details'!K7,'gpt-4.1-mini-Details'!$K$2:$K$16) -> 1 | D122: =_xlfn.RANK.EQ('gpt-4.1-mini-Details'!L7,'gpt-4.1-mini-Details'!$L$2:$L$16) -> 11 | E122: =_xlfn.RANK.EQ('gpt-4.1-mini-Details'!M7,'gpt-4.1-mini-Details'!$M$2:$M$16) -> 4 | F122: =_xlfn.RANK.EQ('gpt-4.1-mini-Details'!N7,'gpt-4.1-mini-Details'!$N$2:$N$16) -> 7 | G122: =_xlfn.RANK.EQ('gpt-4.1-mini-Details'!O7,'gpt-4.1-mini-Details'!$O$2:$O$16) -> 4
A123: 33 | B123: =_xlfn.RANK.EQ('gpt-4.1-mini-Details'!J8,'gpt-4.1-mini-Details'!$J$2:$J$16) -> 5 | C123: =_xlfn.RANK.EQ('gpt-4.1-mini-Details'!K8,'gpt-4.1-mini-Details'!$K$2:$K$16) -> 1 | D123: =_xlfn.RANK.EQ('gpt-4.1-mini-Details'!L8,'gpt-4.1-mini-Details'!$L$2:$L$16) -> 3 | E123: =_xlfn.RANK.EQ('gpt-4.1-mini-Details'!M8,'gpt-4.1-mini-Details'!$M$2:$M$16) -> 2 | F123: =_xlfn.RANK.EQ('gpt-4.1-mini-Details'!N8,'gpt-4.1-mini-Details'!$N$2:$N$16) -> 1 | G123: =_xlfn.RANK.EQ('gpt-4.1-mini-Details'!O8,'gpt-4.1-mini-Details'!$O$2:$O$16) -> 2
A124: 34 | B124: =_xlfn.RANK.EQ('gpt-4.1-mini-Details'!J9,'gpt-4.1-mini-Details'!$J$2:$J$16) -> 13 | C124: =_xlfn.RANK.EQ('gpt-4.1-mini-Details'!K9,'gpt-4.1-mini-Details'!$K$2:$K$16) -> 11 | D124: =_xlfn.RANK.EQ('gpt-4.1-mini-Details'!L9,'gpt-4.1-mini-Details'!$L$2:$L$16) -> 11 | E124: =_xlfn.RANK.EQ('gpt-4.1-mini-Details'!M9,'gpt-4.1-mini-Details'!$M$2:$M$16) -> 8 | F124: =_xlfn.RANK.EQ('gpt-4.1-mini-Details'!N9,'gpt-4.1-mini-Details'!$N$2:$N$16) -> 10 | G124: =_xlfn.RANK.EQ('gpt-4.1-mini-Details'!O9,'gpt-4.1-mini-Details'!$O$2:$O$16) -> 3
...

Sheet Korrelationen
A1: Rangkorrelation | B1: faithfulness | C1: context_recall | D1: context_precision | E1: semantic_similarity | F1: context_entity_recall | G1: answer_relevancy
A2: qwen | B2: =CORREL(Ränge!B3:B17,Ränge!B22:B36) -> 0.57370678 | C2: =CORREL(Ränge!C3:C17,Ränge!C22:C36) -> 0.74415851 | D2: =CORREL(Ränge!D3:D17,Ränge!D22:D36) -> 0.22305764 | E2: =CORREL(Ränge!E3:E17,Ränge!E22:E36) -> 0.047693781 | F2: =CORREL(Ränge!F3:F17,Ränge!F22:F36) -> 0.45819723 | G2: =CORREL(Ränge!G3:G17,Ränge!G22:G36) -> -0.14656358
A3: gpt4o-mini | B3: =CORREL(Ränge!B3:B17,Ränge!B41:B55) -> 0.56436406 | C3: =CORREL(Ränge!C3:C17,Ränge!C41:C55) -> 0.59462271 | D3: =CORREL(Ränge!D3:D17,Ränge!D41:D55) -> 0.3009366 | E3: =CORREL(Ränge!E3:E17,Ränge!E41:E55) -> 0.047693781 | F3: =CORREL(Ränge!F3:F17,Ränge!F41:F55) -> 0.48759105 | G3: =CORREL(Ränge!G3:G17,Ränge!G41:G55) -> 0.58980493
A4: gpt-4.1 | B4: =CORREL(Ränge!B3:B17, Ränge!B60:B74) -> 0.2043488 | C4: =CORREL(Ränge!C3:C17, Ränge!C60:C74) -> 0.19377776 | D4: =CORREL(Ränge!D3:D17, Ränge!D60:D74) -> -0.15423533 | E4: =CORREL(Ränge!E3:E17, Ränge!E60:E74) -> -0.4871579 | F4: =CORREL(Ränge!F3:F17, Ränge!F60:F74) -> -0.27500567 | G4: =CORREL(Ränge!G3:G17, Ränge!G60:G74) -> 0.20069751
A5: gpt-5.2 | B5: =CORREL(Ränge!B3:B17, Ränge!B79:B93) -> 0.50725933 | C5: =CORREL(Ränge!C3:C17, Ränge!C79:C93) -> 0.73104248 | D5: =CORREL(Ränge!D3:D17, Ränge!D79:D93) -> 0.75094236 | E5: =CORREL(Ränge!E3:E17, Ränge!E79:E93) -> 0.047693781 | F5: =CORREL(Ränge!F3:F17, Ränge!F79:F93) -> 0.74855081 | G5: =CORREL(Ränge!G3:G17, Ränge!G79:G93) -> 0.14822493
A6: gpt-4.1-mini | B6: =CORREL(Ränge!B3:B17, Ränge!B117:B131) -> 0.53558363 | C6: =CORREL(Ränge!C3:C17, Ränge!C117:C131) -> 0.58594568 | D6: =CORREL(Ränge!D3:D17, Ränge!D117:D131) -> 0.50327669 | E6: =CORREL(Ränge!E3:E17, Ränge!E117:E131) -> 0.2452823 | F6: =CORREL(Ränge!F3:F17, Ränge!F117:F131) -> 0.40351567 | G6: =CORREL(Ränge!G3:G17, Ränge!G117:G131) -> 0.44812488
A9: Pearson Korrelation | B9: faithfulness | C9: context_recall | D9: context_precision | E9: semantic_similarity | F9: context_entity_recall | G9: answer_relevancy
A10: qwen | B10: =PEARSON('Human Details'!$J$2:$J$16, 'LLM-As-Judge Details'!$J$2:$J$16) -> 0.65302115 | C10: =PEARSON('Human Details'!$K$2:$K$16, 'LLM-As-Judge Details'!$K$2:$K$16) -> 0.73529279 | D10: =PEARSON('Human Details'!$L$2:$L$16, 'LLM-As-Judge Details'!$L$2:$L$16) -> 0.41218722 | E10: =PEARSON('Human Details'!$M$2:$M$16, 'LLM-As-Judge Details'!$M$2:$M$16) -> 0.14385935 | F10: =PEARSON('Human Details'!$N$2:$N$16, 'LLM-As-Judge Details'!$N$2:$N$16) -> 0.16880378 | G10: =PEARSON('Human Details'!$O$2:$O$16, 'LLM-As-Judge Details'!$O$2:$O$16) -> 0.37830878
A11: gpt4o-mini | B11: =PEARSON('Human Details'!$J$2:$J$16, 'GPT4o-mini-Details'!$J$2:$J$16) -> 0.64855385 | C11: =PEARSON('Human Details'!$K$2:$K$16, 'GPT4o-mini-Details'!$K$2:$K$16) -> 0.59067257 | D11: =PEARSON('Human Details'!$L$2:$L$16, 'GPT4o-mini-Details'!$L$2:$L$16) -> 0.58517312 | E11: =PEARSON('Human Details'!$M$2:$M$16, 'GPT4o-mini-Details'!$M$2:$M$16) -> 0.14385935 | F11: =PEARSON('Human Details'!$N$2:$N$16, 'GPT4o-mini-Details'!$N$2:$N$16) -> 0.18258654 | G11: =PEARSON('Human Details'!$O$2:$O$16, 'GPT4o-mini-Details'!$O$2:$O$16) -> 0.69920987
A12: gpt-4.1 | B12: =PEARSON('Human Details'!$J$2:$J$16, 'gpt-4.1-Details'!$J$2:$J$16) -> 0.31901447 | C12: =PEARSON('Human Details'!$K$2:$K$16, 'gpt-4.1-Details'!$K$2:$K$16) -> 0.17682219 | D12: =PEARSON('Human Details'!$L$2:$L$16, 'gpt-4.1-Details'!$L$2:$L$16) -> -0.15955961 | E12: =PEARSON('Human Details'!$M$2:$M$16, 'gpt-4.1-Details'!$M$2:$M$16) -> -0.42476534 | F12: =PEARSON('Human Details'!$N$2:$N$16, 'gpt-4.1-Details'!$N$2:$N$16) -> -0.28831767 | G12: =PEARSON('Human Details'!$O$2:$O$16, 'gpt-4.1-Details'!$O$2:$O$16) -> 0.31097902
A13: gpt-5.2 | B13: =PEARSON('Human Details'!$J$2:$J$16, 'gpt-5.2-Details'!$J$2:$J$16) -> 0.63105836 | C13: =PEARSON('Human Details'!$K$2:$K$16, 'gpt-5.2-Details'!$K$2:$K$16) -> 0.67944728 | D13: =PEARSON('Human Details'!$L$2:$L$16, 'gpt-5.2-Details'!$L$2:$L$16) -> 0.68822528 | E13: =PEARSON('Human Details'!$M$2:$M$16, 'gpt-5.2-Details'!$M$2:$M$16) -> 0.14385935 | F13: =PEARSON('Human Details'!$N$2:$N$16, 'gpt-5.2-Details'!$N$2:$N$16) -> 0.45089067 | G13: =PEARSON('Human Details'!$O$2:$O$16, 'gpt-5.2-Details'!$O$2:$O$16) -> 0.40086275
A14: gpt-4.1-mini | B14: =PEARSON('Human Details'!$J$2:$J$16, 'gpt-4.1-mini-Details'!$J$2:$J$16) -> 0.73322698 | C14: =PEARSON('Human Details'!$K$2:$K$16, 'gpt-4.1-mini-Details'!$K$2:$K$16) -> 0.56215487 | D14: =PEARSON('Human Details'!$L$2:$L$16, 'gpt-4.1-mini-Details'!$L$2:$L$16) -> 0.5510758 | E14: =PEARSON('Human Details'!$M$2:$M$16, 'gpt-4.1-mini-Details'!$M$2:$M$16) -> 0.26938296 | F14: =PEARSON('Human Details'!$N$2:$N$16, 'gpt-4.1-mini-Details'!$N$2:$N$16) -> 0.36082996 | G14: =PEARSON('Human Details'!$O$2:$O$16, 'gpt-4.1-mini-Details'!$O$2:$O$16) -> 0.46513088

Sheet Metriken_qwen
B1: Abs
A2: ID | B2: faithfulness | C2: context_recall | D2: context_precision | E2: semantic_similarity | F2: context_entity_recall | G2: answer_relevancy
A3: 1 | B3: =ABS('Human Details'!J2-'LLM-As-Judge Details'!J2) -> 0.14285714 | C3: =ABS('Human Details'!K2-'LLM-As-Judge Details'!K2) -> 0 | D3: =ABS('Human Details'!L2-'LLM-As-Judge Details'!L2) -> 0.26333333 | E3: =ABS('Human Details'!M2-'GPT4o-mini-Details'!M2) -> 0.058254654 | F3: =ABS('Human Details'!N2-'LLM-As-Judge Details'!N2) -> 0.34343434 | G3: =ABS('Human Details'!O2-'LLM-As-Judge Details'!O2) -> 0.17067878
A4: 8 | B4: =ABS('Human Details'!J3-'LLM-As-Judge Details'!J3) -> 0.1 | C4: =ABS('Human Details'!K3-'LLM-As-Judge Details'!K3) -> 0 | D4: =ABS('Human Details'!L3-'LLM-As-Judge Details'!L3) -> 1.0000001e-10 | E4: =ABS('Human Details'!M3-'GPT4o-mini-Details'!M3) -> 0.71366373 | F4: =ABS('Human Details'!N3-'LLM-As-Judge Details'!N3) -> 0 | G4: =ABS('Human Details'!O3-'LLM-As-Judge Details'!O3) -> 0
A5: 11 | B5: =ABS('Human Details'!J4-'LLM-As-Judge Details'!J4) -> 0 | C5: =ABS('Human Details'!K4-'LLM-As-Judge Details'!K4) -> 0 | D5: =ABS('Human Details'!L4-'LLM-As-Judge Details'!L4) -> 3.3333336e-11 | E5: =ABS('Human Details'!M4-'GPT4o-mini-Details'!M4) -> 0.21741346 | F5: =ABS('Human Details'!N4-'LLM-As-Judge Details'!N4) -> 0.52727273 | G5: =ABS('Human Details'!O4-'LLM-As-Judge Details'!O4) -> 0.5
A6: 17 | B6: =ABS('Human Details'!J5-'LLM-As-Judge Details'!J5) -> 0.16666667 | C6: =ABS('Human Details'!K5-'LLM-As-Judge Details'!K5) -> 0.33333333 | D6: =ABS('Human Details'!L5-'LLM-As-Judge Details'!L5) -> 0.675 | E6: =ABS('Human Details'!M5-'GPT4o-mini-Details'!M5) -> 0.26307918 | F6: =ABS('Human Details'!N5-'LLM-As-Judge Details'!N5) -> 0.22222222 | G6: =ABS('Human Details'!O5-'LLM-As-Judge Details'!O5) -> 0.5
A7: 20 | B7: =ABS('Human Details'!J6-'LLM-As-Judge Details'!J6) -> 0.1 | C7: =ABS('Human Details'!K6-'LLM-As-Judge Details'!K6) -> 0.25 | D7: =ABS('Human Details'!L6-'LLM-As-Judge Details'!L6) -> 0.3 | E7: =ABS('Human Details'!M6-'GPT4o-mini-Details'!M6) -> 0.047320968 | F7: =ABS('Human Details'!N6-'LLM-As-Judge Details'!N6) -> 0.25 | G7: =ABS('Human Details'!O6-'LLM-As-Judge Details'!O6) -> 0.24063257
A8: 30 | B8: =ABS('Human Details'!J7-'LLM-As-Judge Details'!J7) -> 0.083333333 | C8: =ABS('Human Details'!K7-'LLM-As-Judge Details'!K7) -> 1 | D8: =ABS('Human Details'!L7-'LLM-As-Judge Details'!L7) -> 0.25 | E8: =ABS('Human Details'!M7-'GPT4o-mini-Details'!M7) -> 0.61740094 | F8: =ABS('Human Details'!N7-'LLM-As-Judge Details'!N7) -> 0 | G8: =ABS('Human Details'!O7-'LLM-As-Judge Details'!O7) -> 0.25
A9: 33 | B9: =ABS('Human Details'!J8-'LLM-As-Judge Details'!J8) -> 0.16666667 | C9: =ABS('Human Details'!K8-'LLM-As-Judge Details'!K8) -> 0 | D9: =ABS('Human Details'!L8-'LLM-As-Judge Details'!L8) -> 0.0033333334 | E9: =ABS('Human Details'!M8-'GPT4o-mini-Details'!M8) -> 0.13175794 | F9: =ABS('Human Details'!N8-'LLM-As-Judge Details'!N8) -> 0.75 | G9: =ABS('Human Details'!O8-'LLM-As-Judge Details'!O8) -> 0.12696433
A10: 34 | B10: =ABS('Human Details'!J9-'LLM-As-Judge Details'!J9) -> 0 | C10: =ABS('Human Details'!K9-'LLM-As-Judge Details'!K9) -> 0 | D10: =ABS('Human Details'!L9-'LLM-As-Judge Details'!L9) -> 0 | E10: =ABS('Human Details'!M9-'GPT4o-mini-Details'!M9) -> 0.24801994 | F10: =ABS('Human Details'!N9-'LLM-As-Judge Details'!N9) -> 0 | G10: =ABS('Human Details'!O9-'LLM-As-Judge Details'!O9) -> 0.073886782
A11: 64 | B11: =ABS('Human Details'!J10-'LLM-As-Judge Details'!J10) -> 0.8 | C11: =ABS('Human Details'!K10-'LLM-As-Judge Details'!K10) -> 0.14285714 | D11: =ABS('Human Details'!L10-'LLM-As-Judge Details'!L10) -> 1 | E11: =ABS('Human Details'!M10-'GPT4o-mini-Details'!M10) -> 0.80823798 | F11: =ABS('Human Details'!N10-'LLM-As-Judge Details'!N10) -> 0 | G11: =ABS('Human Details'!O10-'LLM-As-Judge Details'!O10) -> 0.90574995
A12: 65 | B12: =ABS('Human Details'!J11-'LLM-As-Judge Details'!J11) -> 0 | C12: =ABS('Human Details'!K11-'LLM-As-Judge Details'!K11) -> 0 | D12: =ABS('Human Details'!L11-'LLM-As-Judge Details'!L11) -> 2.0000002e-11 | E12: =ABS('Human Details'!M11-'GPT4o-mini-Details'!M11) -> 0.35041125 | F12: =ABS('Human Details'!N11-'LLM-As-Judge Details'!N11) -> 0.94117647 | G12: =ABS('Human Details'!O11-'LLM-As-Judge Details'!O11) -> 0.27756833
A13: 84 | B13: =ABS('Human Details'!J12-'LLM-As-Judge Details'!J12) -> 0.085714286 | C13: =ABS('Human Details'!K12-'LLM-As-Judge Details'!K12) -> 0.6 | D13: =ABS('Human Details'!L12-'LLM-As-Judge Details'!L12) -> 0.24444444 | E13: =ABS('Human Details'!M12-'GPT4o-mini-Details'!M12) -> 0.22480964 | F13: =ABS('Human Details'!N12-'LLM-As-Judge Details'!N12) -> 0.11428571 | G13: =ABS('Human Details'!O12-'LLM-As-Judge Details'!O12) -> 0.040120446
A14: 89 | B14: =ABS('Human Details'!J13-'LLM-As-Judge Details'!J13) -> 0 | C14: =ABS('Human Details'!K13-'LLM-As-Judge Details'!K13) -> 0 | D14: =ABS('Human Details'!L13-'LLM-As-Judge Details'!L13) -> 0.2 | E14: =ABS('Human Details'!M13-'GPT4o-mini-Details'!M13) -> 0.57422404 | F14: =ABS('Human Details'!N13-'LLM-As-Judge Details'!N13) -> 0 | G14: =ABS('Human Details'!O13-'LLM-As-Judge Details'!O13) -> 0.2
... A17: 110 | B17: =ABS('Human Details'!J16-'LLM-As-Judge Details'!J16) -> 0.30555556 | C17: =ABS('Human Details'!K16-'LLM-As-Judge Details'!K16) -> 0.05 | D17: =ABS('Human Details'!L16-'LLM-As-Judge Details'!L16) -> 0.46666667 | E17: =ABS('Human Details'!M16-'GPT4o-mini-Details'!M16) -> 0.5122081 | F17: =ABS('Human Details'!N16-'LLM-As-Judge Details'!N16) -> 0.18623482 | G17: =ABS('Human Details'!O16-'LLM-As-Judge Details'!O16) -> 0.67710613
B19: faithfulness | C19: context_recall | D19: context_precision | E19: semantic_similarity | F19: context_entity_recall | G19: answer_relevancy | L19: Mittelwert
A20: MAE Mittelwert | B20: =AVERAGE(B3:B17) -> 0.13983923 | C20: =AVERAGE(C3:C17) -> 0.17031746 | D20: =AVERAGE(D3:D17) -> 0.28601852 | E20: =AVERAGE(E3:E17) -> 0.37915235 | F20: =AVERAGE(F3:F17) -> 0.30589816 | G20: =AVERAGE(G3:G17) -> 0.36418049 | L20: MAE
L21: Spearman

Sheet Metriken_gpt4o-mini
B1: Abs
A2: ID | B2: faithfulness | C2: context_recall | D2: context_precision | E2: semantic_similarity | F2: context_entity_recall | G2: answer_relevancy
A3: 1 | B3: =ABS('Human Details'!J2-'GPT4o-mini-Details'!J2) -> 0.058823529 | C3: =ABS('Human Details'!K2-'GPT4o-mini-Details'!K2) -> 0 | D3: =ABS('Human Details'!L2-'GPT4o-mini-Details'!L2) -> 0.32 | E3: =ABS('Human Details'!M2-'GPT4o-mini-Details'!M2) -> 0.058254654 | F3: =ABS('Human Details'!N2-'GPT4o-mini-Details'!N2) -> 0.34343434 | G3: =ABS('Human Details'!O2-'GPT4o-mini-Details'!O2) -> 0.16082544
A4: 8 | B4: =ABS('Human Details'!J3-'GPT4o-mini-Details'!J3) -> 0.045454545 | C4: =ABS('Human Details'!K3-'GPT4o-mini-Details'!K3) -> 0.66666667 | D4: =ABS('Human Details'!L3-'GPT4o-mini-Details'!L3) -> 1.0000001e-10 | E4: =ABS('Human Details'!M3-'GPT4o-mini-Details'!M3) -> 0.71366373 | F4: =ABS('Human Details'!N3-'GPT4o-mini-Details'!N3) -> 0 | G4: =ABS('Human Details'!O3-'GPT4o-mini-Details'!O3) -> 0
A5: 11 | B5: =ABS('Human Details'!J4-'GPT4o-mini-Details'!J4) -> 0.3 | C5: =ABS('Human Details'!K4-'GPT4o-mini-Details'!K4) -> 0 | D5: =ABS('Human Details'!L4-'GPT4o-mini-Details'!L4) -> 3.3333336e-11 | E5: =ABS('Human Details'!M4-'GPT4o-mini-Details'!M4) -> 0.21741346 | F5: =ABS('Human Details'!N4-'GPT4o-mini-Details'!N4) -> 0.42727273 | G5: =ABS('Human Details'!O4-'GPT4o-mini-Details'!O4) -> 0.5
A6: 17 | B6: =ABS('Human Details'!J5-'GPT4o-mini-Details'!J5) -> 0.16666667 | C6: =ABS('Human Details'!K5-'GPT4o-mini-Details'!K5) -> 0.66666667 | D6: =ABS('Human Details'!L5-'GPT4o-mini-Details'!L5) -> 0.20833333 | E6: =ABS('Human Details'!M5-'GPT4o-mini-Details'!M5) -> 0.26307918 | F6: =ABS('Human Details'!N5-'GPT4o-mini-Details'!N5) -> 0.22222222 | G6: =ABS('Human Details'!O5-'GPT4o-mini-Details'!O5) -> 0.5
A7: 20 | B7: =ABS('Human Details'!J6-'GPT4o-mini-Details'!J6) -> 0.3 | C7: =ABS('Human Details'!K6-'GPT4o-mini-Details'!K6) -> 0.15 | D7: =ABS('Human Details'!L6-'GPT4o-mini-Details'!L6) -> 5.0000004e-11 | E7: =ABS('Human Details'!M6-'GPT4o-mini-Details'!M6) -> 0.047320968 | F7: =ABS('Human Details'!N6-'GPT4o-mini-Details'!N6) -> 0.25 | G7: =ABS('Human Details'!O6-'GPT4o-mini-Details'!O6) -> 0.0046252433
A8: 30 | B8: =ABS('Human Details'!J7-'GPT4o-mini-Details'!J7) -> 0.66666667 | C8: =ABS('Human Details'!K7-'GPT4o-mini-Details'!K7) -> 1 | D8: =ABS('Human Details'!L7-'GPT4o-mini-Details'!L7) -> 0.16666667 | E8: =ABS('Human Details'!M7-'GPT4o-mini-Details'!M7) -> 0.61740094 | F8: =ABS('Human Details'!N7-'GPT4o-mini-Details'!N7) -> 0 | G8: =ABS('Human Details'!O7-'GPT4o-mini-Details'!O7) -> 0.65348978
A9: 33 | B9: =ABS('Human Details'!J8-'GPT4o-mini-Details'!J8) -> 0 | C9: =ABS('Human Details'!K8-'GPT4o-mini-Details'!K8) -> 0 | D9: =ABS('Human Details'!L8-'GPT4o-mini-Details'!L8) -> 0.0033333334 | E9: =ABS('Human Details'!M8-'GPT4o-mini-Details'!M8) -> 0.13175794 | F9: =ABS('Human Details'!N8-'GPT4o-mini-Details'!N8) -> 1 | G9: =ABS('Human Details'!O8-'GPT4o-mini-Details'!O8) -> 0.23911122
A10: 34 | B10: =ABS('Human Details'!J9-'GPT4o-mini-Details'!J9) -> 0 | C10: =ABS('Human Details'!K9-'GPT4o-mini-Details'!K9) -> 0.5 | D10: =ABS('Human Details'!L9-'GPT4o-mini-Details'!L9) -> 0 | E10: =ABS('Human Details'!M9-'GPT4o-mini-Details'!M9) -> 0.24801994 | F10: =ABS('Human Details'!N9-'GPT4o-mini-Details'!N9) -> 0 | G10: =ABS('Human Details'!O9-'GPT4o-mini-Details'!O9) -> 0.0094443726
A11: 64 | B11: =ABS('Human Details'!J10-'GPT4o-mini-Details'!J10) -> 0.44444444 | C11: =ABS('Human Details'!K10-'GPT4o-mini-Details'!K10) -> 0.42857143 | D11: =ABS('Human Details'!L10-'GPT4o-mini-Details'!L10) -> 1 | E11: =ABS('Human Details'!M10-'GPT4o-mini-Details'!M10) -> 0.80823798 | F11: =ABS('Human Details'!N10-'GPT4o-mini-Details'!N10) -> 0 | G11: =ABS('Human Details'!O10-'GPT4o-mini-Details'!O10) -> 0
A12: 65 | B12: =ABS('Human Details'!J11-'GPT4o-mini-Details'!J11) -> 0.33333333 | C12: =ABS('Human Details'!K11-'GPT4o-mini-Details'!K11) -> 0 | D12: =ABS('Human Details'!L11-'GPT4o-mini-Details'!L11) -> 2.0000002e-11 | E12: =ABS('Human Details'!M11-'GPT4o-mini-Details'!M11) -> 0.35041125 | F12: =ABS('Human Details'!N11-'GPT4o-mini-Details'!N11) -> 0.8 | G12: =ABS('Human Details'!O11-'GPT4o-mini-Details'!O11) -> 0.22918357
A13: 84 | B13: =ABS('Human Details'!J12-'GPT4o-mini-Details'!J12) -> 0.28571429 | C13: =ABS('Human Details'!K12-'GPT4o-mini-Details'!K12) -> 0.4 | D13: =ABS('Human Details'!L12-'GPT4o-mini-Details'!L12) -> 0.24444444 | E13: =ABS('Human Details'!M12-'GPT4o-mini-Details'!M12) -> 0.22480964 | F13: =ABS('Human Details'!N12-'GPT4o-mini-Details'!N12) -> 0.039560439 | G13: =ABS('Human Details'!O12-'GPT4o-mini-Details'!O12) -> 0.044786932
A14: 89 | B14: =ABS('Human Details'!J13-'GPT4o-mini-Details'!J13) -> 0 | C14: =ABS('Human Details'!K13-'GPT4o-mini-Details'!K13) -> 0 | D14: =ABS('Human Details'!L13-'GPT4o-mini-Details'!L13) -> 0.7 | E14: =ABS('Human Details'!M13-'GPT4o-mini-Details'!M13) -> 0.57422404 | F14: =ABS('Human Details'!N13-'GPT4o-mini-Details'!N13) -> 0 | G14: =ABS('Human Details'!O13-'GPT4o-mini-Details'!O13) -> 0.2
... A17: 110 | B17: =ABS('Human Details'!J16-'GPT4o-mini-Details'!J16) -> 0.38636364 | C17: =ABS('Human Details'!K16-'GPT4o-mini-Details'!K16) -> 0.3 | D17: =ABS('Human Details'!L16-'GPT4o-mini-Details'!L16) -> 0.083333333 | E17: =ABS('Human Details'!M16-'GPT4o-mini-Details'!M16) -> 0.5122081 | F17: =ABS('Human Details'!N16-'GPT4o-mini-Details'!N16) -> 0.20760234 | G17: =ABS('Human Details'!O16-'GPT4o-mini-Details'!O16) -> 0.25
B19: faithfulness | C19: context_recall | D19: context_precision | E19: semantic_similarity | F19: context_entity_recall | G19: answer_relevancy
A20: MAE Mittelwert | B20: =AVERAGE(B3:B17) -> 0.20735795 | C20: =AVERAGE(C3:C17) -> 0.29936508 | D20: =AVERAGE(D3:D17) -> 0.22433333 | E20: =AVERAGE(E3:E17) -> 0.37915235 | F20: =AVERAGE(F3:F17) -> 0.28340541 | G20: =AVERAGE(G3:G17) -> 0.24001616

Sheet Metriken gpt-4.1
B1: Abs
A2: ID | B2: faithfulness | C2: context_recall | D2: context_precision | E2: semantic_similarity | F2: context_entity_recall | G2: answer_relevancy
A3: 1 | B3: =ABS('Human Details'!J2-'gpt-4.1-Details'!J2) -> 0.058823529 | C3: =ABS('Human Details'!K2-'gpt-4.1-Details'!K2) -> 0 | D3: =ABS('Human Details'!L2-'gpt-4.1-Details'!L2) -> 0.00083333335 | E3: =ABS('Human Details'!M2-'gpt-4.1-Details'!M2) -> 0.058254654 | F3: =ABS('Human Details'!N2-'gpt-4.1-Details'!N2) -> 0.34343434 | G3: =ABS('Human Details'!O2-'gpt-4.1-Details'!O2) -> 0.154211
A4: 8 | B4: =ABS('Human Details'!J3-'gpt-4.1-Details'!J3) -> 0.11538462 | C4: =ABS('Human Details'!K3-'gpt-4.1-Details'!K3) -> 0 | D4: =ABS('Human Details'!L3-'gpt-4.1-Details'!L3) -> 1 | E4: =ABS('Human Details'!M3-'gpt-4.1-Details'!M3) -> 0.71366373 | F4: =ABS('Human Details'!N3-'gpt-4.1-Details'!N3) -> 0 | G4: =ABS('Human Details'!O3-'gpt-4.1-Details'!O3) -> 0
A5: 11 | B5: =ABS('Human Details'!J4-'gpt-4.1-Details'!J4) -> 0.3 | C5: =ABS('Human Details'!K4-'gpt-4.1-Details'!K4) -> 0 | D5: =ABS('Human Details'!L4-'gpt-4.1-Details'!L4) -> 0.05 | E5: =ABS('Human Details'!M4-'gpt-4.1-Details'!M4) -> 0.21741346 | F5: =ABS('Human Details'!N4-'gpt-4.1-Details'!N4) -> 0.27272727 | G5: =ABS('Human Details'!O4-'gpt-4.1-Details'!O4) -> 0.5
A6: 17 | B6: =ABS('Human Details'!J5-'gpt-4.1-Details'!J5) -> 0.066666667 | C6: =ABS('Human Details'!K5-'gpt-4.1-Details'!K5) -> 0.33333333 | D6: =ABS('Human Details'!L5-'gpt-4.1-Details'!L5) -> 0.125 | E6: =ABS('Human Details'!M5-'gpt-4.1-Details'!M5) -> 0.26307918 | F6: =ABS('Human Details'!N5-'gpt-4.1-Details'!N5) -> 0.066666666 | G6: =ABS('Human Details'!O5-'gpt-4.1-Details'!O5) -> 0.5
A7: 20 | B7: =ABS('Human Details'!J6-'gpt-4.1-Details'!J6) -> 0.1 | C7: =ABS('Human Details'!K6-'gpt-4.1-Details'!K6) -> 0.13888889 | D7: =ABS('Human Details'!L6-'gpt-4.1-Details'!L6) -> 0.3 | E7: =ABS('Human Details'!M6-'gpt-4.1-Details'!M6) -> 0.047320968 | F7: =ABS('Human Details'!N6-'gpt-4.1-Details'!N6) -> 0.13888889 | G7: =ABS('Human Details'!O6-'gpt-4.1-Details'!O6) -> 0.0054009888
A8: 30 | B8: =ABS('Human Details'!J7-'gpt-4.1-Details'!J7) -> 0.66666667 | C8: =ABS('Human Details'!K7-'gpt-4.1-Details'!K7) -> 1 | D8: =ABS('Human Details'!L7-'gpt-4.1-Details'!L7) -> 0.11666667 | E8: =ABS('Human Details'!M7-'gpt-4.1-Details'!M7) -> 0.63175794 | F8: =ABS('Human Details'!N7-'gpt-4.1-Details'!N7) -> 0.33333333 | G8: =ABS('Human Details'!O7-'gpt-4.1-Details'!O7) -> 0.70019121
A9: 33 | B9: =ABS('Human Details'!J8-'gpt-4.1-Details'!J8) -> 0.5 | C9: =ABS('Human Details'!K8-'gpt-4.1-Details'!K8) -> 1 | D9: =ABS('Human Details'!L8-'gpt-4.1-Details'!L8) -> 0.87 | E9: =ABS('Human Details'!M8-'gpt-4.1-Details'!M8) -> 0.0019800605 | F9: =ABS('Human Details'!N8-'gpt-4.1-Details'!N8) -> 1 | G9: =ABS('Human Details'!O8-'gpt-4.1-Details'!O8) -> 0.21368457
A10: 34 | B10: =ABS('Human Details'!J9-'gpt-4.1-Details'!J9) -> 0.33333333 | C10: =ABS('Human Details'!K9-'gpt-4.1-Details'!K9) -> 0 | D10: =ABS('Human Details'!L9-'gpt-4.1-Details'!L9) -> 0 | E10: =ABS('Human Details'!M9-'gpt-4.1-Details'!M9) -> 0.30823798 | F10: =ABS('Human Details'!N9-'gpt-4.1-Details'!N9) -> 0.058823529 | G10: =ABS('Human Details'!O9-'gpt-4.1-Details'!O9) -> 1
A11: 64 | B11: =ABS('Human Details'!J10-'gpt-4.1-Details'!J10) -> 0.44444444 | C11: =ABS('Human Details'!K10-'gpt-4.1-Details'!K10) -> 1 | D11: =ABS('Human Details'!L10-'gpt-4.1-Details'!L10) -> 0.75 | E11: =ABS('Human Details'!M10-'gpt-4.1-Details'!M10) -> 0.85041125 | F11: =ABS('Human Details'!N10-'gpt-4.1-Details'!N10) -> 0.20588235 | G11: =ABS('Human Details'!O10-'gpt-4.1-Details'!O10) -> 0
A12: 65 | B12: =ABS('Human Details'!J11-'gpt-4.1-Details'!J11) -> 0.23333333 | C12: =ABS('Human Details'!K11-'gpt-4.1-Details'!K11) -> 0.6 | D12: =ABS('Human Details'!L11-'gpt-4.1-Details'!L11) -> 0.24444444 | E12: =ABS('Human Details'!M11-'gpt-4.1-Details'!M11) -> 0.22480964 | F12: =ABS('Human Details'!N11-'gpt-4.1-Details'!N11) -> 1 | G12: =ABS('Human Details'!O11-'gpt-4.1-Details'!O11) -> 0.040120446
A13: 84 | B13: =ABS('Human Details'!J12-'gpt-4.1-Details'!J12) -> 0.21428571 | C13: =ABS('Human Details'!K12-'gpt-4.1-Details'!K12) -> 0.4 | D13: =ABS('Human Details'!L12-'gpt-4.1-Details'!L12) -> 1 | E13: =ABS('Human Details'!M12-'gpt-4.1-Details'!M12) -> 0.074224037 | F13: =ABS('Human Details'!N12-'gpt-4.1-Details'!N12) -> 0.11428571 | G13: =ABS('Human Details'!O12-'gpt-4.1-Details'!O12) -> 1
A14: 89 | B14: =ABS('Human Details'!J13-'gpt-4.1-Details'!J13) -> 0.66666667 | C14: =ABS('Human Details'!K13-'gpt-4.1-Details'!K13) -> 0.6 | D14: =ABS('Human Details'!L13-'gpt-4.1-Details'!L13) -> 0.8875 | E14: =ABS('Human Details'!M13-'gpt-4.1-Details'!M13) -> 0.83352148 | F14: =ABS('Human Details'!N13-'gpt-4.1-Details'!N13) -> 0.15 | G14: =ABS('Human Details'!O13-'gpt-4.1-Details'!O13) -> 0.2
... A17: 110 | B17: =ABS('Human Details'!J16-'gpt-4.1-Details'!J16) -> 0.375 | C17: =ABS('Human Details'!K16-'gpt-4.1-Details'!K16) -> 0.3 | D17: =ABS('Human Details'!L16-'gpt-4.1-Details'!L16) -> 0.91666667 | E17: =ABS('Human Details'!M16-'gpt-4.1-Details'!M16) -> 0.61740094 | F17: =ABS('Human Details'!N16-'gpt-4.1-Details'!N16) -> 0.096491228 | G17: =ABS('Human Details'!O16-'gpt-4.1-Details'!O16) -> 0.70413189
B19: faithfulness | C19: context_recall | D19: context_precision | E19: semantic_similarity | F19: context_entity_recall | G19: answer_relevancy
A20: MAE Mittelwert | B20: =AVERAGE(B3:B17) -> 0.28753777 | C20: =AVERAGE(C3:C17) -> 0.38957672 | D20: =AVERAGE(D3:D17) -> 0.48407407 | E20: =AVERAGE(E3:E17) -> 0.37941636 | F20: =AVERAGE(F3:F17) -> 0.32395863 | G20: =AVERAGE(G3:G17) -> 0.35845073

Sheet Metriken gpt-4.1-mini
B1: Abs | K1: Error | S1: Relative Error
A2: ID | B2: faithfulness | C2: context_recall | D2: context_precision | E2: semantic_similarity | F2: context_entity_recall | G2: answer_relevancy | J2: ID | K2: faithfulness | L2: context_recall | M2: context_precision | N2: semantic_similarity | O2: context_entity_recall | P2: answer_relevancy | R2: ID | S2: faithfulness | T2: context_recall | U2: context_precision | V2: semantic_similarity | W2: context_entity_recall | X2: answer_relevancy
A3: 1 | B3: =ABS('Human Details'!J2-'gpt-4.1-mini-Details'!J2) -> 0.055555556 | C3: =ABS('Human Details'!K2-'gpt-4.1-mini-Details'!K2) -> 0 | D3: =ABS('Human Details'!L2-'gpt-4.1-mini-Details'!L2) -> 0.20222222 | E3: =ABS('Human Details'!M2-'gpt-4.1-mini-Details'!M2) -> 0.058254654 | F3: =ABS('Human Details'!N2-'gpt-4.1-mini-Details'!N2) -> 0.34343434 | G3: =ABS('Human Details'!O2-'gpt-4.1-mini-Details'!O2) -> 0.154211 | J3: 1 | K3: ='gpt-4.1-mini-Details'!J2-'Human Details'!J2 -> -0.055555556 | L3: ='gpt-4.1-mini-Details'!K2-'Human Details'!K2 -> 0 | M3: ='gpt-4.1-mini-Details'!L2-'Human Details'!L2 -> -0.20222222 | N3: ='gpt-4.1-mini-Details'!M2-'Human Details'!M2 -> -0.058254654 | O3: ='gpt-4.1-mini-Details'!N2-'Human Details'!N2 -> -0.34343434 | P3: ='gpt-4.1-mini-Details'!O2-'Human Details'!O2 -> -0.154211 | R3: 1 | S3: =IFERROR(('gpt-4.1-mini-Details'!J2-'Human Details'!J2)/'gpt-4.1-mini-Details'!J2, ('gpt-4.1-mini-Details'!J2-'Human Details'!J2)) -> -0.058823529 | T3: =IFERROR(('gpt-4.1-mini-Details'!K2-'Human Details'!K2)/'gpt-4.1-mini-Details'!K2, ('gpt-4.1-mini-Details'!K2-'Human Details'!K2)) -> 0 | U3: =IFERROR(('gpt-4.1-mini-Details'!L2-'Human Details'!L2)/'gpt-4.1-mini-Details'!L2, ('gpt-4.1-mini-Details'!L2-'Human Details'!L2)) -> -0.42325581 | V3: =IFERROR(('gpt-4.1-mini-Details'!M2-'Human Details'!M2)/'gpt-4.1-mini-Details'!M2, ('gpt-4.1-mini-Details'!M2-'Human Details'!M2)) -> -0.084214016 | W3: =IFERROR(('gpt-4.1-mini-Details'!N2-'Human Details'!N2)/'gpt-4.1-mini-Details'!N2, ('gpt-4.1-mini-Details'!N2-'Human Details'!N2)) -> -3.0909091 | X3: =IFERROR(('gpt-4.1-mini-Details'!O2-'Human Details'!O2)/'gpt-4.1-mini-Details'!O2, ('gpt-4.1-mini-Details'!O2-'Human Details'!O2)) -> -0.18232798
A4: 8 | B4: =ABS('Human Details'!J3-'gpt-4.1-mini-Details'!J3) -> 0 | C4: =ABS('Human Details'!K3-'gpt-4.1-mini-Details'!K3) -> 0 | D4: =ABS('Human Details'!L3-'gpt-4.1-mini-Details'!L3) -> 1 | E4: =ABS('Human Details'!M3-'gpt-4.1-mini-Details'!M3) -> 0.68219253 | F4: =ABS('Human Details'!N3-'gpt-4.1-mini-Details'!N3) -> 0 | G4: =ABS('Human Details'!O3-'gpt-4.1-mini-Details'!O3) -> 0 | J4: 8 | K4: ='gpt-4.1-mini-Details'!J3-'Human Details'!J3 -> 0 | L4: ='gpt-4.1-mini-Details'!K3-'Human Details'!K3 -> 0 | M4: ='gpt-4.1-mini-Details'!L3-'Human Details'!L3 -> -1 | N4: ='gpt-4.1-mini-Details'!M3-'Human Details'!M3 -> 0.68219253 | O4: ='gpt-4.1-mini-Details'!N3-'Human Details'!N3 -> 0 | P4: ='gpt-4.1-mini-Details'!O3-'Human Details'!O3 -> 0 | R4: 8 | S4: =IFERROR(('gpt-4.1-mini-Details'!J3-'Human Details'!J3)/'gpt-4.1-mini-Details'!J3, ('gpt-4.1-mini-Details'!J3-'Human Details'!J3)) -> 0 | T4: =IFERROR(('gpt-4.1-mini-Details'!K3-'Human Details'!K3)/'gpt-4.1-mini-Details'!K3, ('gpt-4.1-mini-Details'!K3-'Human Details'!K3)) -> 0 | U4: =IFERROR(('gpt-4.1-mini-Details'!L3-'Human Details'!L3)/'gpt-4.1-mini-Details'!L3, ('gpt-4.1-mini-Details'!L3-'Human Details'!L3)) -> -1 | V4: =IFERROR(('gpt-4.1-mini-Details'!M3-'Human Details'!M3)/'gpt-4.1-mini-Details'!M3, ('gpt-4.1-mini-Details'!M3-'Human Details'!M3)) -> 1 | W4: =IFERROR(('gpt-4.1-mini-Details'!N3-'Human Details'!N3)/'gpt-4.1-mini-Details'!N3, ('gpt-4.1-mini-Details'!N3-'Human Details'!N3)) -> 0 | X4: =IFERROR(('gpt-4.1-mini-Details'!O3-'Human Details'!O3)/'gpt-4.1-mini-Details'!O3, ('gpt-4.1-mini-Details'!O3-'Human Details'!O3)) -> 0
A5: 11 | B5: =ABS('Human Details'!J4-'gpt-4.1-mini-Details'!J4) -> 0.33333333 | C5: =ABS('Human Details'!K4-'gpt-4.1-mini-Details'!K4) -> 0 | D5: =ABS('Human Details'!L4-'gpt-4.1-mini-Details'!L4) -> 5.0000004e-11 | E5: =ABS('Human Details'!M4-'gpt-4.1-mini-Details'!M4) -> 0.21741346 | F5: =ABS('Human Details'!N4-'gpt-4.1-mini-Details'!N4) -> 0.52727273 | G5: =ABS('Human Details'!O4-'gpt-4.1-mini-Details'!O4) -> 0.5 | J5: 11 | K5: ='gpt-4.1-mini-Details'!J4-'Human Details'!J4 -> 0.33333333 | L5: ='gpt-4.1-mini-Details'!K4-'Human Details'!K4 -> 0 | M5: ='gpt-4.1-mini-Details'!L4-'Human Details'!L4 -> -5.0000004e-11 | N5: ='gpt-4.1-mini-Details'!M4-'Human Details'!M4 -> 0.21741346 | O5: ='gpt-4.1-mini-Details'!N4-'Human Details'!N4 -> 0.52727273 | P5: ='gpt-4.1-mini-Details'!O4-'Human Details'!O4 -> -0.5 | R5: 11 | S5: =IFERROR(('gpt-4.1-mini-Details'!J4-'Human Details'!J4)/'gpt-4.1-mini-Details'!J4, ('gpt-4.1-mini-Details'!J4-'Human Details'!J4)) -> 0.4 | T5: =IFERROR(('gpt-4.1-mini-Details'!K4-'Human Details'!K4)/'gpt-4.1-mini-Details'!K4, ('gpt-4.1-mini-Details'!K4-'Human Details'!K4)) -> 0 | U5: =IFERROR(('gpt-4.1-mini-Details'!L4-'Human Details'!L4)/'gpt-4.1-mini-Details'!L4, ('gpt-4.1-mini-Details'!L4-'Human Details'!L4)) -> -5.0000004e-11 | V5: =IFERROR(('gpt-4.1-mini-Details'!M4-'Human Details'!M4)/'gpt-4.1-mini-Details'!M4, ('gpt-4.1-mini-Details'!M4-'Human Details'!M4)) -> 0.30305183 | W5: =IFERROR(('gpt-4.1-mini-Details'!N4-'Human Details'!N4)/'gpt-4.1-mini-Details'!N4, ('gpt-4.1-mini-Details'!N4-'Human Details'!N4)) -> 0.65909091 | X5: =IFERROR(('gpt-4.1-mini-Details'!O4-'Human Details'!O4)/'gpt-4.1-mini-Details'!O4, ('gpt-4.1-mini-Details'!O4-'Human Details'!O4)) -> -0.5
A6: 17 | B6: =ABS('Human Details'!J5-'gpt-4.1-mini-Details'!J5) -> 0.13333333 | C6: =ABS('Human Details'!K5-'gpt-4.1-mini-Details'!K5) -> 0.33333333 | D6: =ABS('Human Details'!L5-'gpt-4.1-mini-Details'!L5) -> 0.125 | E6: =ABS('Human Details'!M5-'gpt-4.1-mini-Details'!M5) -> 0.27592699 | F6: =ABS('Human Details'!N5-'gpt-4.1-mini-Details'!N5) -> 0.11111111 | G6: =ABS('Human Details'!O5-'gpt-4.1-mini-Details'!O5) -> 0.37199183 | J6: 17 | K6: ='gpt-4.1-mini-Details'!J5-'Human Details'!J5 -> 0.13333333 | L6: ='gpt-4.1-mini-Details'!K5-'Human Details'!K5 -> -0.33333333 | M6: ='gpt-4.1-mini-Details'!L5-'Human Details'!L5 -> -0.125 | N6: ='gpt-4.1-mini-Details'!M5-'Human Details'!M5 -> 0.27592699 | O6: ='gpt-4.1-mini-Details'!N5-'Human Details'!N5 -> 0.11111111 | P6: ='gpt-4.1-mini-Details'!O5-'Human Details'!O5 -> 0.37199183 | R6: 17 | S6: =IFERROR(('gpt-4.1-mini-Details'!J5-'Human Details'!J5)/'gpt-4.1-mini-Details'!J5, ('gpt-4.1-mini-Details'!J5-'Human Details'!J5)) -> 0.16666667 | T6: =IFERROR(('gpt-4.1-mini-Details'!K5-'Human Details'!K5)/'gpt-4.1-mini-Details'!K5, ('gpt-4.1-mini-Details'!K5-'Human Details'!K5)) -> -0.33333333 | U6: =IFERROR(('gpt-4.1-mini-Details'!L5-'Human Details'!L5)/'gpt-4.1-mini-Details'!L5, ('gpt-4.1-mini-Details'!L5-'Human Details'!L5)) -> -0.625 | V6: =IFERROR(('gpt-4.1-mini-Details'!M5-'Human Details'!M5)/'gpt-4.1-mini-Details'!M5, ('gpt-4.1-mini-Details'!M5-'Human Details'!M5)) -> 0.35560948 | W6: =IFERROR(('gpt-4.1-mini-Details'!N5-'Human Details'!N5)/'gpt-4.1-mini-Details'!N5, ('gpt-4.1-mini-Details'!N5-'Human Details'!N5)) -> 0.25 | X6: =IFERROR(('gpt-4.1-mini-Details'!O5-'Human Details'!O5)/'gpt-4.1-mini-Details'!O5, ('gpt-4.1-mini-Details'!O5-'Human Details'!O5)) -> 0.42660013
A7: 20 | B7: =ABS('Human Details'!J6-'gpt-4.1-mini-Details'!J6) -> 0.3 | C7: =ABS('Human Details'!K6-'gpt-4.1-mini-Details'!K6) -> 0.75 | D7: =ABS('Human Details'!L6-'gpt-4.1-mini-Details'!L6) -> 1.0000001e-10 | E7: =ABS('Human Details'!M6-'gpt-4.1-mini-Details'!M6) -> 0.047320968 | F7: =ABS('Human Details'!N6-'gpt-4.1-mini-Details'!N6) -> 0.52777778 | G7: =ABS('Human Details'!O6-'gpt-4.1-mini-Details'!O6) -> 0.0061767343 | J7: 20 | K7: ='gpt-4.1-mini-Details'!J6-'Human Details'!J6 -> -0.3 | L7: ='gpt-4.1-mini-Details'!K6-'Human Details'!K6 -> -0.75 | M7: ='gpt-4.1-mini-Details'!L6-'Human Details'!L6 -> -1.0000001e-10 | N7: ='gpt-4.1-mini-Details'!M6-'Human Details'!M6 -> 0.047320968 | O7: ='gpt-4.1-mini-Details'!N6-'Human Details'!N6 -> 0.52777778 | P7: ='gpt-4.1-mini-Details'!O6-'Human Details'!O6 -> -0.0061767343 | R7: 20 | S7: =IFERROR(('gpt-4.1-mini-Details'!J6-'Human Details'!J6)/'gpt-4.1-mini-Details'!J6, ('gpt-4.1-mini-Details'!J6-'Human Details'!J6)) -> -0.5 | T7: =IFERROR(('gpt-4.1-mini-Details'!K6-'Human Details'!K6)/'gpt-4.1-mini-Details'!K6, ('gpt-4.1-mini-Details'!K6-'Human Details'!K6)) -> -0.75 | U7: =IFERROR(('gpt-4.1-mini-Details'!L6-'Human Details'!L6)/'gpt-4.1-mini-Details'!L6, ('gpt-4.1-mini-Details'!L6-'Human Details'!L6)) -> -1.0000001e-10 | V7: =IFERROR(('gpt-4.1-mini-Details'!M6-'Human Details'!M6)/'gpt-4.1-mini-Details'!M6, ('gpt-4.1-mini-Details'!M6-'Human Details'!M6)) -> 0.086459264 | W7: =IFERROR(('gpt-4.1-mini-Details'!N6-'Human Details'!N6)/'gpt-4.1-mini-Details'!N6, ('gpt-4.1-mini-Details'!N6-'Human Details'!N6)) -> 0.67857143 | X7: =IFERROR(('gpt-4.1-mini-Details'!O6-'Human Details'!O6)/'gpt-4.1-mini-Details'!O6, ('gpt-4.1-mini-Details'!O6-'Human Details'!O6)) -> -0.0077809943
A8: 30 | B8: =ABS('Human Details'!J7-'gpt-4.1-mini-Details'!J7) -> 0.66666667 | C8: =ABS('Human Details'!K7-'gpt-4.1-mini-Details'!K7) -> 1 | D8: =ABS('Human Details'!L7-'gpt-4.1-mini-Details'!L7) -> 0.75 | E8: =ABS('Human Details'!M7-'gpt-4.1-mini-Details'!M7) -> 0.61740094 | F8: =ABS('Human Details'!N7-'gpt-4.1-mini-Details'!N7) -> 0.2 | G8: =ABS('Human Details'!O7-'gpt-4.1-mini-Details'!O7) -> 0.653618 | J8: 30 | K8: ='gpt-4.1-mini-Details'!J7-'Human Details'!J7 -> 0.66666667 | L8: ='gpt-4.1-mini-Details'!K7-'Human Details'!K7 -> 1 | M8: ='gpt-4.1-mini-Details'!L7-'Human Details'!L7 -> -0.75 | N8: ='gpt-4.1-mini-Details'!M7-'Human Details'!M7 -> 0.61740094 | O8: ='gpt-4.1-mini-Details'!N7-'Human Details'!N7 -> 0.2 | P8: ='gpt-4.1-mini-Details'!O7-'Human Details'!O7 -> 0.653618 | R8: 30 | S8: =IFERROR(('gpt-4.1-mini-Details'!J7-'Human Details'!J7)/'gpt-4.1-mini-Details'!J7, ('gpt-4.1-mini-Details'!J7-'Human Details'!J7)) -> 0.66666667 | T8: =IFERROR(('gpt-4.1-mini-Details'!K7-'Human Details'!K7)/'gpt-4.1-mini-Details'!K7, ('gpt-4.1-mini-Details'!K7-'Human Details'!K7)) -> 1 | U8: =IFERROR(('gpt-4.1-mini-Details'!L7-'Human Details'!L7)/'gpt-4.1-mini-Details'!L7, ('gpt-4.1-mini-Details'!L7-'Human Details'!L7)) -> -0.75 | V8: =IFERROR(('gpt-4.1-mini-Details'!M7-'Human Details'!M7)/'gpt-4.1-mini-Details'!M7, ('gpt-4.1-mini-Details'!M7-'Human Details'!M7)) -> 0.71178265 | W8: =IFERROR(('gpt-4.1-mini-Details'!N7-'Human Details'!N7)/'gpt-4.1-mini-Details'!N7, ('gpt-4.1-mini-Details'!N7-'Human Details'!N7)) -> 1 | X8: =IFERROR(('gpt-4.1-mini-Details'!O7-'Human Details'!O7)/'gpt-4.1-mini-Details'!O7, ('gpt-4.1-mini-Details'!O7-'Human Details'!O7)) -> 0.72333442
A9: 33 | B9: =ABS('Human Details'!J8-'gpt-4.1-mini-Details'!J8) -> 0.33333333 | C9: =ABS('Human Details'!K8-'gpt-4.1-mini-Details'!K8) -> 0 | D9: =ABS('Human Details'!L8-'gpt-4.1-mini-Details'!L8) -> 0.0033333334 | E9: =ABS('Human Details'!M8-'gpt-4.1-mini-Details'!M8) -> 0.13175794 | F9: =ABS('Human Details'!N8-'gpt-4.1-mini-Details'!N8) -> 5e-09 | G9: =ABS('Human Details'!O8-'gpt-4.1-mini-Details'!O8) -> 0.21393741 | J9: 33 | K9: ='gpt-4.1-mini-Details'!J8-'Human Details'!J8 -> 0.33333333 | L9: ='gpt-4.1-mini-Details'!K8-'Human Details'!K8 -> 0 | M9: ='gpt-4.1-mini-Details'!L8-'Human Details'!L8 -> -0.0033333334 | N9: ='gpt-4.1-mini-Details'!M8-'Human Details'!M8 -> 0.13175794 | O9: ='gpt-4.1-mini-Details'!N8-'Human Details'!N8 -> -5e-09 | P9: ='gpt-4.1-mini-Details'!O8-'Human Details'!O8 -> 0.21393741 | R9: 33 | S9: =IFERROR(('gpt-4.1-mini-Details'!J8-'Human Details'!J8)/'gpt-4.1-mini-Details'!J8, ('gpt-4.1-mini-Details'!J8-'Human Details'!J8)) -> 0.4 | T9: =IFERROR(('gpt-4.1-mini-Details'!K8-'Human Details'!K8)/'gpt-4.1-mini-Details'!K8, ('gpt-4.1-mini-Details'!K8-'Human Details'!K8)) -> 0 | U9: =IFERROR(('gpt-4.1-mini-Details'!L8-'Human Details'!L8)/'gpt-4.1-mini-Details'!L8, ('gpt-4.1-mini-Details'!L8-'Human Details'!L8)) -> -0.0038461539 | V9: =IFERROR(('gpt-4.1-mini-Details'!M8-'Human Details'!M8)/'gpt-4.1-mini-Details'!M8, ('gpt-4.1-mini-Details'!M8-'Human Details'!M8)) -> 0.14942643 | W9: =IFERROR(('gpt-4.1-mini-Details'!N8-'Human Details'!N8)/'gpt-4.1-mini-Details'!N8, ('gpt-4.1-mini-Details'!N8-'Human Details'!N8)) -> -5e-09 | X9: =IFERROR(('gpt-4.1-mini-Details'!O8-'Human Details'!O8)/'gpt-4.1-mini-Details'!O8, ('gpt-4.1-mini-Details'!O8-'Human Details'!O8)) -> 0.22194118
A10: 34 | B10: =ABS('Human Details'!J9-'gpt-4.1-mini-Details'!J9) -> 0 | C10: =ABS('Human Details'!K9-'gpt-4.1-mini-Details'!K9) -> 0 | D10: =ABS('Human Details'!L9-'gpt-4.1-mini-Details'!L9) -> 0 | E10: =ABS('Human Details'!M9-'gpt-4.1-mini-Details'!M9) -> 0.26584728 | F10: =ABS('Human Details'!N9-'gpt-4.1-mini-Details'!N9) -> 0 | G10: =ABS('Human Details'!O9-'gpt-4.1-mini-Details'!O9) -> 0.036315427 | J10: 34 | K10: ='gpt-4.1-mini-Details'!J9-'Human Details'!J9 -> 0 | L10: ='gpt-4.1-mini-Details'!K9-'Human Details'!K9 -> 0 | M10: ='gpt-4.1-mini-Details'!L9-'Human Details'!L9 -> 0 | N10: ='gpt-4.1-mini-Details'!M9-'Human Details'!M9 -> 0.26584728 | O10: ='gpt-4.1-mini-Details'!N9-'Human Details'!N9 -> 0 | P10: ='gpt-4.1-mini-Details'!O9-'Human Details'!O9 -> -0.036315427 | R10: 34 | S10: =IFERROR(('gpt-4.1-mini-Details'!J9-'Human Details'!J9)/'gpt-4.1-mini-Details'!J9, ('gpt-4.1-mini-Details'!J9-'Human Details'!J9)) -> 0 | T10: =IFERROR(('gpt-4.1-mini-Details'!K9-'Human Details'!K9)/'gpt-4.1-mini-Details'!K9, ('gpt-4.1-mini-Details'!K9-'Human Details'!K9)) -> 0 | U10: =IFERROR(('gpt-4.1-mini-Details'!L9-'Human Details'!L9)/'gpt-4.1-mini-Details'!L9, ('gpt-4.1-mini-Details'!L9-'Human Details'!L9)) -> 0 | V10: =IFERROR(('gpt-4.1-mini-Details'!M9-'Human Details'!M9)/'gpt-4.1-mini-Details'!M9, ('gpt-4.1-mini-Details'!M9-'Human Details'!M9)) -> 0.34712832 | W10: =IFERROR(('gpt-4.1-mini-Details'!N9-'Human Details'!N9)/'gpt-4.1-mini-Details'!N9, ('gpt-4.1-mini-Details'!N9-'Human Details'!N9)) -> 0 | X10: =IFERROR(('gpt-4.1-mini-Details'!O9-'Human Details'!O9)/'gpt-4.1-mini-Details'!O9, ('gpt-4.1-mini-Details'!O9-'Human Details'!O9)) -> -0.037683936
A11: 64 | B11: =ABS('Human Details'!J10-'gpt-4.1-mini-Details'!J10) -> 0 | C11: =ABS('Human Details'!K10-'gpt-4.1-mini-Details'!K10) -> 0.28571429 | D11: =ABS('Human Details'!L10-'gpt-4.1-mini-Details'!L10) -> 0 | E11: =ABS('Human Details'!M10-'gpt-4.1-mini-Details'!M10) -> 0.67507926 | F11: =ABS('Human Details'!N10-'gpt-4.1-mini-Details'!N10) -> 0 | G11: =ABS('Human Details'!O10-'gpt-4.1-mini-Details'!O10) -> 0 | J11: 64 | K11: ='gpt-4.1-mini-Details'!J10-'Human Details'!J10 -> 0 | L11: ='gpt-4.1-mini-Details'!K10-'Human Details'!K10 -> 0.28571429 | M11: ='gpt-4.1-mini-Details'!L10-'Human Details'!L10 -> 0 | N11: ='gpt-4.1-mini-Details'!M10-'Human Details'!M10 -> 0.67507926 | O11: ='gpt-4.1-mini-Details'!N10-'Human Details'!N10 -> 0 | P11: ='gpt-4.1-mini-Details'!O10-'Human Details'!O10 -> 0 | R11: 64 | S11: =IFERROR(('gpt-4.1-mini-Details'!J10-'Human Details'!J10)/'gpt-4.1-mini-Details'!J10, ('gpt-4.1-mini-Details'!J10-'Human Details'!J10)) -> 0 | T11: =IFERROR(('gpt-4.1-mini-Details'!K10-'Human Details'!K10)/'gpt-4.1-mini-Details'!K10, ('gpt-4.1-mini-Details'!K10-'Human Details'!K10)) -> 1 | U11: =IFERROR(('gpt-4.1-mini-Details'!L10-'Human Details'!L10)/'gpt-4.1-mini-Details'!L10, ('gpt-4.1-mini-Details'!L10-'Human Details'!L10)) -> 0 | V11: =IFERROR(('gpt-4.1-mini-Details'!M10-'Human Details'!M10)/'gpt-4.1-mini-Details'!M10, ('gpt-4.1-mini-Details'!M10-'Human Details'!M10)) -> 1 | W11: =IFERROR(('gpt-4.1-mini-Details'!N10-'Human Details'!N10)/'gpt-4.1-mini-Details'!N10, ('gpt-4.1-mini-Details'!N10-'Human Details'!N10)) -> 0 | X11: =IFERROR(('gpt-4.1-mini-Details'!O10-'Human Details'!O10)/'gpt-4.1-mini-Details'!O10, ('gpt-4.1-mini-Details'!O10-'Human Details'!O10)) -> 0
A12: 65 | B12: =ABS('Human Details'!J11-'gpt-4.1-mini-Details'!J11) -> 0.11111111 | C12: =ABS('Human Details'!K11-'gpt-4.1-mini-Details'!K11) -> 0 | D12: =ABS('Human Details'!L11-'gpt-4.1-mini-Details'!L11) -> 0.66666667 | E12: =ABS('Human Details'!M11-'gpt-4.1-mini-Details'!M11) -> 0.35285398 | F12: =ABS('Human Details'!N11-'gpt-4.1-mini-Details'!N11) -> 0.875 | G12: =ABS('Human Details'!O11-'gpt-4.1-mini-Details'!O11) -> 1 | J12: 65 | K12: ='gpt-4.1-mini-Details'!J11-'Human Details'!J11 -> -0.11111111 | L12: ='gpt-4.1-mini-Details'!K11-'Human Details'!K11 -> 0 | M12: ='gpt-4.1-mini-Details'!L11-'Human Details'!L11 -> -0.66666667 | N12: ='gpt-4.1-mini-Details'!M11-'Human Details'!M11 -> 0.35285398 | O12: ='gpt-4.1-mini-Details'!N11-'Human Details'!N11 -> -0.875 | P12: ='gpt-4.1-mini-Details'!O11-'Human Details'!O11 -> -1 | R12: 65 | S12: =IFERROR(('gpt-4.1-mini-Details'!J11-'Human Details'!J11)/'gpt-4.1-mini-Details'!J11, ('gpt-4.1-mini-Details'!J11-'Human Details'!J11)) -> -0.2 | T12: =IFERROR(('gpt-4.1-mini-Details'!K11-'Human Details'!K11)/'gpt-4.1-mini-Details'!K11, ('gpt-4.1-mini-Details'!K11-'Human Details'!K11)) -> 0 | U12: =IFERROR(('gpt-4.1-mini-Details'!L11-'Human Details'!L11)/'gpt-4.1-mini-Details'!L11, ('gpt-4.1-mini-Details'!L11-'Human Details'!L11)) -> -2 | V12: =IFERROR(('gpt-4.1-mini-Details'!M11-'Human Details'!M11)/'gpt-4.1-mini-Details'!M11, ('gpt-4.1-mini-Details'!M11-'Human Details'!M11)) -> 0.41373317 | W12: =IFERROR(('gpt-4.1-mini-Details'!N11-'Human Details'!N11)/'gpt-4.1-mini-Details'!N11, ('gpt-4.1-mini-Details'!N11-'Human Details'!N11)) -> -7 | X12: =IFERROR(('gpt-4.1-mini-Details'!O11-'Human Details'!O11)/'gpt-4.1-mini-Details'!O11, ('gpt-4.1-mini-Details'!O11-'Human Details'!O11)) -> -1
A13: 84 | B13: =ABS('Human Details'!J12-'gpt-4.1-mini-Details'!J12) -> 0.21428571 | C13: =ABS('Human Details'!K12-'gpt-4.1-mini-Details'!K12) -> 0.4 | D13: =ABS('Human Details'!L12-'gpt-4.1-mini-Details'!L12) -> 0.16666667 | E13: =ABS('Human Details'!M12-'gpt-4.1-mini-Details'!M12) -> 0.21745192 | F13: =ABS('Human Details'!N12-'gpt-4.1-mini-Details'!N12) -> 0.11428571 | G13: =ABS('Human Details'!O12-'gpt-4.1-mini-Details'!O12) -> 0.020727081 | J13: 84 | K13: ='gpt-4.1-mini-Details'!J12-'Human Details'!J12 -> 0.21428571 | L13: ='gpt-4.1-mini-Details'!K12-'Human Details'!K12 -> 0.4 | M13: ='gpt-4.1-mini-Details'!L12-'Human Details'!L12 -> -0.16666667 | N13: ='gpt-4.1-mini-Details'!M12-'Human Details'!M12 -> 0.21745192 | O13: ='gpt-4.1-mini-Details'!N12-'Human Details'!N12 -> -0.11428571 | P13: ='gpt-4.1-mini-Details'!O12-'Human Details'!O12 -> -0.020727081 | R13: 84 | S13: =IFERROR(('gpt-4.1-mini-Details'!J12-'Human Details'!J12)/'gpt-4.1-mini-Details'!J12, ('gpt-4.1-mini-Details'!J12-'Human Details'!J12)) -> 0.23076923 | T13: =IFERROR(('gpt-4.1-mini-Details'!K12-'Human Details'!K12)/'gpt-4.1-mini-Details'!K12, ('gpt-4.1-mini-Details'!K12-'Human Details'!K12)) -> 0.5 | U13: =IFERROR(('gpt-4.1-mini-Details'!L12-'Human Details'!L12)/'gpt-4.1-mini-Details'!L12, ('gpt-4.1-mini-Details'!L12-'Human Details'!L12)) -> -0.2 | V13: =IFERROR(('gpt-4.1-mini-Details'!M12-'Human Details'!M12)/'gpt-4.1-mini-Details'!M12, ('gpt-4.1-mini-Details'!M12-'Human Details'!M12)) -> 0.30308918 | W13: =IFERROR(('gpt-4.1-mini-Details'!N12-'Human Details'!N12)/'gpt-4.1-mini-Details'!N12, ('gpt-4.1-mini-Details'!N12-'Human Details'!N12)) -> -0.11428571 | X13: =IFERROR(('gpt-4.1-mini-Details'!O12-'Human Details'!O12)/'gpt-4.1-mini-Details'!O12, ('gpt-4.1-mini-Details'!O12-'Human Details'!O12)) -> -0.021165786
A14: 89 | B14: =ABS('Human Details'!J13-'gpt-4.1-mini-Details'!J13) -> 0 | C14: =ABS('Human Details'!K13-'gpt-4.1-mini-Details'!K13) -> 0 | D14: =ABS('Human Details'!L13-'gpt-4.1-mini-Details'!L13) -> 0 | E14: =ABS('Human Details'!M13-'gpt-4.1-mini-Details'!M13) -> 0.57422404 | F14: =ABS('Human Details'!N13-'gpt-4.1-mini-Details'!N13) -> 0 | G14: =ABS('Human Details'!O13-'gpt-4.1-mini-Details'!O13) -> 0.2 | J14: 89 | K14: ='gpt-4.1-mini-Details'!J13-'Human Details'!J13 -> 0 | L14: ='gpt-4.1-mini-Details'!K13-'Human Details'!K13 -> 0 | M14: ='gpt-4.1-mini-Details'!L13-'Human Details'!L13 -> 0 | N14: ='gpt-4.1-mini-Details'!M13-'Human Details'!M13 -> 0.57422404 | O14: ='gpt-4.1-mini-Details'!N13-'Human Details'!N13 -> 0 | P14: ='gpt-4.1-mini-Details'!O13-'Human Details'!O13 -> -0.2 | R14: 89 | S14: =IFERROR(('gpt-4.1-mini-Details'!J13-'Human Details'!J13)/'gpt-4.1-mini-Details'!J13, ('gpt-4.1-mini-Details'!J13-'Human Details'!J13)) -> 0 | T14: =IFERROR(('gpt-4.1-mini-Details'!K13-'Human Details'!K13)/'gpt-4.1-mini-Details'!K13, ('gpt-4.1-mini-Details'!K13-'Human Details'!K13)) -> 0 | U14: =IFERROR(('gpt-4.1-mini-Details'!L13-'Human Details'!L13)/'gpt-4.1-mini-Details'!L13, ('gpt-4.1-mini-Details'!L13-'Human Details'!L13)) -> 0 | V14: =IFERROR(('gpt-4.1-mini-Details'!M13-'Human Details'!M13)/'gpt-4.1-mini-Details'!M13, ('gpt-4.1-mini-Details'!M13-'Human Details'!M13)) -> 1 | W14: =IFERROR(('gpt-4.1-mini-Details'!N13-'Human Details'!N13)/'gpt-4.1-mini-Details'!N13, ('gpt-4.1-mini-Details'!N13-'Human Details'!N13)) -> 0 | X14: =IFERROR(('gpt-4.1-mini-Details'!O13-'Human Details'!O13)/'gpt-4.1-mini-Details'!O13, ('gpt-4.1-mini-Details'!O13-'Human Details'!O13)) -> -0.2
... A17: 110 | B17: =ABS('Human Details'!J16-'gpt-4.1-mini-Details'!J16) -> 0.035714286 | C17: =ABS('Human Details'!K16-'gpt-4.1-mini-Details'!K16) -> 0.7 | D17: =ABS('Human Details'!L16-'gpt-4.1-mini-Details'!L16) -> 0.43888889 | E17: =ABS('Human Details'!M16-'gpt-4.1-mini-Details'!M16) -> 0.60351901 | F17: =ABS('Human Details'!N16-'gpt-4.1-mini-Details'!N16) -> 0.40350877 | G17: =ABS('Human Details'!O16-'gpt-4.1-mini-Details'!O16) -> 0.25 | J17: 110 | K17: ='gpt-4.1-mini-Details'!J16-'Human Details'!J16 -> 0.035714286 | L17: ='gpt-4.1-mini-Details'!K16-'Human Details'!K16 -> 0.7 | M17: ='gpt-4.1-mini-Details'!L16-'Human Details'!L16 -> -0.43888889 | N17: ='gpt-4.1-mini-Details'!M16-'Human Details'!M16 -> 0.60351901 | O17: ='gpt-4.1-mini-Details'!N16-'Human Details'!N16 -> 0.40350877 | P17: ='gpt-4.1-mini-Details'!O16-'Human Details'!O16 -> -0.25 | R17: 110 | S17: =IFERROR(('gpt-4.1-mini-Details'!J16-'Human Details'!J16)/'gpt-4.1-mini-Details'!J16, ('gpt-4.1-mini-Details'!J16-'Human Details'!J16)) -> 0.125 | T17: =IFERROR(('gpt-4.1-mini-Details'!K16-'Human Details'!K16)/'gpt-4.1-mini-Details'!K16, ('gpt-4.1-mini-Details'!K16-'Human Details'!K16)) -> 0.7 | U17: =IFERROR(('gpt-4.1-mini-Details'!L16-'Human Details'!L16)/'gpt-4.1-mini-Details'!L16, ('gpt-4.1-mini-Details'!L16-'Human Details'!L16)) -> -0.91860465 | V17: =IFERROR(('gpt-4.1-mini-Details'!M16-'Human Details'!M16)/'gpt-4.1-mini-Details'!M16, ('gpt-4.1-mini-Details'!M16-'Human Details'!M16)) -> 0.70709498 | W17: =IFERROR(('gpt-4.1-mini-Details'!N16-'Human Details'!N16)/'gpt-4.1-mini-Details'!N16, ('gpt-4.1-mini-Details'!N16-'Human Details'!N16)) -> 0.60526316 | X17: =IFERROR(('gpt-4.1-mini-Details'!O16-'Human Details'!O16)/'gpt-4.1-mini-Details'!O16, ('gpt-4.1-mini-Details'!O16-'Human Details'!O16)) -> -0.25
B19: faithfulness | C19: context_recall | D19: context_precision | E19: semantic_similarity | F19: context_entity_recall | G19: answer_relevancy | K19: faithfulness | L19: context_recall | M19: context_precision | N19: semantic_similarity | O19: context_entity_recall | P19: answer_relevancy | S19: faithfulness | T19: context_recall | U19: context_precision | V19: semantic_similarity | W19: context_entity_recall | X19: answer_relevancy
A20: MAE Mittelwert | B20: =AVERAGE(B3:B17) -> 0.18366622 | C20: =AVERAGE(C3:C17) -> 0.26047619 | D20: =AVERAGE(D3:D17) -> 0.26611111 | E20: =AVERAGE(E3:E17) -> 0.38264678 | F20: =AVERAGE(F3:F17) -> 0.27638069 | G20: =AVERAGE(G3:G17) -> 0.32713183 | J20: ME | K20: =AVERAGE(K3:K17) -> 0.12144399 | L20: =AVERAGE(L3:L17) -> 0.11603175 | M20: =AVERAGE(M3:M17) -> -0.18092593 | N20: =AVERAGE(N3:N17) -> 0.37487949 | O20: =AVERAGE(O3:O17) -> -0.040424635 | P20: =AVERAGE(P3:P17) -> -0.16185887 | R20: ME | S20: =AVERAGE(S3:S17) -> 0.12840516 | T20: =AVERAGE(T3:T17) -> 0.1868254 | U20: =AVERAGE(U3:U17) -> -0.34275975 | V20: =AVERAGE(V3:V17) -> 0.49655732 | W20: =AVERAGE(W3:W17) -> -0.64786924 | X20: =AVERAGE(X3:X17) -> -0.15513886
A23: faithfulness | E23: context_recall | I23: context_precision | M23: semantic_similarity | Q23: context_entity_recall | U23: answer_relevancy
A24: ID | B24: Human | C24: GPT | D24: Brauchbar? | E24: ID | F24: Human | G24: GPT | H24: Brauchbar? | I24: ID | J24: Human | K24: GPT | L24: Brauchbar? | M24: ID | N24: Human | O24: GPT | P24: Brauchbar? | Q24: ID | R24: Human | S24: GPT | T24: Brauchbar? | U24: ID | V24: Human | W24: GPT | X24: Brauchbar?
A25: 1 | B25: ='Human Details'!J2 -> 1 | C25: ='gpt-4.1-mini-Details'!J2 -> 0.94444444 | D25: Ja | E25: 1 | F25: ='Human Details'!K2 -> 1 | G25: ='gpt-4.1-mini-Details'!K2 -> 1 | H25: Ja | I25: 1 | J25: ='Human Details'!L2 -> 0.68 | K25: ='gpt-4.1-mini-Details'!L2 -> 0.47777778 | L25: Ja | M25: 1 | N25: ='Human Details'!M2 -> 0.75 | O25: ='gpt-4.1-mini-Details'!M2 -> 0.69174535 | P25: Ja | Q25: 1 | R25: ='Human Details'!N2 -> 0.45454545 | S25: ='gpt-4.1-mini-Details'!N2 -> 0.11111111 | U25: 1 | V25: ='Human Details'!O2 -> 1 | W25: ='gpt-4.1-mini-Details'!O2 -> 0.845789 | X25: Ja
A26: 8 | B26: ='Human Details'!J3 -> 0.5 | C26: ='gpt-4.1-mini-Details'!J3 -> 0.5 | D26: Ja | E26: 8 | F26: ='Human Details'!K3 -> 0 | G26: ='gpt-4.1-mini-Details'!K3 -> 0 | H26: Ja | I26: 8 | J26: ='Human Details'!L3 -> 1 | K26: ='gpt-4.1-mini-Details'!L3 -> 0 | L26: Nein | M26: 8 | N26: ='Human Details'!M3 -> 0 | O26: ='gpt-4.1-mini-Details'!M3 -> 0.68219253 | P26: Nein | Q26: 8 | R26: ='Human Details'!N3 -> 0 | S26: ='gpt-4.1-mini-Details'!N3 -> 0 | T26: Ja | U26: 8 | V26: ='Human Details'!O3 -> 0 | W26: ='gpt-4.1-mini-Details'!O3 -> 0 | X26: Ja
A27: 11 | B27: ='Human Details'!J4 -> 0.5 | C27: ='gpt-4.1-mini-Details'!J4 -> 0.83333333 | E27: 11 | F27: ='Human Details'!K4 -> 1 | G27: ='gpt-4.1-mini-Details'!K4 -> 1 | H27: Ja | I27: 11 | J27: ='Human Details'!L4 -> 1 | K27: ='gpt-4.1-mini-Details'!L4 -> 1 | L27: Ja | M27: 11 | N27: ='Human Details'!M4 -> 0.5 | O27: ='gpt-4.1-mini-Details'!M4 -> 0.71741346 | P27: Ja | Q27: 11 | R27: ='Human Details'!N4 -> 0.27272727 | S27: ='gpt-4.1-mini-Details'!N4 -> 0.8 | T27: Nein | U27: 11 | V27: ='Human Details'!O4 -> 0.5 | W27: ='gpt-4.1-mini-Details'!O4 -> 0 | X27: Nein
A28: 17 | B28: ='Human Details'!J5 -> 0.66666667 | C28: ='gpt-4.1-mini-Details'!J5 -> 0.8 | D28: Ja | E28: 17 | F28: ='Human Details'!K5 -> 0.33333333 | G28: ='gpt-4.1-mini-Details'!K5 -> 0 | H28: Ja | I28: 17 | J28: ='Human Details'!L5 -> 0.325 | K28: ='gpt-4.1-mini-Details'!L5 -> 0.2 | L28: Ja | M28: 17 | N28: ='Human Details'!M5 -> 0.5 | O28: ='gpt-4.1-mini-Details'!M5 -> 0.77592699 | P28: Ja | Q28: 17 | R28: ='Human Details'!N5 -> 0.33333333 | S28: ='gpt-4.1-mini-Details'!N5 -> 0.44444444 | T28: Ja | U28: 17 | V28: ='Human Details'!O5 -> 0.5 | W28: ='gpt-4.1-mini-Details'!O5 -> 0.87199183
A29: 20 | B29: ='Human Details'!J6 -> 0.9 | C29: ='gpt-4.1-mini-Details'!J6 -> 0.6 | E29: 20 | F29: ='Human Details'!K6 -> 0.75 | G29: ='gpt-4.1-mini-Details'!K6 -> 0 | H29: Nein | I29: 20 | J29: ='Human Details'!L6 -> 1 | K29: ='gpt-4.1-mini-Details'!L6 -> 1 | L29: Ja | M29: 20 | N29: ='Human Details'!M6 -> 0.5 | O29: ='gpt-4.1-mini-Details'!M6 -> 0.54732097 | P29: Ja | Q29: 20 | R29: ='Human Details'!N6 -> 0.25 | S29: ='gpt-4.1-mini-Details'!N6 -> 0.77777778 | T29: Nein | U29: 20 | V29: ='Human Details'!O6 -> 0.8 | W29: ='gpt-4.1-mini-Details'!O6 -> 0.79382327 | X29: Ja
A30: 30 | B30: ='Human Details'!J7 -> 0.33333333 | C30: ='gpt-4.1-mini-Details'!J7 -> 1 | D30: Nein | E30: 30 | F30: ='Human Details'!K7 -> 0 | G30: ='gpt-4.1-mini-Details'!K7 -> 1 | H30: Nein | I30: 30 | J30: ='Human Details'!L7 -> 0.75 | K30: ='gpt-4.1-mini-Details'!L7 -> 0 | L30: Nein | M30: 30 | N30: ='Human Details'!M7 -> 0.25 | O30: ='gpt-4.1-mini-Details'!M7 -> 0.86740094 | P30: Nein | Q30: 30 | R30: ='Human Details'!N7 -> 0 | S30: ='gpt-4.1-mini-Details'!N7 -> 0.2 | T30: Ja | U30: 30 | V30: ='Human Details'!O7 -> 0.25 | W30: ='gpt-4.1-mini-Details'!O7 -> 0.903618 | X30: Nein
A31: 33 | B31: ='Human Details'!J8 -> 0.5 | C31: ='gpt-4.1-mini-Details'!J8 -> 0.83333333 | E31: 33 | F31: ='Human Details'!K8 -> 1 | G31: ='gpt-4.1-mini-Details'!K8 -> 1 | H31: Ja | I31: 33 | J31: ='Human Details'!L8 -> 0.87 | K31: ='gpt-4.1-mini-Details'!L8 -> 0.86666667 | L31: Ja | M31: 33 | N31: ='Human Details'!M8 -> 0.75 | O31: ='gpt-4.1-mini-Details'!M8 -> 0.88175794 | P31: Ja | Q31: 33 | R31: ='Human Details'!N8 -> 1 | S31: ='gpt-4.1-mini-Details'!N8 -> 1 | T31: Ja | U31: 33 | V31: ='Human Details'!O8 -> 0.75 | W31: ='gpt-4.1-mini-Details'!O8 -> 0.96393741 | X31: Ja
A32: 34 | B32: ='Human Details'!J9 -> 0 | C32: ='gpt-4.1-mini-Details'!J9 -> 0 | D32: Ja | E32: 34 | F32: ='Human Details'!K9 -> 0 | G32: ='gpt-4.1-mini-Details'!K9 -> 0 | H32: Ja | I32: 34 | J32: ='Human Details'!L9 -> 0 | K32: ='gpt-4.1-mini-Details'!L9 -> 0 | L32: Ja | M32: 34 | N32: ='Human Details'!M9 -> 0.5 | O32: ='gpt-4.1-mini-Details'!M9 -> 0.76584728 | P32: Ja | Q32: 34 | R32: ='Human Details'!N9 -> 0 | S32: ='gpt-4.1-mini-Details'!N9 -> 0 | T32: Ja | U32: 34 | V32: ='Human Details'!O9 -> 1 | W32: ='gpt-4.1-mini-Details'!O9 -> 0.96368457 | X32: Ja
A33: 64 | B33: ='Human Details'!J10 -> 0 | C33: ='gpt-4.1-mini-Details'!J10 -> 0 | D33: Ja | E33: 64 | F33: ='Human Details'!K10 -> 0 | G33: ='gpt-4.1-mini-Details'!K10 -> 0.28571429 | H33: Ja | I33: 64 | J33: ='Human Details'!L10 -> 0 | K33: ='gpt-4.1-mini-Details'!L10 -> 0 | L33: Ja | M33: 64 | N33: ='Human Details'!M10 -> 0 | O33: ='gpt-4.1-mini-Details'!M10 -> 0.67507926 | P33: Nein | Q33: 64 | R33: ='Human Details'!N10 -> 0 | S33: ='gpt-4.1-mini-Details'!N10 -> 0 | T33: Ja | U33: 64 | V33: ='Human Details'!O10 -> 0 | W33: ='gpt-4.1-mini-Details'!O10 -> 0 | X33: Ja
A34: 65 | B34: ='Human Details'!J11 -> 0.66666667 | C34: ='gpt-4.1-mini-Details'!J11 -> 0.55555556 | D34: Ja | E34: 65 | F34: ='Human Details'!K11 -> 1 | G34: ='gpt-4.1-mini-Details'!K11 -> 1 | H34: Ja | I34: 65 | J34: ='Human Details'!L11 -> 1 | K34: ='gpt-4.1-mini-Details'!L11 -> 0.33333333 | L34: Nein | M34: 65 | N34: ='Human Details'!M11 -> 0.5 | O34: ='gpt-4.1-mini-Details'!M11 -> 0.85285398 | Q34: 65 | R34: ='Human Details'!N11 -> 1 | S34: ='gpt-4.1-mini-Details'!N11 -> 0.125 | T34: Nein | U34: 65 | V34: ='Human Details'!O11 -> 1 | W34: ='gpt-4.1-mini-Details'!O11 -> 0 | X34: Nein
A35: 84 | B35: ='Human Details'!J12 -> 0.71428571 | C35: ='gpt-4.1-mini-Details'!J12 -> 0.92857143 | D35: Ja | E35: 84 | F35: ='Human Details'!K12 -> 0.4 | G35: ='gpt-4.1-mini-Details'!K12 -> 0.8 | I35: 84 | J35: ='Human Details'!L12 -> 1 | K35: ='gpt-4.1-mini-Details'!L12 -> 0.83333333 | L35: Ja | M35: 84 | N35: ='Human Details'!M12 -> 0.5 | O35: ='gpt-4.1-mini-Details'!M12 -> 0.71745192 | P35: Ja | Q35: 84 | R35: ='Human Details'!N12 -> 0.11428571 | S35: ='gpt-4.1-mini-Details'!N12 -> 0 | T35: Ja | U35: 84 | V35: ='Human Details'!O12 -> 1 | W35: ='gpt-4.1-mini-Details'!O12 -> 0.97927292 | X35: Ja
A36: 89 | B36: ='Human Details'!J13 -> 0 | C36: ='gpt-4.1-mini-Details'!J13 -> 0 | D36: Ja | E36: 89 | F36: ='Human Details'!K13 -> 0 | G36: ='gpt-4.1-mini-Details'!K13 -> 0 | H36: Ja | I36: 89 | J36: ='Human Details'!L13 -> 0 | K36: ='gpt-4.1-mini-Details'!L13 -> 0 | L36: Ja | M36: 89 | N36: ='Human Details'!M13 -> 0 | O36: ='gpt-4.1-mini-Details'!M13 -> 0.57422404 | P36: Nein | Q36: 89 | R36: ='Human Details'!N13 -> 0 | S36: ='gpt-4.1-mini-Details'!N13 -> 0 | T36: Ja | U36: 89 | V36: ='Human Details'!O13 -> 0.2 | W36: ='gpt-4.1-mini-Details'!O13 -> 0
A37: 91 | B37: ='Human Details'!J14 -> 0.46153846 | C37: ='gpt-4.1-mini-Details'!J14 -> 0.53846154 | D37: Ja | E37: 91 | F37: ='Human Details'!K14 -> 0.42857143 | G37: ='gpt-4.1-mini-Details'!K14 -> 0.6 | H37: Ja | I37: 91 | J37: ='Human Details'!L14 -> 0.5 | K37: ='gpt-4.1-mini-Details'!L14 -> 0.83333333 | M37: 91 | N37: ='Human Details'!M14 -> 0.5 | O37: ='gpt-4.1-mini-Details'!M14 -> 0.89307464 | Q37: 91 | R37: ='Human Details'!N14 -> 0.65384615 | S37: ='gpt-4.1-mini-Details'!N14 -> 0.21052632 | U37: 91 | V37: ='Human Details'!O14 -> 0.75 | W37: ='gpt-4.1-mini-Details'!O14 -> 0 | X37: Nein
A38: 97 | B38: ='Human Details'!J15 -> 0.4 | C38: ='gpt-4.1-mini-Details'!J15 -> 0.89473684 | D38: Nein | E38: 97 | F38: ='Human Details'!K15 -> 0.4 | G38: ='gpt-4.1-mini-Details'!K15 -> 0.66666667 | H38: Ja | I38: 97 | J38: ='Human Details'!L15 -> 0.5 | K38: ='gpt-4.1-mini-Details'!L15 -> 0.80555556 | M38: 97 | N38: ='Human Details'!M15 -> 0.25 | O38: ='gpt-4.1-mini-Details'!M15 -> 0.8773841 | P38: Nein | Q38: 97 | R38: ='Human Details'!N15 -> 0.6 | S38: ='gpt-4.1-mini-Details'!N15 -> 0 | T38: Nein | U38: 97 | V38: ='Human Details'!O15 -> 0.75 | W38: ='gpt-4.1-mini-Details'!O15 -> 0 | X38: Nein
A39: 110 | B39: ='Human Details'!J16 -> 0.25 | C39: ='gpt-4.1-mini-Details'!J16 -> 0.28571429 | D39: Ja | E39: 110 | F39: ='Human Details'!K16 -> 0.3 | G39: ='gpt-4.1-mini-Details'!K16 -> 1 | H39: Nein | I39: 110 | J39: ='Human Details'!L16 -> 0.91666667 | K39: ='gpt-4.1-mini-Details'!L16 -> 0.47777778 | M39: 110 | N39: ='Human Details'!M16 -> 0.25 | O39: ='gpt-4.1-mini-Details'!M16 -> 0.85351901 | P39: Nein | Q39: 110 | R39: ='Human Details'!N16 -> 0.26315789 | S39: ='gpt-4.1-mini-Details'!N16 -> 0.66666666 | U39: 110 | V39: ='Human Details'!O16 -> 0.25 | W39: ='gpt-4.1-mini-Details'!O16 -> 0 | X39: Ja
B41: Anzahl Brauchbar | C41: =COUNTIFS(D25:D39,"Ja") -> 10 | D41: =C41/15 -> 0.66666667 | F41: Anzahl Brauchbar | G41: =COUNTIFS(H25:H39,"Ja") -> 11 | H41: =G41/15 -> 0.73333333 | J41: Anzahl Brauchbar | K41: =COUNTIFS(L25:L39,"Ja") -> 9 | L41: =K41/15 -> 0.6 | N41: Anzahl Brauchbar | O41: =COUNTIFS(P25:P39,"Ja") -> 7 | P41: =O41/15 -> 0.46666667 | R41: Anzahl Brauchbar | S41: =COUNTIFS(T25:T39,"Ja") -> 8 | T41: =S41/15 -> 0.53333333 | V41: Anzahl Brauchbar | W41: =COUNTIFS(X25:X39,"Ja") -> 8 | X41: =W41/15 -> 0.53333333
B42: Anzahl Unbrauchbar | C42: =COUNTIFS(D25:D39,"Nein") -> 2 | D42: =C42/15 -> 0.13333333 | F42: Anzahl Unbrauchbar | G42: =COUNTIFS(H25:H39,"Nein") -> 3 | H42: =G42/15 -> 0.2 | J42: Anzahl Unbrauchbar | K42: =COUNTIFS(L25:L39,"Nein") -> 3 | L42: =K42/15 -> 0.2 | N42: Anzahl Unbrauchbar | O42: =COUNTIFS(P25:P39,"Nein") -> 6 | P42: =O42/15 -> 0.4 | R42: Anzahl Unbrauchbar | S42: =COUNTIFS(T25:T39,"Nein") -> 4 | T42: =S42/15 -> 0.26666667 | V42: Anzahl Unbrauchbar | W42: =COUNTIFS(X25:X39,"Nein") -> 5 | X42: =W42/15 -> 0.33333333
B43: Anzahl 50-50 | C43: =COUNTIFS(D25:D39,"") -> 3 | D43: =C43/15 -> 0.2 | F43: Anzahl 50-50 | G43: =COUNTIFS(H25:H39,"") -> 1 | H43: =G43/15 -> 0.066666667 | J43: Anzahl 50-50 | K43: =COUNTIFS(L25:L39,"") -> 3 | L43: =K43/15 -> 0.2 | N43: Anzahl 50-50 | O43: =COUNTIFS(P25:P39,"") -> 2 | P43: =O43/15 -> 0.13333333 | R43: Anzahl 50-50 | S43: =COUNTIFS(T25:T39,"") -> 3 | T43: =S43/15 -> 0.2 | V43: Anzahl 50-50 | W43: =COUNTIFS(X25:X39,"") -> 2 | X43: =W43/15 -> 0.13333333

Sheet Metriken_gpt5.2
B1: Abs
A2: ID | B2: faithfulness | C2: context_recall | D2: context_precision | E2: semantic_similarity | F2: context_entity_recall | G2: answer_relevancy
A3: 1 | B3: =ABS('Human Details'!J2-'gpt-5.2-Details'!J2) -> 0.48148148 | C3: =ABS('Human Details'!K2-'gpt-5.2-Details'!K2) -> 1 | D3: =ABS('Human Details'!L2-'gpt-5.2-Details'!L2) -> 0.355 | E3: =ABS('Human Details'!M2-'gpt-5.2-Details'!M2) -> 0.058254654 | F3: =ABS('Human Details'!N2-'gpt-5.2-Details'!N2) -> 0.54545454 | G3: =ABS('Human Details'!O2-'gpt-5.2-Details'!O2) -> 0.15294694
A4: 8 | B4: =ABS('Human Details'!J3-'gpt-5.2-Details'!J3) -> 0.11538462 | C4: =ABS('Human Details'!K3-'gpt-5.2-Details'!K3) -> 0 | D4: =ABS('Human Details'!L3-'gpt-5.2-Details'!L3) -> 1 | E4: =ABS('Human Details'!M3-'gpt-5.2-Details'!M3) -> 0.71366373 | F4: =ABS('Human Details'!N3-'gpt-5.2-Details'!N3) -> 0 | G4: =ABS('Human Details'!O3-'gpt-5.2-Details'!O3) -> 0.98983701
A5: 11 | B5: =ABS('Human Details'!J4-'gpt-5.2-Details'!J4) -> 0.25 | C5: =ABS('Human Details'!K4-'gpt-5.2-Details'!K4) -> 0 | D5: =ABS('Human Details'!L4-'gpt-5.2-Details'!L4) -> 5.0000004e-11 | E5: =ABS('Human Details'!M4-'gpt-5.2-Details'!M4) -> 0.21741346 | F5: =ABS('Human Details'!N4-'gpt-5.2-Details'!N4) -> 0.45454545 | G5: =ABS('Human Details'!O4-'gpt-5.2-Details'!O4) -> 0.5
A6: 17 | B6: =ABS('Human Details'!J5-'gpt-5.2-Details'!J5) -> 0.48484848 | C6: =ABS('Human Details'!K5-'gpt-5.2-Details'!K5) -> 0.33333333 | D6: =ABS('Human Details'!L5-'gpt-5.2-Details'!L5) -> 0.325 | E6: =ABS('Human Details'!M5-'gpt-5.2-Details'!M5) -> 0.26307918 | F6: =ABS('Human Details'!N5-'gpt-5.2-Details'!N5) -> 0.066666666 | G6: =ABS('Human Details'!O5-'gpt-5.2-Details'!O5) -> 0.5
A7: 20 | B7: =ABS('Human Details'!J6-'gpt-5.2-Details'!J6) -> 0.23333333 | C7: =ABS('Human Details'!K6-'gpt-5.2-Details'!K6) -> 0.75 | D7: =ABS('Human Details'!L6-'gpt-5.2-Details'!L6) -> 1.0000001e-10 | E7: =ABS('Human Details'!M6-'gpt-5.2-Details'!M6) -> 0.047320968 | F7: =ABS('Human Details'!N6-'gpt-5.2-Details'!N6) -> 0.13888889 | G7: =ABS('Human Details'!O6-'gpt-5.2-Details'!O6) -> 0.00020846897
A8: 30 | B8: =ABS('Human Details'!J7-'gpt-5.2-Details'!J7) -> 0.36666667 | C8: =ABS('Human Details'!K7-'gpt-5.2-Details'!K7) -> 0 | D8: =ABS('Human Details'!L7-'gpt-5.2-Details'!L7) -> 0.75 | E8: =ABS('Human Details'!M7-'gpt-5.2-Details'!M7) -> 0.61740094 | F8: =ABS('Human Details'!N7-'gpt-5.2-Details'!N7) -> 0 | G8: =ABS('Human Details'!O7-'gpt-5.2-Details'!O7) -> 0.7186501
A9: 33 | B9: =ABS('Human Details'!J8-'gpt-5.2-Details'!J8) -> 0 | C9: =ABS('Human Details'!K8-'gpt-5.2-Details'!K8) -> 0 | D9: =ABS('Human Details'!L8-'gpt-5.2-Details'!L8) -> 0.0033333334 | E9: =ABS('Human Details'!M8-'gpt-5.2-Details'!M8) -> 0.13175794 | F9: =ABS('Human Details'!N8-'gpt-5.2-Details'!N8) -> 0.5 | G9: =ABS('Human Details'!O8-'gpt-5.2-Details'!O8) -> 0.20418259
A10: 34 | B10: =ABS('Human Details'!J9-'gpt-5.2-Details'!J9) -> 0 | C10: =ABS('Human Details'!K9-'gpt-5.2-Details'!K9) -> 0 | D10: =ABS('Human Details'!L9-'gpt-5.2-Details'!L9) -> 0 | E10: =ABS('Human Details'!M9-'gpt-5.2-Details'!M9) -> 0.24801994 | F10: =ABS('Human Details'!N9-'gpt-5.2-Details'!N9) -> 0 | G10: =ABS('Human Details'!O9-'gpt-5.2-Details'!O9) -> 0.0094443726
A11: 64 | B11: =ABS('Human Details'!J10-'gpt-5.2-Details'!J10) -> 0.26086957 | C11: =ABS('Human Details'!K10-'gpt-5.2-Details'!K10) -> 0 | D11: =ABS('Human Details'!L10-'gpt-5.2-Details'!L10) -> 0 | E11: =ABS('Human Details'!M10-'gpt-5.2-Details'!M10) -> 0.80823798 | F11: =ABS('Human Details'!N10-'gpt-5.2-Details'!N10) -> 0 | G11: =ABS('Human Details'!O10-'gpt-5.2-Details'!O10) -> 0
A12: 65 | B12: =ABS('Human Details'!J11-'gpt-5.2-Details'!J11) -> 0.33333333 | C12: =ABS('Human Details'!K11-'gpt-5.2-Details'!K11) -> 0.4375 | D12: =ABS('Human Details'!L11-'gpt-5.2-Details'!L11) -> 1.0000001e-10 | E12: =ABS('Human Details'!M11-'gpt-5.2-Details'!M11) -> 0.35041125 | F12: =ABS('Human Details'!N11-'gpt-5.2-Details'!N11) -> 0.76666667 | G12: =ABS('Human Details'!O11-'gpt-5.2-Details'!O11) -> 0.23107735
A13: 84 | B13: =ABS('Human Details'!J12-'gpt-5.2-Details'!J12) -> 0.050420168 | C13: =ABS('Human Details'!K12-'gpt-5.2-Details'!K12) -> 0.4 | D13: =ABS('Human Details'!L12-'gpt-5.2-Details'!L12) -> 1.0000001e-10 | E13: =ABS('Human Details'!M12-'gpt-5.2-Details'!M12) -> 0.22480964 | F13: =ABS('Human Details'!N12-'gpt-5.2-Details'!N12) -> 0.11428571 | G13: =ABS('Human Details'!O12-'gpt-5.2-Details'!O12) -> 0.029958943
A14: 89 | B14: =ABS('Human Details'!J13-'gpt-5.2-Details'!J13) -> 0 | C14: =ABS('Human Details'!K13-'gpt-5.2-Details'!K13) -> 0 | D14: =ABS('Human Details'!L13-'gpt-5.2-Details'!L13) -> 0 | E14: =ABS('Human Details'!M13-'gpt-5.2-Details'!M13) -> 0.57422404 | F14: =ABS('Human Details'!N13-'gpt-5.2-Details'!N13) -> 0 | G14: =ABS('Human Details'!O13-'gpt-5.2-Details'!O13) -> 0.2
... A17: 110 | B17: =ABS('Human Details'!J16-'gpt-5.2-Details'!J16) -> 0.05 | C17: =ABS('Human Details'!K16-'gpt-5.2-Details'!K16) -> 0.3 | D17: =ABS('Human Details'!L16-'gpt-5.2-Details'!L16) -> 0.41666667 | E17: =ABS('Human Details'!M16-'gpt-5.2-Details'!M16) -> 0.5122081 | F17: =ABS('Human Details'!N16-'gpt-5.2-Details'!N16) -> 0.16315789 | G17: =ABS('Human Details'!O16-'gpt-5.2-Details'!O16) -> 0.75
B19: faithfulness | C19: context_recall | D19: context_precision | E19: semantic_similarity | F19: context_entity_recall | G19: answer_relevancy
A20: MAE Mittelwert | B20: =AVERAGE(B3:B17) -> 0.193102 | C20: =AVERAGE(C3:C17) -> 0.22662698 | D20: =AVERAGE(D3:D17) -> 0.20194444 | E20: =AVERAGE(E3:E17) -> 0.37915235 | F20: =AVERAGE(F3:F17) -> 0.24309127 | G20: =AVERAGE(G3:G17) -> 0.29733953

Sheet Human Details
A1: id | B1: category | C1: difficulty | D1: user_input | E1: response | F1: reference | G1: retrieved_contexts | H1: retrieved_urls | I1: retrieved_content_types | J1: faithfulness | K1: context_recall | L1: context_precision | M1: semantic_similarity | N1: context_entity_recall | O1: answer_relevancy | P1: RR_at5 | Q1: hit_at5 | R1: latency | S1: context_count | T1: response_time_seconds | U1: Entitäten (Referenz) | V1: Gedeckte Entitäten (Retrieved Context) | W1: Nicht gedeckte Entitäten (Retrieved Context) | X1: Anzahl Gedeckte Entitäten (Retrieved Context) | Y1: Anzahl nicht-gedeckter Entitäten (Retrieved Context) | Z1: Anmerkungen
A2: 1 | B2: Allgemein | C2: medium | D2: Inwiefern würde ich als Student von einem Studium an der WiSo-Fakultät profitieren? | E2: Als Student von einem Studium an der WiSo-Fakultät profitieren Sie in mehreren Aspekten: 1. **Renommierte Fakultät**: Die WiSo-Fakultät ist eine der renommiertesten Fakultäten für Wirtschafts- und Sozialwissenschaften in Europa, was Ihnen Zugang zu einer hervorragenden Ausbildung bietet. 2. **Breite Palette an Studiengängen**: Die Fakultät bietet eine Vielzahl von Studiengängen an, die sich auf verschiedene Bereiche der Wirtschafts- und Sozialwissenschaften konzentrieren, wie z.B. Betriebswirtschaftslehre, Volkswirtschaftslehre, Politikwissenschaft oder Soziologie. 3. **Exzellente Lehre**: Die WiSo-Fakultät ist bekannt für ihre exzellente Lehre, die durch erfahrene und renommierte Professoren und wissenschaftliche Mitarbeiter garantiert wird. 4. **Gutes Netzwerk**: Durch die enge Kooperation mit führenden Organisationen und Universitäten bietet die WiSo-Fakultät ein hervorragendes Netzwerk für Ihre beruflichen und persönlichen Ziele. 5. **Hohe Karriere- und Berufschancen**: Die Absolventen der WiSo-Fakultät genießen eine hohe Reputation auf dem Arbeitsmarkt, was Ihnen gute Karriere- und Berufschancen bietet. Insgesamt bietet ein Studium an der WiSo-Fakultät der Universität zu Köln eine hervorragende Ausbildung, ein breites Angebot an Studiengängen, exzellente Lehre, ein gutes Netzwerk und hohe Karriere- und Berufschancen. | F2: Als Student profitierst du von einem theorie- und methodenorientierten Studienansatz, in dem Forschung und Lehre eng mit der Praxis verzahnt sind, sowie von der ausgeprägten Praxisnähe durch die langjährige Zusammenarbeit der WiSo-Fakultät mit Unternehmen und Lehrbeauftragten aus verschiedenen Berufsfeldern. | G2: ['# Erstsemesterinformationen\n\n##### Herzlich willkommen an der WiSo-Fakultät der Universität zu Köln!\n\nWir freuen uns sehr, dass Sie sich für ein Studium bei uns an der Wirtschafts- und Sozialwissenschaftlichen (kurz: WiSo) Fakultät entschieden haben. Sie erwartet ein spannendes Studium an einer der renommiertesten Fakultäten für Wirtschafts- und Sozialwissenschaften in einer attraktiven Stadt mit sehr guten Karriere- und Berufsperspektiven.\n\n## Infos zum WiSo-Studienstart\n\n## WiSo Welcome und Vorkurse Bachelor\n\n## WiSo Master Welcome Week\n\nHI\n\nzum Seitenanfang', 'inen der bedeutendsten Wirtschaftsstandorte in Deutschland dar.\n\n## Sie interessieren sich für ein Studium an der WiSo-Fakultät?\n\nPaco, deine künstliche Intelligenz zum Studium an der WiSo-Fakultät der Universität zu Köln, beantwortet dir jederzeit alle faktenbasierten Fragen zu deinem Wunschstudiengang! - Du suchst schnelle Infos zu, Zulassungsverfahren oder allgemeinen Fragen zur Universität zu Köln?\n\nDann ist Paco genau das Richtige für dich!*\n\nUnsere WiSo-Fakultät bietet:\n\nEinzigartige Fächervielfalt\nJe nach Interesse und Fähigkeiten können Sie aus dem umfangreichen Spektrum einer der renommiertesten Wirtschafts- und Sozialwissenschaftlichen Fakultäten Deutschlands wählen.\n\nExzellente Qualität in Lehre und Forschung\nDie WiSo-Fakultät belegt kontinuierlich die vordersten Plätze in zahlreichen namhaften Rankings, z.B. im „Handelsblatt“ und in der „Wirtschaftswoche“.\n\nAusgezeichnete Berufs- und Weiterbildungsaussichten\nNutzen Sie Ihren erfolgreich absolvierten Bachelorabschluss als vielversprechenden Ausgangspunkt für Ihre berufliche Karriere oder bewerben Sie sich für den konsekutiven Master.\n\nHervorragende Services und Betreuung\nDas WiSo-Studienberatungszentrum berät Sie gerne persönlich über den Studienverlauf, der WiSo-Career-Service unterstützt Sie bei der Vorbereitung Ihres Berufseinstiegs.\n\nEngagiertes Studentenleben\nDas dynamische Campusleben und eine Vielzahl studentischer Initiativen (z.B. der internationale OFW-Kongress) ermöglichen es Ihnen, Einsatz und Engagemen', 'n und energiewirtschaftlichen Themen, die mich geprägt haben. Der Ruf und das Netzwerk der WiSo haben mir den Einstieg in den Beruf erleichtert. Die fundamentalen Fähigkeiten, die ich für meinen Beruf brauche und die mir von anspruchsvollen Lehrkräften an einer renommierten Hochschule vermittelt wurden, helfen mir bis heute. – Dr. Dirk Schmelzer, Chief Financial Officer der Scout 24 SE\n\n-\n\nIch bin stolz darauf, ein Alumnus der Wirtschafts- und Sozialwissenschaftlichen Fakultät der Universität zu Köln zu sein, an der ich ein Studium der Betriebswirtschaftslehre absolviert habe. Das Wissen, die Fähigkeiten und die Erfahrungen, die ich während meiner Zeit an der WiSo gesammelt habe, sind für meinen beruflichen Werdegang von unschätzbarem Wert gewesen. Ich empfehle ein Studium an der WiSo-Fakultät jedem, der eine umfassende Ausbildung und eine solide Grundlage für eine erfolgreiche Karriere in der Geschäftswelt sucht. – Henning Gieseke, Chief Financial Officer der Ströer Management AG\n\nHI\n\nzum Seitenanfang', 'en. Eine Orientierung zu weiteren Kosten Sie u.a. hier.\n\n## 5. Was zeichnet das Studium an der Wiso Fakultät aus?\n\nEin Studium an der WiSo-Fakultät der Universität zu Köln stellt eine hervorragende Ausgangsbasis für Ihre weiteren professionellen und persönlichen Pläne dar. Mit ca. 9.000 Studierenden und einer Vielzahl an Professuren und wissenschaftlichen Mitarbeitern ist die Fakultät eine der wissenschaftlich renommiertesten Fakultäten für Wirtschafts- und Sozialwissenschaften in Europa.\n\nEntscheidende Rankings bewerten die Qualität von Forschung und Lehre an Hochschulen und der Fakultätsentwicklung anhand verschiedener Kriterien. Die WiSo-Fakultät freut sich, ihre Position in vielen renommierten Rankings behaupten und in einigen Fällen ausbauen zu können.\n\nDie Verbindung von Forschung und Lehre, Theorie und Praxis, Wirtschafts- und Sozialwissenschaften begründet unser Leitbild: „Today\'s ideas. Tomorrow\'s impact". Innerhalb Ihres Studiums erarbeiten Sie mit Hilfe moderner Analysemethoden und Modelle neue Lösungsansätze für relevante wirtschafts- und sozialwissenschaftliche Zukunftsfragen.\n\nKöln ist nicht nur als Studienort eine attraktive Stadt. Sie ist weit über den Karneval hinaus für ihre vielfältige Kulturszene bekannt und stellt zusammen mit dem Umland einen der bedeutendsten Wirtschaftsstandorte in Deutschland dar.\n\n## Wenn Sie schon mal studiert haben\n\n## 1. Kann ich an der WiSo-Fakultät ein Studium aufnehmen, wenn ich einen gleichwertigen Studiengang bzw. eine dort v', 'herausragenden Netzwerks von Universitäten und kooperiert mit führenden Organisationen. Hierdurch haben wir eine hervorragende Reputation in Lehre, Forschung, und Praxistransfer der sich in unseren hervorragenden Rankings widerspiegelt.” Prof. Ulrich W. Thonemann, PhD Dekan der Wirtschafts- und Sozialwissenschaftlichen Fakultät © Lisa BellerZAHLEN UND FAKTEN DER WISO-FAKULTÄT Mit einem Studium an der WiSo-Fakultät der Universität zu Köln schaffen Sie sich eine hervorragende Basis für Ihren weiteren beruflichen und persönlichen Werdegang. Mit knapp 8.000 Studierenden und einer Vielzahl von Abteilungen und akademischen Mitarbeiter:innen ist die WiSo-Fakultät eine der größten und renommiertesten Einrichtungen für Management, Wirtschaft und Sozialwissenschaften in Europa. 8.735 nationale und internationale Studierende 168 Partneruniversitäten weltweit1 97 Professor:innen Über 100 Jahre an Erfahrung in exzellenter Lehre und Forschung Stand: Mai 2023 1 Die WiSo-Fakultät unterhält exzellente Partnerschaften mit 160 führenden Hochschulen auf der ganzen Welt auf verschiedenen Studienebenen und ermöglicht ihren Studierenden Auslandsaufenthalte im Rahmen verschiedener Studien- und Austauschprogramme. Die Studierenden können je nach gewähltem Studiengang aus einem attraktiven Angebot an Partnerhochschulen wählen.Im Rahmen Ihres Studiums erlernen Sie alles, was Sie für den nächsten Schritt in Ihrer Karriere benötigen. Als eine der größten Bildungseinrichtungen Deutschlands zählt die Fakul'] | H2: ['https://wiso.uni-koeln.de/de/studium/studienorganisation/erstsemester', 'https://wiso.uni-koeln.de/de/studium', 'https://wiso.uni-koeln.de/de/praxis/wisoalumni/tomorrows-impact', 'https://wiso.uni-koeln.de/de/studium/studienorganisation/faq/allgemeine-fragen', 'file://D:/Uni-Köln/Masterarbeit/Software/uzk-masterarbeit/data/pdf_cache/__wiso.uni-koeln.de_sites_fakultaet_dokumente_studium_bachelor_Broschuere-Bachelor_VWL-WiSo_Fakultaet-Uni-Koeln.pdf'] | I2: ['html', 'html', 'html', 'html', 'pdf'] | J2: 1 | K2: 1 | L2: 0.68 | M2: 0.75 | N2: =IFERROR(X2/(X2+Y2), 0) -> 0.45454545 | O2: 1 | P2: 0 | Q2: 0 | R2: 45.547115 | S2: 5 | T2: 45.547115 | U2: Student, Theorie- und methodenorientierter Studienansatz, Forschung, Lehre, Praxis, Praxisnähe, Langjährige Zusammenarbeit, WiSo-Fakultät, Unternehmen, Lehrbeauftragte, Berufsfelder | V2: Student, Forschung, Lehre, Praxis, WiSo-Fakultät | W2: Theorie- und methodenorientierter Studienansatz, Praxisnähe, Langjährige Zusammenarbeit, Unternehmen, Lehrbeauftragte, Berufsfelder | X2: 5 | Y2: 6 | Z2: Obwohl nicht die Gold-Referenz gefunden wurde, sind die Chunks sehr relevant. Im Grunde genommen zeigt dies, wie schwierig es ist tatsächlich ein RAG-System zu evaluieren. Der Testsatz ist bspw. Bei dieser Frage sehr gut auf den eigentlichen Inhalt zugeschnitten, aber die Gold-Referenz wird nicht gefetched. Stattdessen wird Context gefetched, der sehr relevant ist
A3: 8 | B3: Allgemein | C3: hard | D3: Welchen Vorteil bietet das Projekt E-PLUS? | E3: Das Projekt E-PLUS bietet mehrere Vorteile, darunter: * Eine höhere Motivation der Studierenden durch die Möglichkeit, Bonuspunkte zu sammeln und ihre Leistung in den Hausaufgaben zu verbessern. * Eine geringere Anzahl von Fehlern und Abbrüchen durch die Verwendung eines e-Hausaufgabensystems. Es ist jedoch wichtig zu beachten, dass diese Informationen aus der Universitäts-Wissensdatenbank stammen und möglicherweise nicht auf alle Studiengänge oder Semester anwendbar sind. Es wird empfohlen, sich direkt an die Studienberatung oder den zuständigen Dozenten zu wenden, um weitere Informationen zu erhalten. | F3: Das E-Assessment-Konzept von E-PLUS bietet den Vorteil, dass durch die von den Studierenden selbst eingebrachten, individuellen Aufgaben ein breit gefächerter Aufgabenpool entsteht, aus dem viele verschieden aufgebaute E-Probe-Klausuren zum intensiven Üben generiert werden können. Die Studierenden erhalten zu ihren Bearbeitungen direktes Feedback, können ihren Lernstand dadurch gezielt reflektieren und anpassen und Lehrende erkennen typische Schwachstellen, die sie in der Präsenzveranstaltung noch einmal aufgreifen. Gleichzeitig werden die eigentlichen Klausuren als individualisierte E-Prüfungen angeboten, die zeitlich sehr flexibel abgelegt werden können, sodass sich die Klausurtermine entzerren und der Prüfungsbetrieb organisatorisch wie administrativ entlastet wird. | G3: ['t further action is necessary.\n\nThe e-homework assignment tool also uses, if available, a bonus point system, which could have a positive effect on the mark for the final examination if the assignments are completed successfully. This increases student motivation and leads to lower fail and drop-out rates.\n\nThe e-homework assignment tool will be used by and by\xa0from winter semester 2017/18 on the following bachelor courses: "Basic Module Mathematics", "Basic Module Microeconomics", "Basic Module Statistics","Advanced Module Statistics" and "Basic Module Fundamentals of Economics". In the long term, the plan is to expand the project both within the Faculty and University-wide to take in other courses in which quantitative mathematical or statistical methods are applied.\n\n## AufbaU: Tasks in Business Administration classes\n\nThe aim of the project - led by Prof. Dr. Matthias Pilz, holder of the Chair for Business and Economic Education and Training - is to optimise application-oriented learning tasks on the mass bachelor degree programme in Business Administration and to expand lecturers’ task-construction skills.\nIn contrast to pure exercises, these learning tasks not only allow students to revise and practise what they have learned in the lectures, but also to develop new competencies, based on the application of the acquired knowledge to solve real problems.\n\nAs part of this project, the first step in the 2017 summer term was to analyse the existing learning tasks in selected', 'loped project management solutions. ... apply modern methods of project planning and project execution such as agile or help-based project management systems ... apply real options thinking to determine the value of uncertain projects. ... recommend project approaches to cope with uncertainty, complexity, and human behavior while accounting for the multidimensional goals of project stakeholders 4 Teaching and Learning Methods lecture practice 5 Module Entry Requirements Recommended: at least 12 ECTS credits from the group Foundation Knowledge 6 Mode of End-Of-Module Examination Written test: PO 7 Prerequisites for Awarding of Credit Points Passing the written test. 8 Other Programmes that Use the Module Master of Science Business Administration - Supply Chain Management: Specialization Section Supply Chain Management Master of Science Mathematik: MA Business and Economics Sciences Mathematics Master of Science Economics: Supplementary Section Master of Science Wirtschaftsmathematik: MA Business and Economics Sciences Mathematics --- Page 209 --- valid for students of the ER 2015 (enrolment for winter semester 2020/21 at the latest) MODULE CATALOGUE - ECONOMICS - MASTER OF SCIENCE 205 Master of Science International Management: Core and Advanced Section International Management Supplementary Section International Management Master of Education Wirtschaftspädagogik/Lehramt an Berufskollegs: Supplementary Section Business Education Master of Science Information Systems: Suppleme', 'nt: Supplementary Section Corporate Development Master of Science Information Systems: Specialisation Section Information Systems Master of Science Business Analytics & Econometrics: Supplementar y Section Business Analytics & Econometrics Master of Education Wirtschaftspädagogik/Lehramt an Berufskollegs: Ergänzungbereich Wirtschaftspädagogik 9 Module Manager Univ. -Prof. Dr. Wolf Ketter 10 Miscellaneous --- Page 116 --- valid for students of the ER 2021 (enrolment fr om winter semester 2021/22 ) BUSINESS ADMINISTRATION : ACCOUNTING AND TAXATION - MASTER OF SCIENCE 112 SpM Information Systems II Module Code 1277MSISY2 Workload 180h ECTS Credits 6 Module Language English Module Availability every term Duration 1 Term 1 Courses a) Emerging Electronic Business b) Digital Design c) IT Entrepreneurship d) Bayesian Data Analytics Contact Hours a) 45h b) 30h c) 50h d) 45h Self-Stu- dies a) 135h b) 150h c) 130h d) 135h Course Language a) English b) English c) English d) English 2 Module Content a) Emerging Electronic Business • Current IT trends and the transformation of electronic business into ""ambient business"" in the context of networked and computerised objects and environments (Internet of Things, smart En- vironments) • Conceptual basics of relevant technologies (inclu ding sensors, RFID, telecommunication) • Design and applications of smart environments • Design of intuitive human -computer interaction (HCI) • Context awareness and context -based services • Freely offering', 'eporting. ... analyse current questions and challenges in the area of sustainability/ESG reporting. ... assess and discuss findings and research results of specialized theories / methods. ... justify and defend (independently developed) positions or problem solutions. ... critically evaluate current social developments and develop alternative solutions. 4 Teaching and Learning Methods lecture practice 5 Module Entry Requirements none 6 Mode of End-Of-Module Examination Written test: WT (60) 7 Prerequisites for Awarding of Credit Points Passing the module examination 8 Other Programmes that Use the Module Master of Science Business Administration - Supply Chain Management: Supplementary Section Supply Chain Management Master of Science Business Administration - Marketing: Supplementary Section Marketing Master of Science Business Administration - Finance: Supplementary Section Finance Master of Science Information Systems: Supplementary Section Information Systems Master of Science Business Administration - Corporate Development: Supplementary Section Corporate Development Master of Science Informatik: Anwendungsfeld Master of Science Geographie: Wahlpflichtfach Management & Social Sciences --- Page 69 --- valid for students of the ER 2015 (enrolment for winter semester 2020/21 at the latest) BUSINESS ADMINISTRATION: Finance - MASTER OF SCIENCE 65 Master of Science Economics: Supplementary Section Management & Social Sciences Master of Science Mathematik: Economics Sciences Ma', 'e practice 5 Module Entry Requirements Recommendation: The basic modules Supply Ch ain Analytics I and II should have been completed. 6 Mode of End -Of-Module Examination Written test: PO 7 Prerequisites for Awarding of Credit Points Passing the module examination 8 Other Programmes that Use the Module Master of Science Business Administration - Supply Chain Management: Specialisation Section Supply Chain Management Master of Science Economics: Supplementary Section Management & Social Sciences Master of Science Business Administration - Accounting and Taxation: Supplementary Section Accounting and Taxation Master of Science Business Administration - Finance: Supplementary Section Finance Master of Science Business Administration - Marketing: Supplementary Section Marketing Master of Science Information Systems: Suppleme ntary Section Information Systems Master of Science Business Administration - Corporate Development: --- Page 85 --- valid for students of the ER 2021 (enrolment fr om winter semester 2021/22 ) INTERNATIONAL MANAGEMENT - MASTER OF SCIENCE 85 Supplementary Section Corporate Development Master of Science International Management: Supplementary Section International Management Master of Science Mathematik: Economics Sciences Master of Science Wirtschaftsmathematik: Economics Sciences Master of Science Informatik: Anwendungsfeld Master of Education Wirtschaftspädagogik/Lehramt an Berufskollegs: Ergänzungbereich Wirtschaftspädagogik 9 Module Manager Prof. Dr. Nico'] | H3: ['https://wiso.uni-koeln.de/en/studies/teaching-innovations', 'file://D:/Uni-Köln/Masterarbeit/Software/uzk-masterarbeit/data/pdf_cache/__wiso.uni-koeln.de_sites_fakultaet_dokumente_downloads_Modulhandbuecher_Studienjahr_22-23_MHB_PO2015_m_mhb_po2015_e_economics.pdf', 'file://D:/Uni-Köln/Masterarbeit/Software/uzk-masterarbeit/data/pdf_cache/__wiso.uni-koeln.de_sites_fakultaet_dokumente_downloads_master_Studienjahr_24-25_m_mhb_po2021_e_ba_accounting.pdf', 'file://D:/Uni-Köln/Masterarbeit/Software/uzk-masterarbeit/data/pdf_cache/__wiso.uni-koeln.de_sites_fakultaet_dokumente_downloads_Modulhandbuecher_Studienjahr_22-23_MHB_PO2015_m_mhb_po2015_e_ba_finance.pdf', 'file://D:/Uni-Köln/Masterarbeit/Software/uzk-masterarbeit/data/pdf_cache/__wiso.uni-koeln.de_sites_fakultaet_dokumente_downloads_master_Studienjahr_24-25_m_mhb_po2021_e_intmanagement.pdf'] | I3: ['html', 'pdf', 'pdf', 'pdf', 'pdf'] | J3: 0.5 | K3: 0 | L3: 1 | M3: 0 | N3: =IFERROR(X3/(X3+Y3), 0) -> 0 | O3: 0 | P3: 0 | Q3: 0 | R3: 10.0105 | S3: 5 | T3: 10.0105 | Z3: Ein gutes Beispiel, wie Context-Precision durch LLM versagt. E-PLUS klingt ähnlich wie E-homework und somit wird es als "relevant" eingestuft, obwohl es das nicht ist. Das LLM kann diesen Unterschied aber nicht erkennen. Zusätzlich dazu werden Chunks nicht gefetched, da SEMANTISCHE ÄHNLICHKEIT zu niedrig --> hybrid-search könnte hier sehr gut Abhilfe schaffen
A4: 11 | B4: Modulhandbuch/PO | C4: medium | D4: Welche Bachelorstudiengänge der WiSo-Fakultät haben ein eigenes Modulhandbuch unter PO 2021? | E4: Basierend auf den Suchergebnissen können die folgenden Bachelorstudiengänge der WiSo-Fakultät ein eigenes Modulhandbuch unter PO 2021 haben: * Betriebswirtschaftslehre (BWL) Bitte beachten Sie, dass diese Informationen basieren auf den Suchergebnissen und möglicherweise nicht vollständig oder aktuell sind. Es ist immer ratsam, direkt bei der Universität zu überprüfen, ob die Informationen noch gültig sind. | F4: Für das Studienjahr 2025/26 gibt es unter der Bachelor PO 2021 Modulhandbücher für Betriebswirtschaftslehre, Volkswirtschaftslehre, Management, Economics and Social Sciences, Sozialwissenschaften, Gesundheitsökonomie, Wirtschaftsinformatik sowie Lehramt am Berufskolleg I. | G4: ['# Modulhandbuch-Archiv\n\nHier Sie die Modulhandbücher (MHB) aller WiSo-Studiengänge vergangener Studienjahre ab dem Studienjahr 2021/22. Bitte beachten Sie, dass diese MHB keine Gültigkeit mehr besitzen.\xa0\n\n## Inhaltsverzeichnis\n\n- Bachelor\n\n- Bachelor PO 2021\n- Bachelor PO 2015\n\xa0\n\n- Master\n\n- Master PO 2021\n- Master PO 2015\n\nAchten Sie zudem auch auf die entsprechende Prüfungsordnung (PO). Die PO 2021 gilt ab dem Studienjahr 2021/22; die PO 2015 ist für Masterstudiengänge im Studienjahr 2022/23 ausgelaufen und für Bachelorstudiengänge zum Studienjahr 2024/25.\n\n\xa0\n\nFalls Sie ein MHB aus einem anderen Studienjahr benötigen, dann können Sie sich gerne über das Kontaktformular an den WiSo Student Service Point wenden.\n\n## Bachelor PO 2021\n\n## Bachelor Modulhandbücher | gültig vom 01.10.2024-30.09.2025\n\nNachfolgend Sie für jeden Bachelorstudiengang\xa0das Modulhandbuch der Prüfungsordnung PO 2021 gültig für das Studienjahr 2024/25.\n\n- Betriebswirtschaftslehre\n- Volkswirtschaftslehre\n- Management, Economics and Social Sciences\n- Sozialwissenschaften\n- Gesundheitsökonomie\n- Wirtschaftsinformatik\n- Lehramt am Berufskolleg I\n\n## Bachelor Modulhandbücher | gültig vom 01.10.2023-30.09.2024\n\nNachfolgend Sie für jeden Bachelorstudiengang\xa0das Modulhandbuch der Prüfungsordnung PO 2021 gültig für das Studienjahr 2023/24.\n\n- Betriebswirtschaftslehre\n- Volkswirtschaftslehre\n- Management, Economics and Social Sciences\n- Sozialwissenschaften\n- Gesundheitsökonomie\n- Wirtschaftsinformatik\n- Lehramt am', 'Dokumente und Medien - Prüfungsordnung 2021\n\n# Bachelor PO 2021\n\nHier Sie alle wichtigen Dokumente, die Sie zur Orientierung und für die Organisation Ihres Studiums benötigen.\xa0\n\nGültig für Studierende der Prüfungsordnung 2021 (Einschreibung ab WiSe 2021/22).\n\nIm Modulhandbuch-Archiv Sie die Modulhandbücher vergangener Studienjahre.\n\n## Bachelor Modulhandbücher | gültig vom 01.10.2025-30.09.2026\n\nNachfolgend Sie für jeden Bachelorstudiengang\xa0das Modulhandbuch der Prüfungsordnung PO 2021 gültig ab dem 01.10.2025.\n\n- Betriebswirtschaftslehre\n- Volkswirtschaftslehre\n- Management, Economics and Social Sciences\n- Sozialwissenschaften\n- Gesundheitsökonomie\n- Wirtschaftsinformatik\n- Lehramt am Berufskolleg I\n\n## Prüfungsordnungen PO 2021\n\nIm Download-Bereich des Prüfungsamtes Sie die gemeinsame Prüfungsordnung der WiSo-Studiengänge, sowie die zusätzliche Bachelorprüfungsordnung.\n\nHI\n\nzum Seitenanfang', 'von vorstrukturierten Kontexten. ... begr ünden und bewerten eigenst ändig erarbeitete Positionen. ... gestalten ihre Lern- und Arbeitsprozesse eigenst ändig. ... kennen und verstehen die relevanten Methoden und Theorien zu den zuvor unter "Inhalte des Moduls" genannten Punkten. 4 Lehr - und Lernformen Seminar 5 Modulvoraussetzungen keine 6 Form der Modulabschlusspr üfung Schriftliche Prü fung: PO 7 Voraussetzungen f ür die Vergabe von Leistungspunkten Bestehen der Modulabschlusspr üfung 8 Verwendung des Moduls (in anderen Studieng ängen) Bachelor of Science Management, Economics and Social Sciences: Schwerpunktbereich Management, Economics and Social Sciences Bachelor of Science Betriebswirtschaftslehre: Schwerpunktbereich Betriebswirtschaftslehre Bachelor of Science Wirtschafts informatik: Ergänzungsbereich Wirtschaftsinformatik Bachelor of Science Sozialwissenschaften: Ergänzungsbereich Sozialwissenschaften Bachelor of Science Volkswirtschaftslehre: Schwerpunkt Studienrichtung BWL Bachelor of Science Wirtschaftsinformatik (ab WS24/25): Ergänzungsbereich Wirtschaftsinformatik Bachelor of Arts Medienwissenschaft: Media and Technology Management 9 Modulbeauftragte/r Univ. -Prof. Dr. ‘ Claudia Loebbecke, M.B.A. --- Page 122 --- Gültig für Studierende der PO 2021 (Einschreibung ab WiSe 2021/22) MODULHANDBUCH - WIRTSCHAFTSINFORMATIK - BACHELOR OF SCIENCE 122 10 Sonstige Informationen --- Page 123 --- Gültig für Studierende der PO 2021 (Einschreibung ab WiSe 2021/22) MODULHANDBU', 'e Schwerpunktbereich: 48 von 168 LP d) Note Bachelorarbeit: 18 von 168 LP. 1.8 Modularität Die Fachgruppen der Bachelorstudiengänge sind in Module gegliedert, wobei die Modulinhalte in den dazugehörenden Modulbeschreibungen dargelegt sind. Das Bachelormodulhandbuch ist auf der Homepage der WiSo -Fakultät im Downloadbereich einsehbar . Die erfolgreiche Teilnahme an Modulen wird durch die Vergabe von Leistungspunkten auf der Grundlage von erfolgreich absolvierten Prüfungsleistungen nachgewiesen. Die Modulprüfungen werden studienbegleitend abgelegt. Ein Modul setzt sich aus verschiedenen Teilen zusammen und ist in der Regel in einem oder zwei Semestern abschließbar. Diese Information finden Sie im Feld „ Moduldauer “ der Modulbeschreibung. Ein Modul kann entweder aus einer Vorlesung, einer Übung und ggf. einem Tutorium zum gleichen Thema bestehen. Zudem gibt es Module, die nur eine Veranstaltung, z.B. ein Seminar, umfassen. Außerdem gibt es Module, in denen mehrere verschiedene Veranstaltung en zur Wahl angeboten werden, von denen eine oder auch mehrere absolviert werden müssen. In diesem Fall kann sich die Prüfung auf eine Veranstaltung oder auf die Inhalte mehrerer Veranstaltung en beziehen. Bitte beachten Sie bei der Studienplanung, dass nicht jedes Modul jedes Semester angeboten wird, diese Information finden Sie im Feld „Turnus“ der Modulbeschreibung. --- Page 17 --- Gültig für Studierende der PO 2021 (Einschreibung ab WiSe 2021/22) MODULHANDBUCH - SOZIALWISSENSCHAFTEN - BA', 'ungsmodul RE Referat FS Fallstudie SM Schwerpunktmodul HA Hausarbeit SSt Selbststudium K Kontaktzeit (= Präsenzzeit in LV) SWS Semesterwochenstunde KL Klausur SI Studium Integrale LP Leistungspunkt (engl.: CP) VN Vor- und Nachbereitungszeit LV Lehrveranstaltung WP Wahlpflichtveranstaltung MP Mündliche Prüfung WL Workload = Arbeitsaufwand --- Page 4 --- Gültig für Studierende der PO 2021 (Einschreibung ab WiSe 2021/22) MODULHANDBUCH – BETRIEBSWIRTSCHAFTSLEHRE – BACHELOR OF SCIENCE 4 Inhaltsverzeichnis 1 BETRIEBSWIRTSCHAFTSL EHRE ................................ ................................ ..... 5 1.1 Inhalte und Studienziele ................................ ................................ ........................... 5 1.2 Voraussetzungen ................................ ................................ ................................ .... 7 1.3 Studienaufbau und -abfolge ................................ ................................ .................... 7 1.4 Study Abroad Option ................................ ................................ ............................... 8 1.4.1 Das Studies Abroad Programme (STAP) der WiSo -Fakultät ................................ . 9 1.4.2 Anrechnungsmöglichkeiten Studies Abroad ................................ ......................... 10 1.5 Musterstudienpläne ................................ ................................ ................................ 10 1.6 Midterm Regelung ................................ ............'] | H4: ['https://wiso.uni-koeln.de/de/studium/modulhandbuecher-und-pruefungsordnungen/modulhandbuch-archiv', 'https://wiso.uni-koeln.de/de/studium/modulhandbuecher-und-pruefungsordnungen/bachelor-po-2021', 'file://D:/Uni-Köln/Masterarbeit/Software/uzk-masterarbeit/data/pdf_cache/__wiso.uni-koeln.de_sites_fakultaet_dokumente_downloads_bachelor_b_mhb_po2021_winfo.pdf', 'file://D:/Uni-Köln/Masterarbeit/Software/uzk-masterarbeit/data/pdf_cache/__wiso.uni-koeln.de_sites_fakultaet_dokumente_downloads_bachelor_b_mhb_po2021_sowi.pdf', 'file://D:/Uni-Köln/Masterarbeit/Software/uzk-masterarbeit/data/pdf_cache/__wiso.uni-koeln.de_sites_fakultaet_dokumente_downloads_Modulhandbuecher_Studienjahr_22-23_MHB_PO2021_b_mhb_po2021_bwl_01.pdf'] | I4: ['html', 'html', 'pdf', 'pdf', 'pdf'] | J4: =0.5 -> 0.5 | K4: 1 | L4: 1 | M4: 0.5 | N4: =IFERROR(X4/(X4+Y4), 0) -> 0.27272727 | O4: 0.5 | P4: 0.5 | Q4: 1 | R4: 9.473851 | S4: 5 | T4: 9.473851 | U4: Studienjahr 2025 / 2026, Bachelor PO 2021, Betriebswirtschaftslehre, Volkswirtschaftslehre, Management, Economics and Social Sciences, Sozialwissenschaften, Gesundheitsökonomie, Wirtschaftsinformatik, Lehramt am Berufskolleg I., Modulhandbuch | V4: Modulhandbuch, Bachelor PO 2021, Betriebswirtschaftslehre | X4: 3 | Y4: 8
A5: 17 | B5: Bachelor-Studium | C5: easy | D5: Welche Bachelorstudiengänge bietet WiSo-Fakultät allgemein an? | E5: Basierend auf den Suchergebnissen kann ich sagen, dass die WiSo-Fakultät der Universität zu Köln folgende Bachelorstudiengänge anbietet: * Betriebswirtschaftslehre (BWL) * Volkswirtschaftslehre (VWL) Diese Informationen sind jedoch möglicherweise nicht vollständig oder aktuell. Ich empfehle, sich direkt bei der Universität zu informieren, um die genauesten und neuesten Informationen zu erhalten. Wenn Sie weitere Fragen haben oder mehr über diese Studiengänge erfahren möchten, stehe ich Ihnen gerne zur Verfügung! | F5: Die WiSo-Fakultät bietet folgende Bachelorprogramme an: Betriebswirtschaftslehre, Volkswirtschaftslehre, Sozialwissenschaften, Management, Economics & Social Sciences, Wirtschaftsinformatik, Gesundheitsökonomie sowie der Lehramts-Bachelor. | G5: ['# Bachelorstudium: FAQ\n\nHier beantworten wir alle Fragen rund um die Bachelorstudiengänge der WiSo-Fakultät. Die Fragen beziehen sich einerseits auf die Aufnahme eines Studiums bei uns (Studienentscheidung, Voraussetzungen für ein Studium allgemein, Hochschulwechsel, Anrechnungsoptionen) sowie auch auf Aspekte während des Studiums (Wahl von Spezialisierungen, Anmeldung zu Prüfungen etc.)\n\nBitte wählen Sie also, ob Sie eine Frage zur Studienwahl/Bewerbung haben oder etwas zum Studium wissen wollen und klicken Sie den entsprechenden Bereich an!\n\nHI\n\nzum Seitenanfang', 'Studiengänge an der WiSo-Fakultät\n\n# Bachelorstudiengänge\n\nSchaffen Sie sich eine exzellente Basis für Ihre weitere Karriere!\n\nEin wirtschafts- oder sozialwissenschaftlicher Bachelor-Abschluss ebnet Ihnen Ihren individuellen Karriereweg – egal, ob Sie direkt nach dem Bachelor in den Beruf einsteigen, ein Trainee-Programm absolvieren oder Sie sich für einen weiterführenden Masterstudiengang entscheiden. Sie den Bachelor-Studiengang, der zu Ihnen passt und studieren Sie an einer top-gerankten Universität in einer pulsierenden Stadt.\n\n## Inhaltsverzeichnis\n\n- Spitzenpositionen in Rankings\n- Attraktiver Standort\n- Chat with Paco\n- Unsere Bachelorstudiengänge im Überblick\n- Weitere Bachelorstudiengänge\n- Auslaufende Bachelorstudiengänge\n\n## Spitzenpositionen in Rankings\n\nDie WiSo-Fakultät kombiniert Theorie und Praxis. Die Bachelor-Studiengänge sind interdisziplinär ausgerichtet und fördern den Wissenstausch sowohl unter den Studierenden als auch zwischen den Disziplinen. Auch dank der innovativen Lehre und der exzellenten Forschung schneidet die Fakultät in nationalen als auch internationalen Hochsschulrankings bestens ab.\n\n## Attraktiver Standort\n\nKöln ist für seine Lebensfreude, Toleranz und Weltoffenheit bekannt. Die Metropolregion ist nicht nur als Wissenschaftsstandort interessant, sondern bietet Studierenden auch eine breite Palette von Kontaktmöglichkeiten zur beruflichen Praxis. Die Region Region über einen attraktiven und zukunftsfähigen Branchenmix, in dem unter anderem', "# Bachelor's programme: FAQ\n\nHere we answer all questions about the Bachelor's degree programmes of the WiSo Faculty. On the one hand, the questions relate to taking up a degree programme with us (study decision, requirements for a degree programme in general, change of university, credit transfer options) and also to aspects during the degree programme (choice of specialisations, registration for examinations, etc.).\n\nSo please choose whether you have a question about the choice of study/application or want to know something about studying and click on the corresponding area!\n\nHI\n\nTo top of page", 'nge\n\n### Bachelorstudiengänge mit WiSo-Beteiligung\n\nNeben den Bachelorstudiengängen der WiSo-Fakultät gibt es auch weitere Studiengänge mit WiSo-Beteiligung. Die WiSo-Fakultät bietet in den folgenden Verbundstudiengängen Wahlpflichtfächer an, die Studiengänge starten alle nur zum Wintersemester:\n\n## Verbundstudiengänge mit WiSo-Beteiligung (Philosophische Fakultät)\n\nFachliche Fragen zu Ihrem Wahlpflichtfach beantwortet gerne der WiSo Student Service Point. Für alle anderen Fragen wenden Sie sich bitte an das Prüfungsamt und den Studierendenservice der Philosophischen Fakultät.\n\n- Bachelorstudiengang Regionalstudien China: Wahlpflichtfächer „Betriebswirtschaftslehre“, „Sozialwissenschaften“ und „Volkswirtschaftslehre“\n- Bachelorstudiengang Regionalstudien Lateinamerika: Wahlpflichtfächer „Sozialwissenschaften“ und „Volkswirtschaftslehre“\n- Bachelorstudiengang Regionalstudien Ost- und Mitteleuropa: Wahlpflichtfächer „Sozialwissenschaften“ und „Volkswirtschaftslehre“\n- Bachelorstudiengang Medienwissenschaft: Wahlpflichtfach „Medienmanagement und Medienökonomie"\n\n\xa0\n\n## Mathematik und Wirtschaftsmathematik (Mathematisch-Naturwissenschaftliche Fakultät)\n\n- Bachelorstudiengang Wirtschaftsmathematik (Nebenfächer "Wirtschaftswissenschaften" oder "Volkswirtschaftslehre")\n- Bachelorstudiengang Mathematik (Nebenfächer "Wirtschaftswissenschaften" oder "Volkswirtschaftslehre")\n\n## Geographie (Mathematisch-Naturwissenschaftliche Fakultät)\n\nAllgemeine Informationen zum B.Sc. Geographie Sie a', 'chtsfach "Wirtschaftswissenschaften" in Kombination mit einem anderen Unterrichtsfach, welches nicht an der WiSo-Fakultät angesiedelt ist.\nNur die Bachelorstudiengänge Betriebs- und Volkswirtschaftslehre werden zum Winter- und Sommersemester angeboten, alle übrigen Bachelorstudiengänge starten nur zum Wintersemester.\n\nDie Philosophische Fakultät bietet folgende Verbundstudiengänge an, die ein wirtschafts- und sozialwissenschaftliches Wahlpflichtfach umfassen, welches dann an der WiSo-Fakultät verortet ist:\n\n- Medienwissenschaften\n- Regionalstudien China\n- Regionalstudien Ost- und Mitteleuropa\n- Regionalstudien Lateinamerika\n\nZudem gibt es noch einige andere Studiengänge, in denen in verschiedenem Umfang Leistungen in Neben- oder Ergänzungsfächern an der WiSo-Fakultät studiert werden dürfen.\nAn der Mathematisch-Naturwissenschaftlichen Fakultät sind das:\n\n- Mathematik und Wirtschaftsmathe (Nebenfächer Wirtschaftswissenschaften oder VWL)\n- Geographie (Nebenfächer BWL, VWL oder SOWI)\n\nAn der Humanwissenschaftlichen Fakultät ist das der Studiengang:\n\n- Psychologie (Interdisziplinäre Vernetzung BWL oder VWL oder Sozialwissenschaften)\n\n## 3. Welche Masterstudiengänge können an der WiSo-Fakultät studiert werden?\n\nFolgenden Masterstudiengänge werden an der WiSo-Fakultät angeboten:\n\n- Business Administration (mit 5 verschiedenen Spezialisierungen)\n- International Management (CEMS MIM)\n- Business Analytics and Econometrics\n- Economics\n- Economic Research\n- Politikwissenschaft\n- Sociolog'] | H5: ['https://wiso.uni-koeln.de/de/studium/studienorganisation/faq/bachelor', 'https://wiso.uni-koeln.de/de/studium/bachelor', 'https://wiso.uni-koeln.de/en/studies/organising-your-studies/faq/bachelor', 'https://wiso.uni-koeln.de/de/studium/bachelor', 'https://wiso.uni-koeln.de/de/studium/studienorganisation/faq/allgemeine-fragen'] | I5: ['html', 'html', 'html', 'html', 'html'] | J5: =2/3 -> 0.66666667 | K5: =3/9 -> 0.33333333 | L5: 0.325 | M5: 0.5 | N5: =IFERROR(X5/(X5+Y5), 0) -> 0.33333333 | O5: 0.5 | P5: 0.5 | Q5: 1 | R5: 7.7230635 | S5: 5 | T5: 7.7230635 | U5: Bachelorprogramme, Betriebswirtschaftslehre, Volkswirtschaftslehre, Sozialwissenschaften, Management, Economics & Social Sciences, Wirtschaftsinformatik, Gesundheitsökonomie, Lehramts-Bachelor | V5: Bachelorprogramm / Bachelorstudiengang, Betriebswirtschaftslehre, Volkswirtschaftslehre | W5: Sozialwissenschaften, Management, Economics & Social Sciences, Wirtschaftsinformatik, Gesundheitsökonomie, Lehramts-Bachelor | X5: 3 | Y5: 6 | Z5: Claims: "basierend auf Suchergebnissen (es sind nicht alle in den Suchergebnissen genannt)", True: "die aufgeführten"
A6: 20 | B6: Bachelor-Studium | C6: hard | D6: Welche Verbundstudiengänge mit WiSo-Beteiligung werden angeboten? | E6: Die WiSo-Fakultät bietet in verschiedenen Verbundstudiengängen Wahlpflichtfächer an. Dazu gehören: * Wirtschaftsmathe (Nebenfächer Wirtschaftswissenschaften oder VWL) * Mathematik (Nebenfächer Wirtschaftswissenschaften oder VWL) Diese Studiengänge starten alle nur zum Wintersemester. Für weitere Informationen können Sie sich an den WiSo Student Service Point wenden. | F6: Es werden folgende Verbundstudiengänge der Philosophischen Fakultät angeboten: Bachelorstudiengang Regionalstudien China, Bachelorstudiengang Regionalstudien Lateinamerika, Bachelorstudiengang Regionalstudien Ost- und Mitteleuropa, Bachelorstudiengang Medienwissenschaft, Bachelorstudiengang Wirtschaftsmathematik, Bachelorstudiengang Mathematik, Bachelor Geographie, Bachelor Klinische Pflege | G6: ['nge\n\n### Bachelorstudiengänge mit WiSo-Beteiligung\n\nNeben den Bachelorstudiengängen der WiSo-Fakultät gibt es auch weitere Studiengänge mit WiSo-Beteiligung. Die WiSo-Fakultät bietet in den folgenden Verbundstudiengängen Wahlpflichtfächer an, die Studiengänge starten alle nur zum Wintersemester:\n\n## Verbundstudiengänge mit WiSo-Beteiligung (Philosophische Fakultät)\n\nFachliche Fragen zu Ihrem Wahlpflichtfach beantwortet gerne der WiSo Student Service Point. Für alle anderen Fragen wenden Sie sich bitte an das Prüfungsamt und den Studierendenservice der Philosophischen Fakultät.\n\n- Bachelorstudiengang Regionalstudien China: Wahlpflichtfächer „Betriebswirtschaftslehre“, „Sozialwissenschaften“ und „Volkswirtschaftslehre“\n- Bachelorstudiengang Regionalstudien Lateinamerika: Wahlpflichtfächer „Sozialwissenschaften“ und „Volkswirtschaftslehre“\n- Bachelorstudiengang Regionalstudien Ost- und Mitteleuropa: Wahlpflichtfächer „Sozialwissenschaften“ und „Volkswirtschaftslehre“\n- Bachelorstudiengang Medienwissenschaft: Wahlpflichtfach „Medienmanagement und Medienökonomie"\n\n\xa0\n\n## Mathematik und Wirtschaftsmathematik (Mathematisch-Naturwissenschaftliche Fakultät)\n\n- Bachelorstudiengang Wirtschaftsmathematik (Nebenfächer "Wirtschaftswissenschaften" oder "Volkswirtschaftslehre")\n- Bachelorstudiengang Mathematik (Nebenfächer "Wirtschaftswissenschaften" oder "Volkswirtschaftslehre")\n\n## Geographie (Mathematisch-Naturwissenschaftliche Fakultät)\n\nAllgemeine Informationen zum B.Sc. Geographie Sie a', 'n denen in verschiedenem Umfang Leistungen in Neben- oder Ergänzungsfächern studiert werden dürfen:\n\n- Wirtschaftsmathe (Nebenfächer Wirtschaftswissenschaften oder VWL)\n- Mathematik (Nebenfächer Wirtschaftswissenschaften oder VWL)\n\nZu all diesen Bereichen Sie hier die nötigen Informationen, wenn Sie auf den entsprechenden Bereich klicken.\n\nzum Seitenanfang\n\n## Verbundstudiengänge mit WiSo-Beteiligung (Philosophische Fakultät)\n\nGesamtübersichten über die WiSo-Wahlpflichtfächer in den Verbundstudiengängen der Philosophischen Fakultät:\n\n- Masterstudiengang Regionalstudien China: Wahlpflichtfächer „Betriebswirtschaftslehre, „Sozialwissenschaften“ und „Volkswirtschaftslehre“\n- Masterstudiengänge Regionalstudien Lateinamerika und Ost- und Mitteleuropa: Wahlpflichtfächer "Volkswirtschaftslehre" und "Sozialwissenschaften"\n- Masterstudiengang Medienwissenschaft: Wahlpflichtfach „Medienmanagement und Medienökonomie"\xa0\n\nVerbindliche Hinweise zu den Prüfungsordnungen Sie auf den\xa0Websites des Prüfungsamtes der Philosophischen Fakultät.\xa0\n\nZu Beginn Ihres Studiums müssen Sie sich einmalig beim Prüfungsamt der Philosophischen Fakultät registrieren, um sich für Prüfungen anmelden zu können. Bitte wenden Sie sich an die dortigen MitarbeiterInnen. Die Anmeldung für Modulabschlussprüfungen der WiSo-Module erfolgt dann in KLIPS 2.0.\n\nDie Anmeldung zu Veranstaltungen erfolgt i.d.R. in der zweiten KLIPS-Belegphase.\n\nFür Veranstaltungen\xa0der Wirtschafts- und Sozialgeographie ist ggf. auch eine Anmeldu', "ter-Infotag teilzunehmen. Nutzen Sie die Gelegenheit, mehr über die WiSo-Fakultät zu erfahren, die Studienprogramme zu erkunden und wertvolle Einblicke von Professor:innen, aktuellen Studierenden und Alumni zu gewinnen.\n\n## Inhaltsverzeichnis\n\n- Unsere Masterprogramme in der Übersicht\n- Masterstudiengänge mit WiSo-Beteiligung\n- Weitere Master der PO 2015\n\n## Unsere Masterprogramme in der Übersicht\n\n## International Management (CEMS MIM)\n\n## Business Administration\n\n## Double Master's Programme in Business Administration\n\n## Business Analytics & Econometrics\n\n## Economics\n\n## Double Master's Programme in Economics\n\n## Economic Research\n\n## Gesundheitsökonomie\n\n## Double Master's Programme in Health Economics and Management\n\n## Information Systems\n\n## Political Science\n\n## Double Master's Programme in European Studies\n\n## Sociology\n\n## Double Master's Programme in Demography and Social Inequality\n\n## Wirtschaftspädagogik\n\nzum Seitenanfang\n\n## Masterstudiengänge mit WiSo-Beteiligung\n\nAn der WiSo-Fakultät werden Wahlpflichtfächer zu den folgenden Verbund-Master der Philosophischen Fakultät studiert:\n\n- Medienwissenschaft\n- Regionalstudien China\n- Regionalstudien Lateinamerika\n- Regionalstudien Ost- und Mitteleuropa\n\nWeitere Informationen zu diesen Studiengängen erhalten Sie auf den Seiten der Philosophischen Fakultät.\n\nAuch in den Masterstudiengängen\n\n- Mathematik und\n- Wirtschaftsmathematik\n\nder Mathemathisch-Naturwissenschaftlichen Fakultät kann ein Nebenfach an der WiSo-Fakult", '# Bachelorstudium: FAQ\n\nHier beantworten wir alle Fragen rund um die Bachelorstudiengänge der WiSo-Fakultät. Die Fragen beziehen sich einerseits auf die Aufnahme eines Studiums bei uns (Studienentscheidung, Voraussetzungen für ein Studium allgemein, Hochschulwechsel, Anrechnungsoptionen) sowie auch auf Aspekte während des Studiums (Wahl von Spezialisierungen, Anmeldung zu Prüfungen etc.)\n\nBitte wählen Sie also, ob Sie eine Frage zur Studienwahl/Bewerbung haben oder etwas zum Studium wissen wollen und klicken Sie den entsprechenden Bereich an!\n\nHI\n\nzum Seitenanfang', 'lstudien Ost- und Mitteleuropa\n\nWeitere Informationen zu diesen Studiengängen erhalten Sie auf den Seiten der Philosophischen Fakultät.\n\nAuch in den Masterstudiengängen\n\n- Mathematik und\n- Wirtschaftsmathematik\n\nder Mathemathisch-Naturwissenschaftlichen Fakultät kann ein Nebenfach an der WiSo-Fakultät belegt werden. Weitere Infos hierzu erhalten Sie auf den Seiten des Mathematischen Instituts der Mathematisch-Naturwissenschatlichen Fakultät.\n\nBitte beachten Sie, dass die WiSo-Fakultät nicht für die Zulassung zu den o.g. Studiengängen verantwortlich ist. Diese erfolgt über die jeweils zuständigen Fakultäten. Informieren Sie sich bitte dort über eventuelle Zugangsvoraussetzungen und Bewerbungsverfahren.\n\nFachliche Fragen zu Ihrem Wahlpflichtfach beantwortet gerne der WiSo Student Service Point. Für alle anderen Fragen wenden Sie sich bitte an das Prüfungsamt und den Studierendenservice der Philosophischen Fakultät.\n\n## Weitere Master der PO 2015\n\nDie Philosophische Fakultät bietet Verbundstudiengänge an (Medienwissenschaften und Regionalstudien), die ein recht umfangreiches wirtschafts- und sozialwissenschaftliches Nebenfach umfassen.\n\nZudem gibt es noch einige andere Studiengänge, in denen in verschiedenem Umfang Leistungen in Neben- oder Ergänzungsfächern studiert werden dürfen:\n\n- Wirtschaftsmathe (Nebenfächer Wirtschaftswissenschaften oder VWL)\n- Mathematik (Nebenfächer Wirtschaftswissenschaften oder VWL)\n\nZu all diesen Bereichen Sie hier die nötigen Informationen, wenn Sie'] | H6: ['https://wiso.uni-koeln.de/de/studium/bachelor', 'https://wiso.uni-koeln.de/de/studium/master', 'https://wiso.uni-koeln.de/de/studium/master', 'https://wiso.uni-koeln.de/de/studium/studienorganisation/faq/bachelor', 'https://wiso.uni-koeln.de/de/studium/master'] | I6: ['html', 'html', 'html', 'html', 'html'] | J6: 0.9 | K6: 0.75 | L6: 1 | M6: 0.5 | N6: 0.25 | O6: 0.8 | P6: 1 | Q6: 1 | R6: 8.765487 | S6: 5 | T6: 8.765487 | Z6: Es sind nicht ALLE aufgelistet Fehler in der Frage (nur Bachelorstudiengänge sind gemeint!) --> Frage ist also nicht präzise genug formuliert, was aber auch in der Realität passieren kann
A7: 30 | B7: Master-Studium | C7: easy | D7: Wo finden Interessierte studiengangsspezifische Informationen zu einzelnen WiSo-Masterprogrammen, etwa zum Master Information Systems? | E7: Interessierte können studiengangsspezifische Informationen zu einzelnen WiSo-Masterprogrammen, wie dem Master Information Systems, auf der Universitäts-Website finden. Dort sind alle wichtigen Details zum Aufbau des Studiums, den inneren Zusammenhängen und den Anmeldemodalitäten zu Veranstaltungen und Prüfungen enthalten. Zusätzlich können die Informationen aus der Prüfungsordnung und dem Mastermodulhandbuch der WiSo-Fakultät eingesehen werden. Es ist auch möglich, sich an das WiSo-Studienberatungszentrum zu wenden, um weitere Fragen zu klären. | F7: Studiengangsspezifische Informationen zu den einzelnen WiSo-Masterprogrammen findest du auf der Master-Bewerbungsseite im Abschnitt „Studiengangsspezifische Informationen“. Dort sind alle Masterstudiengänge – unter anderem auch der Master Information Systems – jeweils mit eigenen Informationsseiten verlinkt. | G7: ['ergebnissen die Möglichkeit für ein Promotions-Aufbaustudium (Ph.D.).\n\nGleichzeitig ist der Master in Information Systems natürlich eine hervorragende Basis für die Bewerbung auf Graduiertenstudiengänge an anderen nationalen und internationalen Universitäten.\n\n\xa0\n\n##### .\n\n## Bewerbung\n\n\xa0\n\nAlle Infos zur Masterbewerbung an der WiSo-Fakultät.\n\n## Weitere Informationen und Kontakt\n\nWir unterstützen Sie gerne bei Ihren Ambitionen:\n\nBei Interesse oder Fragen zu unseren WiSo-Studiengängen helfen die Studienberater:innen im WiSo Student Service Point gerne weiter:\n\n- WiSo Student Service Point Hotline: +49 (0) 221/470-8818\n- www.wiso-studentservice.uni-koeln.de\n\nHI\n\nzum Seitenanfang', 'en bietet sich ein breites Feld spannender Forschungsaufgaben schon im Rahmen der Lehre, etwa im Bereich Social (Media) Network Analysis oder Nachhaltigkeit.\n\nDer vom KIWI getragene Masterstudiengang „Information Systems“ bietet mit den drei Schwerpunkten Business Analytics and Data Science, Digital Innovation and Entrepreneurship und Digital Sustainable Society ein interdisziplinär ausgelegtes Programm. Neben exzellenten Berufsaussichten vermittelt es Studierenden praktisches und theoretisches Handwerkszeug, sich in Wirtschaft, Gesellschaft oder Forschung den aktuellen gesellschaftlichen Herausforderungen zu stellen.\n\nWir gratulieren zu der herausragenden Platzierung!\n\n- Ranking-Zusammenfassung (WiSo-Fakultät)\n- Zum Ranking (Association for Information Systems) [(Anmeldung erforderlich. Einstellungen: Journals: “AIS8”, Years: “Last 5 Years”, Region: “Europe, Africa, Middle East”]\n- Kölner Institut für Wirtschaftsinformatik (KIWI)\n- Master Information Systems der Wiso-Fakultät\n\nZurück\n\n#### Social-Media-Kanäle der WiSo-Fakultät\n\n[ follow us! ]\n\nHI\n\nzum Seitenanfang', 'en Dokument detaillierter dargestellt wird : \uf0b7 Medieninformatik \uf0b7 Medienmanagement und Medienökonomie \uf0b7 Medienrecht Im nachfolgenden Dokument sind wichtige Angaben zum Aufbau, den inneren Zusammenhängen und den Anmeldemodalitäten zu Veranstaltungen und Prüfungen des Faches Medienmanagement enthalten. Zusätzlich zu unseren Hinweisen und Empfehlungen für eine erfolgreiche Studiengestaltung haben wir Informationen aus der Prüfungsordnung und dem Mastermodulhandbuch der WiSo -Fakultät eingebunden (z. B. zu Leistungspun kten oder Pflicht - und Wahlveranstaltungen)1. Durch diese Informationen werden Sie in die Lage versetzt - insbesondere zu Studienbeginn - informierte Wahlentscheidungen treffen zu können. Wir wünschen Ihnen einen guten Studienstart und freuen uns darauf, Sie auch an der WiSo - Fakultät herzlich begrüßen zu dürfen! Ihr Team vom WiSo -Studienberatungszentrum 1 Ohne Gewähr --- Page 4 --- WiSo -Wahlpflichtfächer des Masterstudiengangs Medienwissenschaft 4 2. Zulassungsvoraussetzungen Die genauen Zugangsvoraussetzungen (Link) zum Masterstudiengang Medienwissenschaft entnehmen Sie bitte der Homepage der Philosophischen Fakultät: http://phil -fak.uni - koeln.de/31766.html . Sollten S ie weitere Fragen zu den Zugangsvoraussetzungen für diesen Masterstudiengang haben, wenden Sie sich bitte an die Studienberatung der Philosophischen Fakultät studienberatung -philfak@uni -koeln.de und deren Fachberater *innen: Liste der Fachberaterinnen und Fachberater 3. Aufbau Der Master s', '# Masterstudium: FAQ\n\nHier beantworten wir alle Fragen rund um die Masterstudiengänge der WiSo-Fakultät. Die Fragen beziehen sich einerseits auf die Aufnahme eines Studiums bei uns (Zugangsvoraussetzungen, Bewerbungs- und Auswahlverfahren, Einschreibung) sowie auch auf Aspekte während des Studiums (Wahl von Spezialisierungen, Anmeldung zu Prüfungen etc.). Sollten Sie Fragen haben, die weder über unsere Homepage noch die FAQ beantwortet werden, können Sie sich gerne an das WiSo-Studienberatungszentrum wenden.\n\n#\n\nZugangsvoraussetzungen und Bewerbung\n\n#\n\nFragen im Masterstudium\n\nHI\n\nzum Seitenanfang', 'from a wide range of WiSo Faculty courses.\n- With the master’s thesis for the successful completion of your studies, you underline the knowledge and skills you have acquired throughout the programme and are ready to continue your career as an expert in your field.\n\nFurther details on the structure of the degree programme, such as course of study recommendations and module descriptions, can be found in the Module Catalogue.\n\n- Information and regulations relevant to the examination can be found in the examination regulations.\n\nIf you started your studies before 2021, please select the appropriate documents in the document overview.\n\n## Organising your Studies\n\nStudying requires a high degree of self-organisation. Well-prepared and properly informed, you will manage your studies with ease. In the following, we have compiled links to helpful information, relevant tools and counselling centres for you.\n\n## First semester students\n\n## Inspections for the examinations\n\n## Course and Examination Management: KLIPS\n\n## Certificates\n\n## Financing\n\n## Stays Abroad\n\n## FAQ\n\n## Study spaces\n\n## UoC-wide services for enroled international students\n\nHI\n\nTo top of page'] | H7: ['https://wiso.uni-koeln.de/de/studium/master/master-information-systems', 'https://wiso.uni-koeln.de/de/aktuelles-und-neuigkeiten/news-einzelansicht/bestplatzierung-fuer-koelner-institut-fuer-wirtschaftsinformatik', 'file://D:/Uni-Köln/Masterarbeit/Software/uzk-masterarbeit/data/pdf_cache/__wiso.uni-koeln.de_sites_fakultaet_dokumente_downloads_master_UEbersicht_MA_Medien_po2015.pdf', 'https://wiso.uni-koeln.de/de/studium/studienorganisation/faq/master', 'https://wiso.uni-koeln.de/en/studies/master/master-business-administration/marketing/programme-structure-marketing'] | I7: ['html', 'html', 'pdf', 'html', 'html'] | J7: =2/6 -> 0.33333333 | K7: 0 | L7: 0.75 | M7: 0.25 | N7: =IFERROR(X7/(X7+Y7), 0) -> 0 | O7: 0.25 | P7: 0 | Q7: 0 | R7: 9.9265642 | S7: 5 | T7: 9.9265642 | Z7: Frage wird aus Validation entfernt und ersetzt. Zusätzlich wird die Frage im Testset angepasst. Selbst als Mensch habe ich große Probleme diese Frage wirklich akkurat zu beantworten
A8: 33 | B8: Studiengang spezifisch | C8: easy | D8: Welche Bewerbungsfrist gilt für den Master Studiengang Information Systems? | E8: Die Bewerbungsfrist für den Master Studiengang Information Systems ist von Mitte April bis zum 15. Juni. Bitte bewerben Sie sich ausschließlich online über das Campusmanagement System. Wenn Sie weitere Informationen benötigen, empfehle ich Ihnen, die offizielle Website der Universität zu besuchen oder Kontakt mit der Studienberatung aufzunehmen. | F8: Für den Masterstudiengang Information Systems gilt eine Bewerbungsfrist bis zum 15. Juni | G8: ['Master of Science\n\n# Master Information Systems\n\nDoppelqualifikation in Betriebswirtschaftslehre und Informatik\n\nDiese Website wird derzeit bis voraussichtlich Dezember für das Bewerbungsverfahren 2026 überarbeitet.\xa0\n\nWenn Sie sich\xa0über spezifische Details in dem\xa0Masterstudiengang Information Systems informieren möchten, klicken Sie bitte\xa0hier.\n\n## Informationen zur Bewerbung\n\n## Bewerbungsfrist\n\nAb Mitte April bis zum 15. Juni bewerben Sie sich ausschließlich online über das Campusmanagement System\xa0KLIPS.\n\n- Alle fachlichen und sprachlichen Anforderungen müssen zum Zeitpunkt der Bewerbung erfüllt sein.\n- Alle erforderlichen Unterlagen müssen zum Zeitpunkt der Bewerbung eingereicht werden.\n- Nachgereichte Unterlagen nach Ablauf der Bewerbungsfrist werden nicht akzeptiert.\n\n## Fachliche Anforderungen\n\nUm am Auswahlverfahren teilzunehmen, müssen folgende fachliche Anforderungen erfüllt sein:\n\nAbgeschlossenes Bachelorstudium\nAbgeschlossenes Bachelorstudium, das dem ausgewählten Masterstudium fachlich entspricht.\n\nBei nicht abgeschlossenem Bachelorstudium müssen mindestens 80% der zu erwerbenden Leistungspunkte erfolgreich erbracht sein. Die noch ausstehenden Leistungen sind bis spätestens 30. September zu absolvieren.\n\nBachelornote keine Mindestnote\n\nfachliche Zugangsvoraussetzungen\n\nHinweise zur Einordnung der Kurse\n\n1. mindestens 20 ECTS aus dem Fachgebiet Information Systems bzw. Wirtschaftsinformatik\n2. mindestens 30 ECTS aus dem Fachgebiet Wirtschaftswissenschaften\n3. minde', "Master of Science\n\n# Master Information Systems\n\nDouble Qualification in Business Studies and Computer Science\n\nThis website is currently being revised for the 2026 application process and is expected to be completed in December.\n\nIf you would like to find out more about the specific details of the master's programme Information Systems, please click here.\n\n## Application information\n\n## Application deadline\n\nFrom mid-April until 15 June, you apply exclusively online via the campus management system\xa0KLIPS.\n\n- At the time of application, all subject and language requirements must be met.\n- At the time of application, all documents must be provided in either German or in English.\n- Documents submitted after the application deadline will not be accepted.\n\n## Subject-related requirements\n\nTo take part in the selection procedure, the subject-related admission requirements must be met:\n\nCompleted bachelor's degree\nCompleted Bachelor's degree programme that corresponds to the subject of the selected Master's degree programme.\n\nIf you have not completed your bachelor's degree, at least 80% of the credit points to be earned must be completed. The pending examinations must be completed by 30 September at the latest.\n\nBachelor's grade no minimum grade required\n\nSubject-related requirements\n\nspecifications on the allocation of courses to the subject areas\n\n1. at least\xa020 ECTS credits in the field of Infomation Systems\n2. at\xa0least 30 ECTS credits in\xa0the field of Business Administration an", 'Master of Science\n\n# Master International Management (CEMS MIM)\n\nDer Schlüssel für Ihre zukünftige Karriere in einem globalen Arbeitsumfeld\n\nDiese Website wird derzeit bis voraussichtlich Dezember für das Bewerbungsverfahren 2026 überarbeitet.\xa0\n\nWenn Sie\xa0sich über spezifische Details in dem Masterstudiengang International Management (CEMS MIM) informieren möchten, klicken Sie bitte\xa0hier.\n\n## Informationen zur Bewerbung\n\n## Bewerbungsfrist\n\nAb Mitte Januar bis zum 31. März bewerben Sie sich ausschließlich online über das Campusmanagement System\xa0KLIPS.\n\n- Alle fachlichen und sprachlichen Anforderungen müssen zum Zeitpunkt der Bewerbung erfüllt sein.\n- Alle erforderlichen Unterlagen müssen zum Zeitpunkt der Bewerbung eingereicht werden.\n- Nachgereichte Unterlagen nach Ablauf der Bewerbungsfrist werden nicht akzeptiert.\n\n## Fachliche Anforderungen\n\nUm am Auswahlverfahren teilzunehmen, müssen folgende fachliche Anforderungen erfüllt sein:\n\nAbgeschlossenes Bachelorstudium\nAbgeschlossenes Bachelorstudium, das dem ausgewählten Masterstudium fachlich entspricht.\n\nBei nicht abgeschlossenem Bachelorstudium müssen mindestens 70 % der zu erwerbenden Leistungspunkte erfolgreich erbracht sein. Die noch ausstehenden Leistungen sind bis spätestens 30. September zu absolvieren.\n\nBachelornote mindestens 2,5\n\nfachliche Zugangsvoraussetzungen\n\nHinweise zur Einordnung der Kurse\n\n1. mindestens 48 ECTS aus dem Fachgebiet Betriebswirtschaftslehre\n2. mindestens 10 ECTS aus dem Fachgebiet Volkswirtscha', "Master of Science\n\n# Master International Management (CEMS MIM)\n\nThe key to your future career in a global business environment\n\nThis website is currently being revised for the 2026 application process and is expected to be completed in December.\n\nIf you would like to find out more about the specific details of the master's programme International Management (CEMS MIM), please click here.\n\n## Application information\n\n## Application deadline\n\nFrom mid-January until 31 March, you apply exclusively online via the campus management system\xa0KLIPS.\n\n- At the time of application, all subject and language requirements must be met.\n- At the time of application, all documents must be provided in either German or in English.\n- Documents submitted after the application deadline will not be accepted.\n\n## Subject-related requirements\n\nTo take part in the selection procedure, the subject-related admission requirements must be met:\n\nCompleted bachelor's degree\nCompleted Bachelor's degree programme that corresponds to the subject of the selected Master's degree programme.\n\nIf you have not completed your bachelor's degree, at least 70% of the credit points to be earned must be completed. The pending examinations must be completed by 30 September at the latest.\n\nBachelor's grade at least 2.5 (German grading system)\n\nSubject-related requirements\n\nspecifications on the allocation of courses to the subject areas\n\n1. at least 48 ECTS in the field of Business Administration/ Management\n2. at least 10", 'Master of Science\n\n# Master Information Systems\n\nDoppelqualifikation in Betriebswirtschaftslehre und Informatik\n\n## Inhaltsverzeichnis\n\n- Überblick\n- Ihre Vorteile auf einen Blick\n- Für wen ist das Programm geeignet?\n- Programmübersicht\n- Akademische Exzellenz mit internationalem Angebot\n- Karrieremöglichkeiten\n- Bewerbung\n- Weitere Informationen und Kontakt\n\nWenn Sie bereits den Masterstudiengang Information Systems absolvieren und sich über spezifische Details informieren möchten, besuchen Sie bitte die Seite zum Studienaufbau.\n\n## Überblick\n\nAbschluss: Master of Science\n\nDauer 4 Semester, Vollzeit\n\nCredits: 120 ECTS\n\nSprache: Englisch und Deutsch (in ausgewählten Kursen)\n\nInhalt: Interdisziplinäre Disziplin der Betriebswirtschaftslehre und Informatik, die sich mit der Konzeption, Entwicklung und Anwendung von Informationssystemen in Wirtschaft, Verwaltung und zunehmend auch im privaten Bereich beschäftigt.\n\nInternational: Auslandssemester, Summer School (optional)\n\nBewerbungsfrist: 15.06.\n\n## Master-Virtueller Infotag\n\nBitte HIER ANMELDEN, um am virtuellen Master-Infotag teilzunehmen. Nutzen Sie die Gelegenheit, mehr über die WiSo-Fakultät zu erfahren, die Studienprogramme zu erkunden und wertvolle Einblicke von Professor:innen, aktuellen Studierenden und Alumni zu gewinnen.\n\n## Ihre Vorteile auf einen Blick:\n\n- theoretische und methodische Grundlagen für die Auseinandersetzung mit zentralen Themen wie Data Science, digitale Transformation und Innovation, Prozesse und Gesc'] | H8: ['https://wiso.uni-koeln.de/de/studium/bewerbung/master/master-information-systems', 'https://wiso.uni-koeln.de/en/studies/application/master/master-information-systems', 'https://wiso.uni-koeln.de/de/studium/bewerbung/master/master-international-management-cems-mim', 'https://wiso.uni-koeln.de/en/studies/application/master/master-international-management-cems-mim', 'https://wiso.uni-koeln.de/de/studium/master/master-information-systems'] | I8: ['html', 'html', 'html', 'html', 'html'] | J8: 0.5 | K8: 1 | L8: 0.87 | M8: 0.75 | N8: 1 | O8: 0.75 | P8: 0.2 | Q8: 1 | R8: 8.1560135 | S8: 5 | T8: 8.1560135
A9: 34 | B9: Studiengang spezifisch | C9: medium | D9: Welche zentralen Kompetenzen und Themen werden für den Master Information Systems an der WiSo-Köln hervorgehoben? | E9: Basierend auf den Suchergebnissen kann ich sagen, dass für den Master Information Systems an der WiSo-Köln folgende zentralen Kompetenzen und Themen hervorgehoben werden: 1. **Digitale Transformation**: Die Fähigkeit, Unternehmen und Organisationen in der digitalen Welt zu unterstützen. 2. **Informationssysteme**: Die Planung, Entwicklung und Implementierung von Informationssystemen, um Geschäftsprozesse zu optimieren. 3. **Data Science**: Die Analyse und Interpretation von Daten, um Entscheidungen zu treffen und Prozesse zu verbessern. 4. **IT-Sicherheit**: Die Sicherstellung der IT-Sicherheit und Datenschutz in Unternehmen und Organisationen. 5. **Agilität und Flexibilität**: Die Fähigkeit, sich an veränderte Anforderungen und Bedürfnisse anzupassen. Diese Kompetenzen und Themen werden im Master Information Systems an der WiSo-Köln durch eine praxisorientierte Ausbildung und enge Zusammenarbeit mit Unternehmen und Organisationen vermittelt. | F9: Im Master Information Systems erwirbst du theoretische und methodische Grundlagen, um zentrale Themen wie Data Science, digitale Transformation und Innovation, Prozesse und Geschäftsmodelle sowie Lösungen für eine nachhaltige Gesellschaft zu bearbeiten. Gleichzeitig wirst du im interdisziplinären Bereich der Wirtschaftsinformatik ausgebildet und erwirbst die auf dem Arbeitsmarkt gefragte Schlüsselfähigkeit, Betriebswirtschaft und Informatik miteinander zu verbinden. | G9: ["cellent training in research methods is one of the strong points of the Cologne Master in Political Science.\n\n##### .\n\n## Application\n\n\xa0\n\nAll information about the Master's application at the WiSo Faculty.\n\n## Detailed information and contact\n\nWe are happy to support you in your ambitions:\n\nIf you are interested in or have questions about our WiSo degree programmes, the student advisors at the\xa0WiSo Student Service Point\xa0 will be happy to help:\n\n- WiSo Student Service Point hotline: +49 (0) 221/470-8818\n- www.wiso-studentservice.uni-koeln.de\n\nHI\n\nTo top of page", 'Master of Science\n\n# Master International Management (CEMS MIM)\n\n## Programmstruktur und Organisation\n\nHier Sie detaillierte Informationen zum Aufbau des Master-Studiengangs und hilfreiche Links zur Organisation Ihres Master-Studiums.\n\nvergrößern: Curriculum Master International Management (CEMS MIM) der WiSo-Fakultät\n\nDiese tabellarische Übersicht Sie auch im aktuellen Modulhandbuch für den Master of Science International Management (CEMS MIM).\n\n## Spezialisierung\n\nIm Kern des Studiums be sich drei inhaltsorientierte Elemente: Globale Strategie, globale Führungskraft und Unternehmensprojekte mit Unternehmens- und sozialen Partner*innen.\n\n- Globale Strategie befähigt die Studierenden die internationale Geschäftswelt zu verstehen und erfolgreich zu handhaben.\n- Globale Führungskraft stattet die Studierenden mit dem Wissen und den Fähigkeiten aus, Menschen über Grenzen hinweg und in multinationalen Teams zu führen, und schafft so kulturell versierte Individuen, die Einfühlungsvermögen zeigen und mit verschiedenen Kulturen in Beziehung treten und interagieren können.\n- Abschließend, Unternehmensprojekte, die mit Unternehmens- und sozialen Partner*innen durchgeführt werden, ermöglichen es den Studierenden Theorie und Praxis in kulturell diversen Teams zu integrieren, während Sie Unternehmensproblematiken in allen Bereichen behandeln.\n\nAußerhalb der Kernelemente bietet der CEMS MIM an der Universität zu Köln eine exzellente Vielfalt an Wahlmodulen aus den Bereichen Betriebswirtsch', 'ergebnissen die Möglichkeit für ein Promotions-Aufbaustudium (Ph.D.).\n\nGleichzeitig ist der Master in Information Systems natürlich eine hervorragende Basis für die Bewerbung auf Graduiertenstudiengänge an anderen nationalen und internationalen Universitäten.\n\n\xa0\n\n##### .\n\n## Bewerbung\n\n\xa0\n\nAlle Infos zur Masterbewerbung an der WiSo-Fakultät.\n\n## Weitere Informationen und Kontakt\n\nWir unterstützen Sie gerne bei Ihren Ambitionen:\n\nBei Interesse oder Fragen zu unseren WiSo-Studiengängen helfen die Studienberater:innen im WiSo Student Service Point gerne weiter:\n\n- WiSo Student Service Point Hotline: +49 (0) 221/470-8818\n- www.wiso-studentservice.uni-koeln.de\n\nHI\n\nzum Seitenanfang', "Master of Science\n\n# Master International Management (CEMS MIM)\n\n## Programme Structure and Organisation\n\nHere you will find detailed information on the structure of the Master's programme and helpful links to organise your studies.\n\nexpand: Curriculum Master International Management (CEMS MIM) of the WiSo faculty\n\nYou can also find this tabular overview in the current Module Catalogue for the Master of Science International Management (CEMS MIM).\n\n## Specialisation\n\nAt the core of the programme are three content elements: Global Strategy, Global Leadership and Business Projects with corporate and social partners.\n\n- Global Strategy enables students to understand and navigate the international business environment.\n- Global Leadership equips students with the knowledge and skills to manage people across borders and within multinational teams, creating culturally savvy individuals that show empathy and can relate to and interact with different cultures.\n- Finally, the Business Projects, conducted with corporate and social partners, allow students to integrate theory and practice in culturally diverse teams, while tackling real business issues across a wide range of fields.\n\nOutside of these core elements, the CEMS MIM at the University of Cologne offers an unexcelled variety of electives across business administration, economics, political science, psychology and sociology. Further modules include an international internship, an international academic exchange and the training", 'rozess. Zudem organisiert der WiSo-Career -Service Seminare, Vorträge und zielgerichtete Angebote in Kooperation mit Arbeitgeber /innen , exter- nen und internen Expert/innen und bietet gemeinsam mit den fakultäts - und universitätsinter- nen Partner /innen bei der Berufsfindungsphase Unterstützung und gezi elte Hilfestellung an. Kurse zu Standardsoftware und fachspezifischen Programme bietet der WiSo -IT-Service regelmäßig an. Bei studienbedingten oder persönlichen Schwierigkeiten kan n die Psycho -Soziale Beratung des Kölner Studier endenwerks in Anspruch genommen werden. Sie bietet neben der psy- --- Page 14 --- Gültig für Studierende der PO 2021 (Einschreibung ab WiSe 2021/22) INTERNATIONAL MANAGEMENT - MASTER OF SCIENCE 10 chologischen und der Sozialberatung auch eine Schreib- sowie Lernberatung und Unterstüt- zung für Schwangere und Studierende mit Kind. Als weiteres Angebot gibt es die Nightline Köln, das Zuhör - und Informationstelefon von Studierenden für Studierende. Es ist ein Angebot an alle Studierenden der Kölner Universitä- ten und Hochschulen. Die Fachschaft WiSo ist die Interessensvertretung aller Studierenden der WiSo-Fakultät. Neben Beratungen von Studierenden für Studierende bietet sie außerdem vielfältige Ser-vices rund um das Studium an. Weitere Informationen finden sich unter wiso-buero.uni- koeln.de. --- Page 15 --- Gültig für Studierende der PO 2021 (Einschreibung ab WiSe 2021/22) INTERNATIONAL MANAGEMENT - MASTER OF SCIENCE 11 3 Modultabellen und Mod'] | H9: ['https://wiso.uni-koeln.de/en/studies/master/master-political-science', 'https://wiso.uni-koeln.de/de/studium/master/master-international-management-cems-mim/studienaufbau', 'https://wiso.uni-koeln.de/de/studium/master/master-information-systems', 'https://wiso.uni-koeln.de/en/studies/master/master-international-management-cems-mim/programme-structure-cems-mim', 'file://D:/Uni-Köln/Masterarbeit/Software/uzk-masterarbeit/data/pdf_cache/__wiso.uni-koeln.de_sites_fakultaet_dokumente_downloads_Modulhandbuecher_Studienjahr_22-23_MHB_PO2021_m_mhb_po2021_intmanagement.pdf'] | I9: ['html', 'html', 'html', 'html', 'pdf'] | J9: 0 | K9: 0 | L9: 0 | M9: 0.5 | N9: 0 | O9: 1 | P9: 0.33333333 | Q9: 1 | R9: 11.905723 | S9: 5 | T9: 11.905723
A10: 64 | B10: FAQ | C10: medium | D10: Mein Abiturschnitt erfüllt nicht den NC vom letzten Bewerbungsverfahren für einen WiSo-Bachelorstudiengang. Macht eine Bewerbung trotzdem Sinn? | E10: Es tut mir leid, aber ich konnte keine passenden Informationen finden. Wenn du dich für einen WiSo-Bachelorstudiengang bewerben möchtest, obwohl dein Abiturschnitt nicht den NC vom letzten Bewerbungsverfahren erfüllt, ist es immer noch sinnvoll, sich zu bewerben. Die Universität zu Köln bietet eine Vielzahl von Möglichkeiten, um deine Chancen auf Zulassung zu verbessern. Hier sind einige mögliche Schritte: 1. **Überprüfe die Anforderungen**: Stelle sicher, dass du alle Anforderungen für den gewünschten Studiengang erfüllst. 2. **Kontaktiere die Studienberatung**: Die Studienberatung kann dir helfen, deine Chancen auf Zulassung zu verbessern und dir Tipps geben, wie du dich besser vorbereiten kannst. 3. **Bewerte deine Leistungen**: Wenn dein Abiturschnitt nicht den NC erfüllt, solltest du deine Leistungen in anderen Bereichen bewerten, wie z.B. deiner Arbeitserfahrung oder deiner Sprachkenntnisse. Es ist wichtig zu beachten, dass die Zulassungsvoraussetzungen für jeden Studiengang unterschiedlich sind und sich regelmäßig ändern können. Es lohnt sich also, immer aktuelle Informationen einzuholen. Wenn du weitere Fragen hast oder Hilfe benötigst, stehe ich gerne zur Verfügung. | F10: Ja, eine Bewerbung kann sich trotzdem lohnen. Die Bachelorstudiengänge an der WiSo-Fakultät sind zwar alle zulassungsbeschränkt, aber der NC entsteht in jedem Verfahren neu. 80 % der Studienplätze werden über die Hochschulquote der Universität zu Köln und 20 % über die Abiturbestennote vergeben. Zusätzlich können bis zu sechs Wartesemester berücksichtigt werden. Informationen zum örtlichen Auswahlverfahren findest du beim Studierendensekretariat, Ausnahmen sind nur über Sonder- oder Härtefallanträge möglich. Die NC-Werte der vergangenen Jahre sind für zukünftige Verfahren nicht verbindlich, erfahrungsgemäß bewegen sie sich aber in einem ähnlichen Bereich. Grundsätzlich empfiehlt die Fakultät, sich zu bewerben, weil du nur im offiziellen Bewerbungsverfahren eine verbindliche Rückmeldung über eine Zulassung oder Ablehnung erhältst. | G10: ['en Sie sich bewerben.\n\n## 1.3 Kann ich fehlende ECTS mit meiner Bachelorarbeit ausgleichen?\n\nEs ist nicht möglich, die Bachelorarbeit zur Erfüllung der fachlichen Zugangskriterien zu verwenden.\xa0\xa0\n\n## 1.4 Ich habe mein Bachelorstudium noch nicht beendet, kann ich mich trotzdem bewerben?\n\nJa, eine Bewerbung kann auch mit einem nicht abgeschlossenem Bachelorstudium unter folgenden Bedingungen erfolgen:\n\nEs ist zu beachten, dass die jeweiligen fachlichen Zugangskriterien derjenigen Masterprogramme auf, die eine Bewerbung erfolgen soll, bereits beim Absenden der Bewerbung durch bestandene Bachelorleistungen erfüllt sein muss.\xa0\n\nDer Nachweis über die erbrachten Leistungspunkte muss durch ein Dokument ersichtlich sein. Weiterhin benötigen wir eine von der Hochschule errechnete Durchschnittsnote, in der alle bereits erfolgreich absolvierten Leistungen eingerechnet sind.\n\nFür International Management (CEMS MIM) und Economic Research:\n\nMindestens 70% der zu erwerbenden Leistungspunkte (126 von 180 ECTS) sind bereits erbracht worden. Noch ausstehende Leistungen müssen bis zum 30. September abgelegt werden.\xa0\n\nFür Business Administration, Business Analytics & Econometrics, Economics, Information Systems, Gesundheitsökonomie, Political Science, Sociology: Social and Economic Psychology, Sociology: Social Research:\n\nMindestens 80% der zu erwerbenden Leistungspunkte (144 von 180 ECTS) sind bereits erbracht worden. Noch ausstehende Leistungen müssen bis zum 30. September abgelegt werden.\xa0\n\n##', 'gilt, falls Sie eine nach der Prüfungsordnung erforderliche Prüfung endgültig nicht bestanden haben. Dies gilt entsprechend für verwandte oder vergleichbare Studiengänge. In diesen Fällen wenden Sie sich bitte vor einer Bewerbung an den Masterzulassungsausschuss. Dafür können Sie uns eine E-Mail senden. Wir leiten diese an die zuständige*n Kolleg*innen des Zulassungsausschusses weiter.\n\n## 1.9 Ich habe einen Doppelbachelorabschluss. Was muss ich beachten?\n\nEs ist ein Transcript of Records einzureichen, auf welchem alle Noten des gesamten Studiums aufgelistet sind. Falls das Studium noch nicht abgeschlossen ist, benötigen wir einen von der Hochschule ausgestellten Nachweis, aus dem die Durchschnittsnote aller bis dahin bestandene Leistungen hervorgeht.\n\n- Wurde die Leistungsübersicht von der ausländischen Hochschule ausgestellt, wird eine VPD benötigt (siehe Punkt 3 "Bewerbung über Uni-Assist").\n- Wurde die Leistungsübersicht von der deutschen Hochschule mit einer Note nach deutschem Notensystem ausgestellt, wird keine VPD benötigt.\n\n## 1.10 Welche Gründe gibt es, dass eine Bewerbung abgelehnt wird?\n\n- Die fachlichen Zugangskriterien wurden nicht erfüllt.\n- Die sprachlichen Anforderungen wurden nicht erfüllt.\n- Die Mindestnote wurde nicht erreicht.\n- Die Bewerbung ist unvollständig: falsche oder fehlende Dokumente.\n- Bei der Bewerbung wurde ein Masterabschluss als Grundlage für die Bewerbung eingereicht.\n- Keine gültige VPD\xa0(nur bei Bewerbungen mit nicht-deutschem Bachelorabs', 'Halten Sie angemessene Seitenränder (4cm links und 3cm rechts) ein. • Benutzen Sie übersichtliche Bewerbungsmappen. • Vermeiden Sie Klarsichthüllen. • Vermeiden Sie Flecken oder Eselsohren. • Verwenden Sie zum Versand einen stabilen DIN -A4-Umschlag mit kartonier tem Rücken. • Achten Sie auf eine ausreichende Frankierung. Die Initiativbewerbung Unter einer Initiativbewerbung wird das unaufgeforderte Zusenden von Bewerbungsunterlagen verstanden: Sie bewerben sich bei einem Unternehmen, ohne dass es im Vorfeld eine Ausschreibung gegeben hat. Ihre Vorteile bei einer Initiativbewerbung liegen auf der Hand: • Sie haben so gut wie keine Konkurrenz. • Ihre Bewerbung erhält angemessene Aufmerksamkeit und geht nicht in einer Flut von Bewerbungen unter. • Sie zeigen Eigenschaften, die sich ein Unternehmen wünscht: Selbstbewusstsein, Eigeninitiative und Motivation. • Sie sind nicht auf eine Stellenausschreibung festgelegt und können Formulierungen in Ihrem Anschreiben frei wählen. Bevor Sie einem Unternehmen initiativ Ihre Unterlagen zukommen lassen, nehmen Sie Kontakt zur Personalabteilung des Unternehmens auf und sondieren Sie zum einen Ihren potentiellen Ansprechpartner und zum anderen den derzeitigen Personalbedarf des Unternehmens. Auf diesem Wege schließen Sie aus, dass Ihre Init iativbewerbung unerwünscht ist. Inhaltlich unterscheidet sich die Initiativbewerbung kaum von einer normalen Bewerbung, außer dass in einer Initiativbewerbung die Motivation, gerade bei dem ausgewählten', 'isse haben Sie, die für die angestrebte Tätigkeit von Vorteil s ind? Wie können Sie Ihre Ressourcen gewinnbringend einsetzen? Fach- und Methodenkompetenz: Welchen Nutzen hat das Unternehmen bezüglich Ihrer Fachkenntnisse? ACHTUNG: Eine dritte Seite ist unter Personalverantwortlichen bekannt, jedoch nicht gleichermaßen geschätzt. Überlegen Sie sich, ob Ihre Bewerbung ohne eine „Dritte Seite“ auskommt. Nur um der „Dritten Seite“ Willen lohnt es sich nicht, diese einzufügen. Der ursprüngliche Sinn, sich von anderen Bewerbern mit Hilfe dieser Seite abzuheben, ist nicht mehr gegeben, da die „Dritte Seite“ in Bewerbungsmappen weit verbreitet ist. Hilfreich kann eine „Dritte Seite“ für folgende Personenkreise sein: • Auszubildende: Diese können auf der Extraseite schildern, welche Erfahrungen ihnen gezeigt haben, dass der anvi sierte Ausbildungsberuf der Richtige ist. Zukünftige Azubis können von ihren Erfahrungen/ Praktika außerhalb der Schule berichten. Diese „Dritte Seite“ ist ein Motivationsschreiben. • Führungskräfte: Diese können auf der „Dritten Seite“ ihre Tätigkeiten umreißen, um ihren Lebenslauf nicht hoffnungslos zu überladen. Punkte wie Verantwortungsbereiche, Kernaufgaben und Projekte in denen sie mitgewirkt haben, werden stichpunktartig genannt. Diese „Dritte Seite“ ist eine Art „Tätigkeitsbilanz“ oder „Leistungsbilanz“. • Menschen mit einem Zickzack -Lebenslauf: Diesen hilft die „Dritte Seite“, einen roten Faden in das Durcheinander zu bringen. Sie können aus allen Tä', 'e chair of the relevant examination board may, for valid reasons, refrain from --- Page 26 --- 28 grading the examination performance as ‘unsatisfactory (5.0)’ or ‘fail’. 2The reasons put forward for the default or withdrawal must be reported and substantiated immediately to the chair of the relevant examination committee in writing or electronically as indicated by the relevant examination committee on the examination offic e’s website. 3The same applies if an examination is not completed within the allotted examination time. 4In the event of illness, a doctor’s note is required. 5If there is any doubt, a medical attestation may be requested; the university will cover the costs. 6The same applies in cases where a examination candidate’s child, spouse, registered partner, direct relative or first -degree rel- ative by marriage is proven to be ill and requires care. 7All other matters are regulated by the relevant examination committee. Section 17 Reasonable adjustments and protective provisions (1) In order to ensure equal opportunities, the special interests of students with disabilities, chronic or mental illnesses, or who are subject to the provisions of maternity protection law, shall be taken into account. (2) 1If an examination candidate credibly demonstrates that they are unable to participate in an examination in the intended form or to the intended extent due to prolonged or permanent illness or disability, they shall be granted reasonable adjustments upon submission'] | H10: ['https://wiso.uni-koeln.de/de/studium/bewerbung/master/faqs-zulassungsordnungen', 'https://wiso.uni-koeln.de/de/studium/bewerbung/master/faqs-zulassungsordnungen', 'file://D:/Uni-Köln/Masterarbeit/Software/uzk-masterarbeit/data/pdf_cache/__wiso.uni-koeln.de_sites_wiso_career_pdf_Allgemeines_UEbergreifendes_Bewerbungshilfen_Bewerbungstipps_ProfC.pdf', 'file://D:/Uni-Köln/Masterarbeit/Software/uzk-masterarbeit/data/pdf_cache/__wiso.uni-koeln.de_sites_wiso_career_pdf_Allgemeines_UEbergreifendes_Bewerbungshilfen_Bewerbungstipps_ProfC.pdf', 'file://D:/Uni-Köln/Masterarbeit/Software/uzk-masterarbeit/data/pdf_cache/__wiso.uni-koeln.de_sites_fakultaet_dokumente_PA_po_GPO_2025_english.pdf'] | I10: ['html', 'html', 'pdf', 'pdf', 'pdf'] | J10: 0 | K10: 0 | L10: 0 | M10: 0 | N10: =IFERROR(X10/(X10+Y10), 0) -> 0 | O10: 0 | P10: 0 | Q10: 0 | R10: 19.495185 | S10: 5 | T10: 19.495185
